target_date,horizon,y,lag_365,is_hol,lgbm_l2,lgbm_q,xgb,cat,lgbm_bag,v3_2stage,dow
2026-04-01,1,6286.0,6047.0,0,6627.765473596608,6519.217819860567,6661.918,6758.936200465272,6668.116714427327,6627.765473596608,2
2026-04-02,1,6375.0,6218.0,0,6355.090163046221,6487.779805165685,6547.4736,6501.796099303228,6175.617336330408,6355.090163046221,3
2026-04-03,1,6704.0,6169.0,1,6600.90949735408,6705.233174124745,6594.696,6753.373049967394,6505.741680335839,6633.839692340505,4
2026-04-04,1,6754.0,6909.0,1,7597.756829536481,7172.315400389013,7256.262,7408.3942990147025,7595.104774244862,7638.560051843496,5
2026-04-05,1,7075.0,7175.0,1,7134.164625160246,7010.361922533857,6862.1406,7098.10206131096,7128.586403213302,7185.5912158490655,6
2026-04-06,1,6349.0,5644.0,1,6113.18914621256,6512.100365541314,6374.8457,6160.185855347411,6145.537930490814,6050.613860006048,0
2026-04-07,1,6310.0,5625.0,0,6181.475403357712,6538.835552901685,6466.407,6579.184867017906,6231.757755198271,6181.475403357712,1
2026-04-08,1,6629.0,6425.0,0,6555.102483753001,6555.337644381363,6753.0186,6478.0941790382,6693.55393148006,6555.102483753001,2
2026-04-09,1,6709.0,6391.0,0,6592.566950842162,6611.19717978358,6772.3633,6472.101164766485,6679.096651235311,6592.566950842162,3
2026-04-10,1,7046.0,6538.0,0,6851.281656575891,6857.248105132836,6879.707,6850.49488472706,6831.820288914364,6851.281656575891,4
2026-04-11,1,7719.0,7218.0,0,7592.65268318442,7416.88728139022,7350.478,7380.047960894656,7466.828750039475,7592.65268318442,5
2026-04-12,1,7188.0,7765.0,0,6980.993734297478,7016.749498197817,6916.6035,7078.778465369415,6973.721451767829,6980.993734297478,6
2026-04-13,1,6645.0,7177.0,0,6589.5290730721645,6599.994723843167,6596.118,6552.694078501167,6572.431412735278,6589.5290730721645,0
2026-04-14,1,7135.0,6528.0,0,6708.036015510841,6721.477932077133,6640.8823,6667.297310265456,6681.714338679562,6708.036015510841,1
2026-04-15,1,7167.0,6804.0,0,7071.525880304726,6820.540970188038,6793.4404,6791.567930531157,6981.210161244333,7071.525880304726,2
2026-04-16,1,7122.0,7242.0,0,7225.723342347149,6991.188990554633,6969.2207,6983.083510550592,7176.382465903528,7225.723342347149,3
2026-04-17,1,7299.0,6806.0,0,7324.994735194906,7329.68194735193,7179.252,7102.202689894154,7271.849424577243,7324.994735194906,4
2026-04-18,1,7958.0,7631.0,0,7755.056519602872,7688.027978679453,7676.171,7576.795442362156,7780.213435140328,7755.056519602872,5
2026-04-19,1,7374.0,8675.0,0,7061.9855173813785,7384.181664638397,7223.938,7363.10649341362,7207.352031587548,7061.9855173813785,6
2026-04-20,1,6813.0,7872.0,0,6599.59346348904,6746.507625563365,6654.433,6621.5550824031025,6725.113273194431,6599.59346348904,0
2026-04-21,1,7027.0,6681.0,0,6355.424481535078,6696.156213790267,6480.342,6691.638221288643,6481.097332457134,6355.424481535078,1
2026-04-22,1,7141.0,6165.0,0,6530.6075805076525,6713.08323502676,6805.932,6698.954816681188,6735.760584184124,6530.6075805076525,2
2026-04-23,1,7310.0,6246.0,0,6726.937430835658,6808.353782711231,6824.256,6826.862898455905,6679.023557781843,6726.937430835658,3
2026-04-24,1,7058.0,6607.0,0,7199.960363091787,7299.306197042497,7220.5874,7179.825532424177,7256.9755788335,7199.960363091787,4
2026-04-25,1,7699.0,7243.0,0,7674.837786452182,7763.378561475964,7757.461,7668.866670511663,7728.5899482393115,7674.837786452182,5
2026-04-26,1,6881.0,7590.0,0,6937.725634513104,7123.030462071166,7108.0273,7161.1437349489615,7066.682229711029,6937.725634513104,6
2026-04-27,1,6179.0,7028.0,0,6536.51870320622,6574.75839077632,6593.3887,6567.958981708479,6396.442024336086,6536.51870320622,0
2026-04-28,1,6576.0,6282.0,0,6385.330632284758,6723.664939722706,6718.3164,6701.213092204077,6370.669015377743,6385.330632284758,1
2026-04-01,2,6286.0,6047.0,0,6388.6154015789,6551.351872813447,6589.6943,6620.604487953485,6497.986786409811,6388.6154015789,2
2026-04-02,2,6375.0,6218.0,0,6502.32587025227,6650.57114384274,6551.9663,6718.785711326069,6594.843396663987,6502.32587025227,3
2026-04-03,2,6704.0,6169.0,1,6593.071399058774,6803.800079436262,6532.475,6931.956486450233,6603.98128082709,6592.37408923665,4
2026-04-04,2,6754.0,6909.0,1,7365.064548662737,7120.167099931753,7460.1514,7454.768138371039,7371.840533370618,7355.579443946369,5
2026-04-05,2,7075.0,7175.0,1,6980.339045211567,6668.830873024937,6742.5093,6993.254129396045,6935.788337380891,7011.101515275738,6
2026-04-06,2,6349.0,5644.0,1,6063.691504384127,6288.392191715334,6395.065,6450.384414574842,6065.473727806032,6050.414802192517,0
2026-04-07,2,6310.0,5625.0,0,6029.083243573905,6555.709083192404,6198.1646,6336.999279017453,6039.766985454372,6029.083243573905,1
2026-04-08,2,6629.0,6425.0,0,6428.843772213984,6769.34405658801,6555.9927,6555.344970488277,6567.237297424086,6428.843772213984,2
2026-04-09,2,6709.0,6391.0,0,6451.938026993078,6688.494071090646,6676.174,6561.197887200239,6571.947444605619,6451.938026993078,3
2026-04-10,2,7046.0,6538.0,0,6624.039372444579,6760.355962651713,6741.4824,6801.020553848023,6710.16366581124,6624.039372444579,4
2026-04-11,2,7719.0,7218.0,0,7369.893125003305,7408.291865520976,7411.1895,7431.302473745943,7382.9764797299795,7369.893125003305,5
2026-04-12,2,7188.0,7765.0,0,6834.878704187827,7110.376585469222,6953.6445,7117.053535607099,6896.851255754751,6834.878704187827,6
2026-04-13,2,6645.0,7177.0,0,6521.753979956156,6616.926656388849,6445.3057,6481.299574524902,6583.229392875747,6521.753979956156,0
2026-04-14,2,7135.0,6528.0,0,6818.291353952569,6609.50274228507,6599.428,6570.5527158546665,6774.60406609865,6818.291353952569,1
2026-04-15,2,7167.0,6804.0,0,6869.333555975456,6759.27468297343,6846.8633,6775.982117792067,6904.42551223672,6869.333555975456,2
2026-04-16,2,7122.0,7242.0,0,7029.482045593869,7055.851685675806,6994.556,6932.884539362556,7050.7356540881,7029.482045593869,3
2026-04-17,2,7299.0,6806.0,0,7198.974085419514,7335.566128743172,7192.0195,7131.423762845909,7215.213468283014,7198.974085419514,4
2026-04-18,2,7958.0,7631.0,0,7779.213947723473,7666.864080481543,7664.4243,7538.404714514656,7805.254579005482,7779.213947723473,5
2026-04-19,2,7374.0,8675.0,0,7045.806005589736,7290.350954247038,7256.5977,7295.727379934641,7200.1994636063655,7045.806005589736,6
2026-04-20,2,6813.0,7872.0,0,6699.010476623038,6664.222770710893,6721.472,6683.120149832036,6706.902479024687,6699.010476623038,0
2026-04-21,2,7027.0,6681.0,0,6402.799850002122,6686.174841104995,6531.5396,6733.522681554652,6345.361140776565,6402.799850002122,1
2026-04-22,2,7141.0,6165.0,0,6437.047988305224,6596.176825929904,6771.72,6761.496303763088,6477.567847507959,6437.047988305224,2
2026-04-23,2,7310.0,6246.0,0,6707.870394426906,6762.734998917347,6838.9614,6791.9074328099205,6770.544449790669,6707.870394426906,3
2026-04-24,2,7058.0,6607.0,0,7114.75755140095,7166.443051594425,7180.465,7132.4219667666775,7126.479843107729,7114.75755140095,4
2026-04-25,2,7699.0,7243.0,0,7672.027171877091,7784.404451715821,7737.9175,7651.9248477140545,7692.47436115134,7672.027171877091,5
2026-04-26,2,6881.0,7590.0,0,7100.627344362515,7163.543548236986,7175.2407,7182.216291522604,7109.882610136366,7100.627344362515,6
2026-04-27,2,6179.0,7028.0,0,6598.290072126725,6625.288894507888,6765.3896,6548.993405824998,6563.559650591135,6598.290072126725,0
2026-04-28,2,6576.0,6282.0,0,6607.429428730364,6648.223663944054,6757.9004,6651.877763065697,6621.3644505877355,6607.429428730364,1
2026-04-01,3,6286.0,6047.0,0,6396.736117483396,6644.314505258641,6500.099,6630.142000041615,6457.69203545799,6396.736117483396,2
2026-04-02,3,6375.0,6218.0,0,6544.5105863164345,6771.201137362796,6563.4595,6678.627010948548,6575.038432250935,6544.5105863164345,3
2026-04-03,3,6704.0,6169.0,1,6835.9121532512645,7007.21445793752,6668.7197,7054.612333179595,6742.07218433719,6883.3414135611465,4
2026-04-04,3,6754.0,6909.0,1,7317.571057942062,7237.045434542936,7357.858,7807.758187017863,7349.329821490643,7336.417299876437,5
2026-04-05,3,7075.0,7175.0,1,6840.76613479454,6863.970965684297,6703.0317,7231.517108793531,6955.389530150915,6914.235323525815,6
2026-04-06,3,6349.0,5644.0,1,6003.273661213683,6273.823086667291,6226.5664,6426.6570341167035,6138.409975415937,6034.748035568368,0
2026-04-07,3,6310.0,5625.0,0,5916.290724321908,6264.489055049334,6191.739,6405.993534078561,6055.709046707535,5916.290724321908,1
2026-04-08,3,6629.0,6425.0,0,6250.0224411010095,6628.685736087214,6398.779,6512.417300169235,6364.397794587433,6250.0224411010095,2
2026-04-09,3,6709.0,6391.0,0,6373.968105043799,6679.391664729752,6591.6133,6653.704747017148,6488.946189359563,6373.968105043799,3
2026-04-10,3,7046.0,6538.0,0,6655.5745028128285,6875.123478540537,6682.865,6809.3523338447785,6719.197259690257,6655.5745028128285,4
2026-04-11,3,7719.0,7218.0,0,7530.07381311548,7262.3879745011645,7377.7593,7459.76615308827,7329.3257844291475,7530.07381311548,5
2026-04-12,3,7188.0,7765.0,0,6867.503447129195,6889.957436338561,7052.6846,6969.600785441544,6843.785551668009,6867.503447129195,6
2026-04-13,3,6645.0,7177.0,0,6450.313346530991,6610.922866388574,6551.6133,6455.083593401721,6439.831069679777,6450.313346530991,0
2026-04-14,3,7135.0,6528.0,0,6624.025591611213,6599.944870909875,6569.697,6586.686671953131,6582.3383958631575,6624.025591611213,1
2026-04-15,3,7167.0,6804.0,0,6905.30104296494,6811.324576265988,6774.346,6809.114979371173,6908.23860961177,6905.30104296494,2
2026-04-16,3,7122.0,7242.0,0,7075.959534947841,6990.562637833371,6925.4346,7002.674442570077,7049.246555782323,7075.959534947841,3
2026-04-17,3,7299.0,6806.0,0,7124.888536326996,7202.082705426278,7083.75,7086.581119419981,7160.495592876952,7124.888536326996,4
2026-04-18,3,7958.0,7631.0,0,7750.875667201077,7645.019766443475,7506.9927,7451.019420867883,7769.19238732888,7750.875667201077,5
2026-04-19,3,7374.0,8675.0,0,7194.717336116141,7345.964624029447,7260.2954,7214.493168205562,7226.32866494156,7194.717336116141,6
2026-04-20,3,6813.0,7872.0,0,6682.925592179664,6712.208095823788,6654.9893,6654.301867052168,6750.417270123889,6682.925592179664,0
2026-04-21,3,7027.0,6681.0,0,6468.291629780192,6631.5527520616315,6640.3657,6680.294256683274,6434.004813197514,6468.291629780192,1
2026-04-22,3,7141.0,6165.0,0,6775.689128475132,6693.344504225658,6758.133,6752.365639210967,6664.807826727535,6775.689128475132,2
2026-04-23,3,7310.0,6246.0,0,6675.067301319567,6726.1082094467065,6791.021,6806.7914415876385,6702.8079342179235,6675.067301319567,3
2026-04-24,3,7058.0,6607.0,0,7036.496334208537,7102.333161127515,7136.8335,7055.616837614151,7069.449586934207,7036.496334208537,4
2026-04-25,3,7699.0,7243.0,0,7661.581670533822,7700.311792517331,7668.5464,7576.965068952233,7652.710485460074,7661.581670533822,5
2026-04-26,3,6881.0,7590.0,0,7187.367473297013,7163.640984263552,7144.2812,7198.299427837197,7120.315189971118,7187.367473297013,6
2026-04-27,3,6179.0,7028.0,0,6726.630557876546,6694.6562823291915,6676.7383,6559.164504746774,6562.620188773889,6726.630557876546,0
2026-04-28,3,6576.0,6282.0,0,6696.131517296442,6834.789135877087,6782.9624,6696.974817195739,6570.4406587863405,6696.131517296442,1
2026-04-01,4,6286.0,6047.0,0,6257.86355617377,6713.517974205096,6618.341,6540.770512319774,6432.063155455865,6257.86355617377,2
2026-04-02,4,6375.0,6218.0,0,6425.393514654583,6848.899095833172,6607.145,6658.441719327288,6532.815218710203,6425.393514654583,3
2026-04-03,4,6704.0,6169.0,1,6799.385223004728,7038.216904230068,6778.8564,7046.869477895435,6751.669187442679,6865.501630966446,4
2026-04-04,4,6754.0,6909.0,1,7619.017117689891,7424.9413625330535,7561.9883,7666.585273548228,7569.2588883354865,7665.219987533271,5
2026-04-05,4,7075.0,7175.0,1,6932.963623303091,7125.707652967622,6782.565,7212.268998754755,7121.108901086732,7038.844867537081,6
2026-04-06,4,6349.0,5644.0,1,6056.728419776603,6367.331356243299,6131.929,6429.502531832182,6158.994287334067,6080.300499456294,0
2026-04-07,4,6310.0,5625.0,0,5923.876033228645,6293.699660934473,6106.557,6299.218226509915,6081.126393020878,5923.876033228645,1
2026-04-08,4,6629.0,6425.0,0,6455.262511582087,6597.802039226318,6567.227,6624.6096233610515,6422.773471357544,6455.262511582087,2
2026-04-09,4,6709.0,6391.0,0,6464.44802381946,6720.17803155524,6714.178,6702.711471787155,6533.418780114057,6464.44802381946,3
2026-04-10,4,7046.0,6538.0,0,6649.547736404814,6982.971665526197,6900.2783,6886.087381371234,6726.550325049947,6649.547736404814,4
2026-04-11,4,7719.0,7218.0,0,7470.431100424263,7270.1192956608475,7435.4443,7467.008956335275,7348.09366592278,7470.431100424263,5
2026-04-12,4,7188.0,7765.0,0,6901.954561545277,7002.358275017299,6993.3755,7039.206015474764,6857.297950105319,6901.954561545277,6
2026-04-13,4,6645.0,7177.0,0,6420.721879148837,6563.89580799829,6503.276,6452.98754467964,6475.666100317333,6420.721879148837,0
2026-04-14,4,7135.0,6528.0,0,6590.464471845009,6552.004745672673,6559.0396,6495.432575932255,6612.777652243599,6590.464471845009,1
2026-04-15,4,7167.0,6804.0,0,6799.543828201695,6687.973914827317,6662.65,6741.843832588175,6724.21591867934,6799.543828201695,2
2026-04-16,4,7122.0,7242.0,0,7033.124980665865,6946.8037549184155,7012.6465,6983.987528492286,6981.220171164205,7033.124980665865,3
2026-04-17,4,7299.0,6806.0,0,7172.840380936726,7027.193717726057,7006.7197,7069.15410460394,7180.185063874928,7172.840380936726,4
2026-04-18,4,7958.0,7631.0,0,7772.903288043123,7592.49324459768,7555.0713,7524.308647253636,7736.827078579699,7772.903288043123,5
2026-04-19,4,7374.0,8675.0,0,7224.213651481367,7198.330330181728,7193.1914,7259.117241781919,7289.992632900353,7224.213651481367,6
2026-04-20,4,6813.0,7872.0,0,6786.195599918853,6721.4651954417295,6708.496,6747.11986902254,6794.42968835204,6786.195599918853,0
2026-04-21,4,7027.0,6681.0,0,6427.1377499882565,6620.640023302111,6596.253,6691.10322711712,6595.11538605913,6427.1377499882565,1
2026-04-22,4,7141.0,6165.0,0,6498.020900675753,6620.873769269669,6695.546,6730.032199026772,6683.916802372351,6498.020900675753,2
2026-04-23,4,7310.0,6246.0,0,6478.372747225531,6699.2723664954165,6832.2876,6777.4541749233385,6759.246818099775,6478.372747225531,3
2026-04-24,4,7058.0,6607.0,0,7017.224613320213,6991.126575468307,7087.4614,7149.869574605404,7059.726895809392,7017.224613320213,4
2026-04-25,4,7699.0,7243.0,0,7601.401510631655,7620.896802526746,7634.41,7608.484624931838,7641.36556668506,7601.401510631655,5
2026-04-26,4,6881.0,7590.0,0,7033.812429703253,7043.710395015725,7079.9746,7172.932569980843,7099.553506156141,7033.812429703253,6
2026-04-27,4,6179.0,7028.0,0,6512.847611044533,6580.4324556610545,6623.315,6641.436545320667,6608.155512804081,6512.847611044533,0
2026-04-28,4,6576.0,6282.0,0,6501.73944816777,6688.338644307283,6711.555,6647.529677929531,6686.639162024488,6501.73944816777,1
2026-04-01,5,6286.0,6047.0,0,6297.0611448886775,6784.196845291692,6633.515,6671.073600772455,6454.651651641871,6297.0611448886775,2
2026-04-02,5,6375.0,6218.0,0,6441.494133457785,6829.08176342057,6665.254,6746.954624712266,6535.68953656085,6441.494133457785,3
2026-04-03,5,6704.0,6169.0,1,6705.6283808123335,7070.342221369641,6869.2065,7050.354012372816,6790.838517451161,6772.859674026989,4
2026-04-04,5,6754.0,6909.0,1,7508.34207032665,7417.458748467966,7546.2544,7717.331800071407,7612.368490510108,7533.776856433402,5
2026-04-05,5,7075.0,7175.0,1,7042.312964876387,7130.580061532549,7044.564,7324.573643535377,7202.819642601845,7124.870296184509,6
2026-04-06,5,6349.0,5644.0,1,6118.463595497713,6435.971769559818,6118.7686,6320.464522850543,6142.704867035735,6174.833748579844,0
2026-04-07,5,6310.0,5625.0,0,6096.230029238709,6404.513582336072,5886.1816,6387.423797290417,6124.9362342912245,6096.230029238709,1
2026-04-08,5,6629.0,6425.0,0,6539.915098315761,6580.8037798868945,6195.6836,6637.814937911473,6523.635112337602,6539.915098315761,2
2026-04-09,5,6709.0,6391.0,0,6592.673412139158,6634.559887698154,6509.1284,6695.062847978642,6589.994929901598,6592.673412139158,3
2026-04-10,5,7046.0,6538.0,0,6872.817325172786,6961.223698164345,6919.659,6906.722299325331,6837.698158578722,6872.817325172786,4
2026-04-11,5,7719.0,7218.0,0,7516.7359031374435,7324.093329557029,7463.286,7497.772769752045,7462.541796226026,7516.7359031374435,5
2026-04-12,5,7188.0,7765.0,0,6886.997266706569,6994.327950762151,6988.2266,6955.817119342377,6895.695225053121,6886.997266706569,6
2026-04-13,5,6645.0,7177.0,0,6585.746918916823,6550.237230724336,6519.4663,6571.153831930662,6566.88723231512,6585.746918916823,0
2026-04-14,5,7135.0,6528.0,0,6750.62944345917,6555.175032993156,6474.214,6595.023415640581,6611.166178939777,6750.62944345917,1
2026-04-15,5,7167.0,6804.0,0,6945.335300722137,6695.281142289483,6791.1294,6756.38404206102,6781.197984410534,6945.335300722137,2
2026-04-16,5,7122.0,7242.0,0,7102.8675637644355,6918.667716116692,6971.6973,6897.136952179878,6960.163227281138,7102.8675637644355,3
2026-04-17,5,7299.0,6806.0,0,7055.338107477127,7167.689036436113,7016.857,7024.796049768017,7106.233275933734,7055.338107477127,4
2026-04-18,5,7958.0,7631.0,0,7657.650157277058,7618.326420081284,7547.2964,7613.350990139829,7670.680266266809,7657.650157277058,5
2026-04-19,5,7374.0,8675.0,0,7083.005247855841,7324.8929496225255,7224.6753,7308.804273691248,7223.962278065585,7083.005247855841,6
2026-04-20,5,6813.0,7872.0,0,6754.306735545756,6700.242100545929,6703.9863,6688.385969393353,6711.337146097377,6754.306735545756,0
2026-04-21,5,7027.0,6681.0,0,6599.202102484688,6597.320902551496,6613.155,6637.569129570071,6640.855727938036,6599.202102484688,1
2026-04-22,5,7141.0,6165.0,0,6767.888420769792,6763.050963223621,6724.081,6708.234647485063,6735.961543146622,6767.888420769792,2
2026-04-23,5,7310.0,6246.0,0,6774.506151211594,6782.379086552587,6728.5483,6824.108812159979,6786.23295001356,6774.506151211594,3
2026-04-24,5,7058.0,6607.0,0,6948.754868656325,7114.72376352699,7053.718,7088.963551029474,7004.4844080970615,6948.754868656325,4
2026-04-25,5,7699.0,7243.0,0,7592.982417002787,7658.971806685534,7597.3022,7547.652615680804,7614.021564955455,7592.982417002787,5
2026-04-26,5,6881.0,7590.0,0,6995.708668105042,7122.3559387679115,7033.889,7174.495490050156,7073.437098080085,6995.708668105042,6
2026-04-27,5,6179.0,7028.0,0,6514.970677659203,6636.794823653444,6529.8955,6578.826567224648,6522.54370482572,6514.970677659203,0
2026-04-28,5,6576.0,6282.0,0,6637.472005471716,6659.780382125276,6698.1914,6677.299385905084,6678.932324046393,6637.472005471716,1
2026-04-01,6,6286.0,6047.0,0,6292.492303736323,6463.083047744268,6652.2866,6579.8797170607395,6267.58642812901,6292.492303736323,2
2026-04-02,6,6375.0,6218.0,0,6393.673265978586,6513.753408437315,6734.5073,6625.614200105728,6422.911782276459,6393.673265978586,3
2026-04-03,6,6704.0,6169.0,1,6694.682868903711,7016.132801961579,6769.2524,6919.810686584393,6616.834946990509,6712.171571631629,4
2026-04-04,6,6754.0,6909.0,1,7759.18680070223,7381.6701816139885,7493.02,7625.255874653471,7567.173432215889,7790.115514270008,5
2026-04-05,6,7075.0,7175.0,1,7209.840856496995,7312.618697566902,6958.0137,7290.223916385207,7205.587750021645,7288.96529318322,6
2026-04-06,6,6349.0,5644.0,1,6279.4728745168595,6483.705141423182,6350.69,6445.869990223423,6246.0668451411075,6293.119371569413,0
2026-04-07,6,6310.0,5625.0,0,6222.132364554847,6338.962070110146,6223.5312,6397.40406027857,6186.664010740366,6222.132364554847,1
2026-04-08,6,6629.0,6425.0,0,6655.512488939524,6552.691298046163,6600.779,6588.172258216815,6578.205447554956,6655.512488939524,2
2026-04-09,6,6709.0,6391.0,0,6705.585287538733,6555.087360578778,6689.746,6630.65642418666,6616.255537241658,6705.585287538733,3
2026-04-10,6,7046.0,6538.0,0,6943.447229847206,6832.190267799486,6818.337,6931.4326872828515,6795.79123064204,6943.447229847206,4
2026-04-11,6,7719.0,7218.0,0,7557.01969619962,7387.728109724737,7444.5913,7458.302825377796,7508.93382452145,7557.01969619962,5
2026-04-12,6,7188.0,7765.0,0,6871.990784886153,7087.313562135605,7032.782,7048.628923650757,6944.806753467412,6871.990784886153,6
2026-04-13,6,6645.0,7177.0,0,6556.762400953037,6475.857897136527,6452.0923,6599.081408104693,6556.292958532563,6556.762400953037,0
2026-04-14,6,7135.0,6528.0,0,6650.07698662583,6450.81445486895,6458.5986,6597.115173644508,6634.837864258127,6650.07698662583,1
2026-04-15,6,7167.0,6804.0,0,6851.849134069071,6656.547075817248,6707.3613,6787.66162965845,6828.244128230988,6851.849134069071,2
2026-04-16,6,7122.0,7242.0,0,6996.484628524185,6902.462665552185,6856.1875,6981.693404329776,7011.729208579399,6996.484628524185,3
2026-04-17,6,7299.0,6806.0,0,7112.014932593584,7052.057221453133,7066.2573,7002.44269810766,7093.213562363929,7112.014932593584,4
2026-04-18,6,7958.0,7631.0,0,7611.519008325242,7675.889666029531,7585.5337,7614.162215335399,7659.644548121368,7611.519008325242,5
2026-04-19,6,7374.0,8675.0,0,7011.148464121409,7191.981134128102,7244.0527,7346.342164501318,7122.506695419674,7011.148464121409,6
2026-04-20,6,6813.0,7872.0,0,6631.96718958523,6733.283161890017,6686.0073,6698.434084719296,6634.608031584292,6631.96718958523,0
2026-04-21,6,7027.0,6681.0,0,6480.447193192899,6611.688848273433,6656.5786,6648.239371997779,6527.764280782154,6480.447193192899,1
2026-04-22,6,7141.0,6165.0,0,6567.6846653200355,6729.136965271597,6783.3794,6643.877990984375,6630.853220426851,6567.6846653200355,2
2026-04-23,6,7310.0,6246.0,0,6681.215886518304,6788.375008326897,6879.7295,6743.592861331498,6741.70582213002,6681.215886518304,3
2026-04-24,6,7058.0,6607.0,0,7035.915663051673,7026.302859097638,7185.7407,7053.684813391673,7025.604052706647,7035.915663051673,4
2026-04-25,6,7699.0,7243.0,0,7679.220830520891,7697.266813971724,7621.4663,7586.272294886423,7681.776178838566,7679.220830520891,5
2026-04-26,6,6881.0,7590.0,0,7098.555149582285,7102.417671870387,7110.6704,7103.944871473753,7124.497753846717,7098.555149582285,6
2026-04-27,6,6179.0,7028.0,0,6509.849430945094,6587.7120193554,6599.524,6577.78457149555,6570.120028995584,6509.849430945094,0
2026-04-28,6,6576.0,6282.0,0,6628.262201829262,6591.013808890093,6660.6606,6600.72015121861,6614.351824056449,6628.262201829262,1
2026-04-01,7,6286.0,6047.0,0,6456.701952271792,6555.4386064247465,6548.7827,6742.742735065571,6366.023911836499,6456.701952271792,2
2026-04-02,7,6375.0,6218.0,0,6532.642902334151,6792.822231980147,6529.4814,6776.903057282891,6543.02310968078,6532.642902334151,3
2026-04-03,7,6704.0,6169.0,1,6811.977659130281,6955.578027832825,6855.4033,6926.005825718884,6756.367804795638,6849.2636757787495,4
2026-04-04,7,6754.0,6909.0,1,7581.739596523007,7593.094249115862,7496.1147,7645.983604429282,7592.802249234457,7617.684658897045,5
2026-04-05,7,7075.0,7175.0,1,7042.9235871658775,7057.640674233867,6978.8867,7085.831841195259,7171.967168895062,7168.891373954552,6
2026-04-06,7,6349.0,5644.0,1,6042.7874559349,6631.348535428401,6530.831,6445.776329980751,6185.7617695776535,5982.847991521389,0
2026-04-07,7,6310.0,5625.0,0,6291.995884682547,6480.879377515002,6512.82,6597.791085061556,6332.182459697254,6291.995884682547,1
2026-04-08,7,6629.0,6425.0,0,6705.403682732911,6667.040750510357,6701.757,6693.886304320776,6656.410750562353,6705.403682732911,2
2026-04-09,7,6709.0,6391.0,0,6642.543660098392,6679.503757797268,6690.036,6815.784260378161,6701.855828397122,6642.543660098392,3
2026-04-10,7,7046.0,6538.0,0,6868.09915811122,6974.419036124578,6884.8296,6926.395110936125,6861.991304867461,6868.09915811122,4
2026-04-11,7,7719.0,7218.0,0,7572.5609866517025,7394.221630526958,7353.646,7550.812160487443,7520.888173298091,7572.5609866517025,5
2026-04-12,7,7188.0,7765.0,0,6914.000609625307,6964.348673560291,6826.4663,7084.303511373248,6931.5430389838775,6914.000609625307,6
2026-04-13,7,6645.0,7177.0,0,6570.307538197285,6557.901739317884,6510.198,6552.271467403746,6579.279564297952,6570.307538197285,0
2026-04-14,7,7135.0,6528.0,0,6750.50635001446,6660.824415387974,6523.0264,6549.798777144541,6693.877700345147,6750.50635001446,1
2026-04-15,7,7167.0,6804.0,0,6945.613866920054,6794.673841325764,6661.9907,6736.249048623873,6851.364084528756,6945.613866920054,2
2026-04-16,7,7122.0,7242.0,0,7065.245332359289,6943.648836845879,6893.895,6927.606573677289,7086.356159919986,7065.245332359289,3
2026-04-17,7,7299.0,6806.0,0,7135.749064722541,7016.7357871931545,6993.2236,6994.3344969785885,7060.9083235393,7135.749064722541,4
2026-04-18,7,7958.0,7631.0,0,7734.594620817797,7584.6177491862345,7561.1143,7554.793731643651,7676.79176548127,7734.594620817797,5
2026-04-19,7,7374.0,8675.0,0,7112.102541815884,7220.092622515815,7187.3447,7322.004560898077,7132.576485634676,7112.102541815884,6
2026-04-20,7,6813.0,7872.0,0,6609.307237410282,6699.975131585386,6596.1006,6562.097249720838,6598.391707261227,6609.307237410282,0
2026-04-21,7,7027.0,6681.0,0,6473.471524748833,6497.959086662464,6523.1743,6519.125371106445,6501.022391177886,6473.471524748833,1
2026-04-22,7,7141.0,6165.0,0,6540.206087998568,6625.899062506122,6747.8438,6713.75836863926,6582.140705261005,6540.206087998568,2
2026-04-23,7,7310.0,6246.0,0,6551.0614446625705,6733.909305902723,6819.37,6802.303307948583,6710.489352963296,6551.0614446625705,3
2026-04-24,7,7058.0,6607.0,0,6839.522402132185,6991.36839060573,6971.7246,7042.840603621575,6906.646433036909,6839.522402132185,4
2026-04-25,7,7699.0,7243.0,0,7358.186401620678,7609.0298173505635,7516.027,7525.841157631666,7539.645594965256,7358.186401620678,5
2026-04-26,7,6881.0,7590.0,0,6994.751232576672,7070.232334918328,7042.2524,7107.015323818827,7044.28779435459,6994.751232576672,6
2026-04-27,7,6179.0,7028.0,0,6531.476117058751,6604.100984688852,6601.3633,6511.89874446889,6548.1546404891815,6531.476117058751,0
2026-04-28,7,6576.0,6282.0,0,6482.3079427679095,6671.272804309878,6701.875,6567.767459366104,6469.768019160782,6482.3079427679095,1
2026-04-01,8,6286.0,6047.0,0,6342.161988935779,6674.745711659401,6590.0654,6732.344178906241,6352.050258641128,6342.161988935779,2
2026-04-02,8,6375.0,6218.0,0,6486.2530781741725,6745.7360782753785,6547.656,6783.711848552968,6602.869847190122,6486.2530781741725,3
2026-04-03,8,6704.0,6169.0,1,6729.344403902107,6850.203421563243,6802.284,6905.783885314936,6710.287498966667,6755.685025587883,4
2026-04-04,8,6754.0,6909.0,1,7629.603944974906,7536.034813306482,7582.5854,7497.66957555827,7587.572627652641,7673.27821057598,5
2026-04-05,8,7075.0,7175.0,1,7142.001563329747,7369.278076553422,6936.597,7238.537229838286,7339.034841795408,7158.866615860931,6
2026-04-06,8,6349.0,5644.0,1,6117.874691473134,6614.4793103802795,6603.536,6495.821860082082,6152.753400727575,6112.734408324623,0
2026-04-07,8,6310.0,5625.0,0,6400.3004594479125,6809.856487422219,6622.8696,6735.163841434705,6358.063276818848,6400.3004594479125,1
2026-04-08,8,6629.0,6425.0,0,6742.013769058306,6837.305627404162,6779.932,6778.2310027599115,6661.976547297389,6742.013769058306,2
2026-04-09,8,6709.0,6391.0,0,6710.614596559524,6843.865888041255,6723.843,6705.753133000857,6673.452872578033,6710.614596559524,3
2026-04-10,8,7046.0,6538.0,0,6881.200589602288,6940.217859841156,6854.9043,6944.382695665169,6849.335918739067,6881.200589602288,4
2026-04-11,8,7719.0,7218.0,0,7507.724086687201,7256.312862925189,7336.604,7499.33902585923,7487.649972442429,7507.724086687201,5
2026-04-12,8,7188.0,7765.0,0,6962.530244878888,6903.867424760828,6891.388,7054.308678525557,6916.5113659615345,6962.530244878888,6
2026-04-13,8,6645.0,7177.0,0,6722.516540446059,6722.280241846034,6415.343,6644.868855184361,6744.049292232252,6722.516540446059,0
2026-04-14,8,7135.0,6528.0,0,6742.733483619503,6721.837558017086,6481.6826,6683.967063759035,6776.899833844415,6742.733483619503,1
2026-04-15,8,7167.0,6804.0,0,6945.087716476322,6833.143787676548,6744.1445,6724.448287299295,6918.762735261531,6945.087716476322,2
2026-04-16,8,7122.0,7242.0,0,7145.696190617651,7070.940512854345,6985.59,6967.96779425111,7122.567604500058,7145.696190617651,3
2026-04-17,8,7299.0,6806.0,0,7261.115500637057,7047.991230846832,7016.1743,7025.416291490317,7181.812378880172,7261.115500637057,4
2026-04-18,8,7958.0,7631.0,0,7772.655993702448,7607.814506807434,7502.516,7519.010273572527,7759.802965469576,7772.655993702448,5
2026-04-19,8,7374.0,8675.0,0,7144.19592332464,7159.746175645465,7124.6675,7289.92088663129,7224.180561182729,7144.19592332464,6
2026-04-20,8,6813.0,7872.0,0,6584.433712763264,6761.097158019807,6653.742,6672.217135428823,6608.006326893472,6584.433712763264,0
2026-04-21,8,7027.0,6681.0,0,6330.908560834601,6581.031788304905,6586.3066,6628.45336011988,6490.649582845724,6330.908560834601,1
2026-04-22,8,7141.0,6165.0,0,6474.091614235917,6619.393453090684,6789.0938,6717.095295101556,6552.764510719818,6474.091614235917,2
2026-04-23,8,7310.0,6246.0,0,6630.536759978439,6708.27674058432,6775.6904,6718.766194027496,6650.665161531696,6630.536759978439,3
2026-04-24,8,7058.0,6607.0,0,6866.301754780007,6990.545347685705,6986.2554,7000.264528326859,6962.904646964337,6866.301754780007,4
2026-04-25,8,7699.0,7243.0,0,7485.251123200004,7453.892413565301,7486.3564,7531.633469263935,7567.569402766533,7485.251123200004,5
2026-04-26,8,6881.0,7590.0,0,6949.1162958144805,7031.716962709035,6984.3667,7155.188291905458,7037.691569089067,6949.1162958144805,6
2026-04-27,8,6179.0,7028.0,0,6546.131108652608,6558.317012443832,6589.1543,6537.65896759137,6563.596217303755,6546.131108652608,0
2026-04-28,8,6576.0,6282.0,0,6431.457636497697,6638.857433153261,6619.953,6613.169922513079,6594.562420457906,6431.457636497697,1
2026-04-01,9,6286.0,6047.0,0,6327.854962448567,6567.862771113643,6583.851,6773.425793412626,6379.150403406937,6327.854962448567,2
2026-04-02,9,6375.0,6218.0,0,6638.84322989102,6628.03340616455,6596.739,6812.843484013394,6678.876448669112,6638.84322989102,3
2026-04-03,9,6704.0,6169.0,1,6686.624550637502,6979.906282048274,6848.5654,7039.1902966071975,6730.183625766732,6695.886939740271,4
2026-04-04,9,6754.0,6909.0,1,7567.185457076627,7682.640294478047,7443.906,7525.471856589723,7654.8462598950855,7585.776696202597,5
2026-04-05,9,7075.0,7175.0,1,7145.147089417275,7183.189987530869,7068.3086,7290.5758898580625,7204.140416594003,7161.4418344819815,6
2026-04-06,9,6349.0,5644.0,1,6180.365771782161,6760.054745675483,6604.158,6533.986349273089,6237.061894581932,6160.871228106803,0
2026-04-07,9,6310.0,5625.0,0,6422.04819476279,6653.398022991139,6550.4307,6596.850617446793,6305.635907793744,6422.04819476279,1
2026-04-08,9,6629.0,6425.0,0,6772.815574645407,6788.7619035380485,6867.6953,6791.050432694303,6690.296016566218,6772.815574645407,2
2026-04-09,9,6709.0,6391.0,0,6845.245565842822,6802.110578820595,6786.589,6814.141122310825,6786.499977191345,6845.245565842822,3
2026-04-10,9,7046.0,6538.0,0,6887.296674146293,6902.341631804701,6801.421,6843.267977483467,6873.158160582021,6887.296674146293,4
2026-04-11,9,7719.0,7218.0,0,7676.377193067984,7288.929981963545,7314.976,7484.81008176416,7472.518681023226,7676.377193067984,5
2026-04-12,9,7188.0,7765.0,0,6947.870163777117,6838.169824215228,6840.6714,7019.928666768681,6905.367320766248,6947.870163777117,6
2026-04-13,9,6645.0,7177.0,0,6710.332811603219,6666.643510176051,6419.3706,6526.863061581204,6654.363628740743,6710.332811603219,0
2026-04-14,9,7135.0,6528.0,0,6904.9547948850195,6699.074760323618,6591.9556,6581.97769261213,6841.287879816886,6904.9547948850195,1
2026-04-15,9,7167.0,6804.0,0,7100.426126154385,6837.800172802475,6903.1357,6803.381181190774,7006.476596097738,7100.426126154385,2
2026-04-16,9,7122.0,7242.0,0,7180.342055065838,7043.946322124542,7027.4077,6997.407978624356,7141.713662295274,7180.342055065838,3
2026-04-17,9,7299.0,6806.0,0,7142.275371357815,7141.229357313573,7077.1377,7054.4380965565015,7131.917675971355,7142.275371357815,4
2026-04-18,9,7958.0,7631.0,0,7871.885010144727,7562.783845972342,7557.408,7467.546314135798,7758.283737234127,7871.885010144727,5
2026-04-19,9,7374.0,8675.0,0,7340.107586862916,7153.397860776927,7202.179,7307.6237368714155,7265.079146739653,7340.107586862916,6
2026-04-20,9,6813.0,7872.0,0,6795.873455940757,6833.002853047546,6686.9736,6727.753569606519,6753.167634316137,6795.873455940757,0
2026-04-21,9,7027.0,6681.0,0,6444.895067072424,6543.00075116073,6509.378,6621.989361125208,6516.241635215359,6444.895067072424,1
2026-04-22,9,7141.0,6165.0,0,6474.97811671367,6531.470092107747,6661.444,6584.191420386216,6568.852448887461,6474.97811671367,2
2026-04-23,9,7310.0,6246.0,0,6537.049482100547,6586.314353316319,6628.1553,6679.991298870378,6667.818920991615,6537.049482100547,3
2026-04-24,9,7058.0,6607.0,0,6942.465245415301,6890.7552663243405,6879.4844,7000.464974540715,6927.748032102353,6942.465245415301,4
2026-04-25,9,7699.0,7243.0,0,7697.521022007506,7593.530013916808,7518.341,7498.355104376242,7726.473885915521,7697.521022007506,5
2026-04-26,9,6881.0,7590.0,0,7159.69596374401,7063.559705049417,6995.0454,7028.0556061968255,7144.534725676224,7159.69596374401,6
2026-04-27,9,6179.0,7028.0,0,6577.936560356363,6595.76532455041,6538.1553,6574.9699740232345,6617.852218193824,6577.936560356363,0
2026-04-28,9,6576.0,6282.0,0,6591.890082125422,6471.09452179534,6739.819,6591.6371337913615,6673.253938564558,6591.890082125422,1
2026-04-01,10,6286.0,6047.0,0,6449.2427656587615,6766.881835787468,6786.0,6676.065904872836,6337.037187350362,6449.2427656587615,2
2026-04-02,10,6375.0,6218.0,0,6762.170367031484,6976.983199681575,6683.4883,6836.749048391555,6593.616601138171,6762.170367031484,3
2026-04-03,10,6704.0,6169.0,1,6814.231986250173,7059.862571519828,7075.2344,7057.803530217451,6780.855309461719,6808.393678880295,4
2026-04-04,10,6754.0,6909.0,1,7680.4546106735315,7474.154115222882,7665.731,7551.208933843564,7659.577841569692,7716.244389650862,5
2026-04-05,10,7075.0,7175.0,1,7158.73074829964,7258.964619985481,6884.74,7252.7357360565775,7262.5130383214155,7187.859073851241,6
2026-04-06,10,6349.0,5644.0,1,6309.806688743583,6690.044690917185,6376.9546,6680.162077778839,6233.167243421423,6245.333015750895,0
2026-04-07,10,6310.0,5625.0,0,6410.776970761077,6676.724771282679,6490.3,6591.732322219289,6358.289689791659,6410.776970761077,1
2026-04-08,10,6629.0,6425.0,0,6741.160040084332,6801.887401015609,6827.72,6774.3234591317705,6704.22145459273,6741.160040084332,2
2026-04-09,10,6709.0,6391.0,0,6727.699437082056,6860.27023502753,6758.623,6882.603175004836,6746.339303343705,6727.699437082056,3
2026-04-10,10,7046.0,6538.0,0,7079.305045152166,6940.5763029099835,6934.102,6982.224724021448,6989.19986248749,7079.305045152166,4
2026-04-11,10,7719.0,7218.0,0,7670.91573953971,7217.331219256958,7237.124,7578.40219541638,7602.833267782473,7670.91573953971,5
2026-04-12,10,7188.0,7765.0,0,7009.037616740534,6880.954347508954,6786.1914,6998.602729736338,6978.07058501619,7009.037616740534,6
2026-04-13,10,6645.0,7177.0,0,6632.229736398778,6586.562385666014,6388.1133,6517.510149347034,6602.721389031861,6632.229736398778,0
2026-04-14,10,7135.0,6528.0,0,6641.678632658429,6707.3527892829425,6523.951,6608.727623076157,6651.731909433828,6641.678632658429,1
2026-04-15,10,7167.0,6804.0,0,6995.344444007619,6804.021087915056,6800.915,6794.059495335829,6944.862757788149,6995.344444007619,2
2026-04-16,10,7122.0,7242.0,0,7194.572408046798,7072.734781199188,7061.17,6941.136294881338,7146.762310547162,7194.572408046798,3
2026-04-17,10,7299.0,6806.0,0,7356.007739914102,7131.96973586878,7144.5073,7132.287387715171,7173.514005477315,7356.007739914102,4
2026-04-18,10,7958.0,7631.0,0,7852.425781245424,7645.769298722525,7655.366,7628.355535161819,7870.746703030611,7852.425781245424,5
2026-04-19,10,7374.0,8675.0,0,7273.541820201779,7267.666952857673,7320.3003,7247.553142353021,7270.5739166091735,7273.541820201779,6
2026-04-20,10,6813.0,7872.0,0,6583.992269313844,6572.120299640446,6655.22,6670.438146918412,6675.628331235839,6583.992269313844,0
2026-04-21,10,7027.0,6681.0,0,6521.284919437522,6555.582928166936,6626.5586,6585.731691850926,6608.568369247533,6521.284919437522,1
2026-04-22,10,7141.0,6165.0,0,6478.53405411971,6511.9063007325485,6717.1035,6585.209750349322,6593.951434029769,6478.53405411971,2
2026-04-23,10,7310.0,6246.0,0,6487.529040619731,6623.9940516847155,6732.3447,6685.187458056138,6582.890015536276,6487.529040619731,3
2026-04-24,10,7058.0,6607.0,0,7097.892946023758,6983.019274433554,6954.2397,7031.317123628528,7010.20965150153,7097.892946023758,4
2026-04-25,10,7699.0,7243.0,0,7752.759848275267,7474.99489393584,7524.641,7590.999818534334,7678.027129332044,7752.759848275267,5
2026-04-26,10,6881.0,7590.0,0,7222.625029780983,7144.938464604222,7119.0713,7168.422650430609,7160.808573885505,7222.625029780983,6
2026-04-27,10,6179.0,7028.0,0,6595.426954193839,6550.67822704657,6553.7114,6594.607837760824,6620.589478312711,6595.426954193839,0
2026-04-28,10,6576.0,6282.0,0,6538.6969638283845,6654.6255259135505,6525.675,6674.909580630205,6637.84207257722,6538.6969638283845,1
2026-04-01,11,6286.0,6047.0,0,6246.820055762766,6728.887896157979,6354.019,6537.366932435645,6182.395579202722,6246.820055762766,2
2026-04-02,11,6375.0,6218.0,0,6541.191332973875,6913.170691480396,6476.2007,6735.40378822756,6574.4259327610125,6541.191332973875,3
2026-04-03,11,6704.0,6169.0,1,6888.590466791299,7238.841465249759,6882.2056,6986.798169594857,6850.287676892843,6892.817727966663,4
2026-04-04,11,6754.0,6909.0,1,7582.202695321388,7666.318709273407,7572.5747,7692.2553675828785,7647.7122550519225,7601.92594903741,5
2026-04-05,11,7075.0,7175.0,1,7105.384778763929,7336.808394668959,6873.463,7349.73694842742,7141.511151028254,7101.844561065177,6
2026-04-06,11,6349.0,5644.0,1,6221.974615473247,6648.949487635516,6506.556,6642.036288641178,6212.788763004635,6217.507006748389,0
2026-04-07,11,6310.0,5625.0,0,6229.5407033238025,6721.084622560325,6418.105,6507.7974564930255,6315.383551242492,6229.5407033238025,1
2026-04-08,11,6629.0,6425.0,0,6698.283127969127,6934.441626732747,6737.617,6739.495094037315,6728.219194144237,6698.283127969127,2
2026-04-09,11,6709.0,6391.0,0,6609.1015480338865,6865.97199064478,6792.421,6704.534818242569,6672.577223109901,6609.1015480338865,3
2026-04-10,11,7046.0,6538.0,0,6859.231742229349,6984.581947061226,6933.771,6936.230002101101,6780.813302509795,6859.231742229349,4
2026-04-11,11,7719.0,7218.0,0,7431.342327290481,7328.3237566098,7402.707,7448.202093378975,7406.118889185181,7431.342327290481,5
2026-04-12,11,7188.0,7765.0,0,6793.862714242044,6927.0147413034265,6832.418,6984.1569296696725,6848.519600710552,6793.862714242044,6
2026-04-13,11,6645.0,7177.0,0,6498.47387734968,6617.702950836018,6430.574,6524.695671242032,6552.152598117013,6498.47387734968,0
2026-04-14,11,7135.0,6528.0,0,6669.404943557894,6646.4950507393905,6558.13,6594.939959331137,6617.668478834631,6669.404943557894,1
2026-04-15,11,7167.0,6804.0,0,6884.333291872027,6825.492694570393,6877.5537,6779.439973701518,6808.844014690277,6884.333291872027,2
2026-04-16,11,7122.0,7242.0,0,6654.323466340491,7028.211279251375,7066.946,6967.884589513335,6708.796450983657,6654.323466340491,3
2026-04-17,11,7299.0,6806.0,0,6714.438267632525,7067.295504152062,7107.309,7035.8930158093735,6702.623579875294,6714.438267632525,4
2026-04-18,11,7958.0,7631.0,0,7789.891999394835,7634.482994421463,7648.279,7460.964548387863,7839.602661879998,7789.891999394835,5
2026-04-19,11,7374.0,8675.0,0,7135.838634633177,7209.756551101388,7284.674,7265.555111425228,7252.948706595177,7135.838634633177,6
2026-04-20,11,6813.0,7872.0,0,6004.638250727039,6710.29770118674,6779.574,6631.483277343895,6110.544588281126,6004.638250727039,0
2026-04-21,11,7027.0,6681.0,0,6027.099356037292,6609.874384288349,6665.4023,6594.030165909907,5998.1075304978585,6027.099356037292,1
2026-04-22,11,7141.0,6165.0,0,6512.019140551516,6642.082259297365,6775.2666,6618.793222221484,6486.558402687136,6512.019140551516,2
2026-04-23,11,7310.0,6246.0,0,6476.056875301311,6595.9284709584035,6645.479,6715.564622671463,6603.139860214654,6476.056875301311,3
2026-04-24,11,7058.0,6607.0,0,6864.421549245077,7011.02792603591,6881.8936,6983.492191410607,6940.396715468873,6864.421549245077,4
2026-04-25,11,7699.0,7243.0,0,7722.4865314712315,7596.801333467387,7636.792,7598.708404760656,7681.0062931194,7722.4865314712315,5
2026-04-26,11,6881.0,7590.0,0,7042.775861698068,7097.059022731469,7045.2544,7127.078267003495,7053.5386273535105,7042.775861698068,6
2026-04-27,11,6179.0,7028.0,0,6554.21262876812,6535.0430630933215,6651.3066,6690.960733186791,6565.973707295022,6554.21262876812,0
2026-04-28,11,6576.0,6282.0,0,6308.354336085376,6515.648987058393,6642.941,6599.656296565588,6543.251121234803,6308.354336085376,1
2026-04-01,12,6286.0,6047.0,0,6248.196350993776,6742.966392280938,6654.5347,6528.82029549233,6229.500286826659,6248.196350993776,2
2026-04-02,12,6375.0,6218.0,0,6462.814598951904,6854.482723155575,6563.4185,6748.530768026059,6514.307101820486,6462.814598951904,3
2026-04-03,12,6704.0,6169.0,1,6810.372358549798,7157.249219542363,6832.6704,6975.6970717874565,6743.170364185661,6805.975942323717,4
2026-04-04,12,6754.0,6909.0,1,7745.754158802533,7424.850704605743,7622.693,7763.541833138341,7686.506175431005,7743.680964152865,5
2026-04-05,12,7075.0,7175.0,1,7082.236877690695,7321.102396024104,7134.7866,7477.589444188762,7155.2282076008205,7094.808802145471,6
2026-04-06,12,6349.0,5644.0,1,6174.280814189613,6793.360033664274,6696.101,6501.450500672963,6204.787049037321,6185.152885468012,0
2026-04-07,12,6310.0,5625.0,0,6314.7240060940185,6760.512607051954,6561.237,6636.443934958099,6304.363976235866,6314.7240060940185,1
2026-04-08,12,6629.0,6425.0,0,6764.145679416145,6941.619302336554,6764.4004,6819.487233127362,6754.002786124605,6764.145679416145,2
2026-04-09,12,6709.0,6391.0,0,6713.060827843576,6945.756661589094,6816.9595,6896.427138950405,6812.932854550091,6713.060827843576,3
2026-04-10,12,7046.0,6538.0,0,6793.218420977527,7002.142974318991,6952.037,6995.282308495971,6796.532991967956,6793.218420977527,4
2026-04-11,12,7719.0,7218.0,0,7411.556126935931,7278.0137880360735,7293.9155,7564.597194626737,7457.704014803462,7411.556126935931,5
2026-04-12,12,7188.0,7765.0,0,7080.607630525423,6918.2673319064015,6933.8345,7009.593702982593,6991.388412095134,7080.607630525423,6
2026-04-13,12,6645.0,7177.0,0,6363.144364066579,6735.992593954061,6409.1343,6563.70431655456,6457.25044022858,6363.144364066579,0
2026-04-14,12,7135.0,6528.0,0,6701.506233132423,6743.152813568449,6531.8345,6679.065317477428,6649.5556867969435,6701.506233132423,1
2026-04-15,12,7167.0,6804.0,0,6937.367297459385,6857.226352319689,6781.174,6830.115157362294,6836.429024108717,6937.367297459385,2
2026-04-16,12,7122.0,7242.0,0,7238.494511395289,7044.081765701523,7086.5586,6979.793557619746,7166.770680210263,7238.494511395289,3
2026-04-17,12,7299.0,6806.0,0,6602.775471565454,7101.814815538168,7110.1367,7106.524200558606,6707.936519970438,6602.775471565454,4
2026-04-18,12,7958.0,7631.0,0,7764.333980624883,7527.941691050147,7527.949,7513.912818195086,7791.690776407714,7764.333980624883,5
2026-04-19,12,7374.0,8675.0,0,7241.824472622578,7056.271996290803,7265.3477,7173.7917682450425,7247.084615313579,7241.824472622578,6
2026-04-20,12,6813.0,7872.0,0,6418.748439813652,6627.065317997972,6671.993,6575.821760095385,6633.795535818568,6418.748439813652,0
2026-04-21,12,7027.0,6681.0,0,5805.27730975377,6593.563821204018,6645.8545,6593.79595147304,5932.666953970268,5805.27730975377,1
2026-04-22,12,7141.0,6165.0,0,5840.654427496614,6612.201328420052,6722.938,6664.1596574364685,5996.046945363093,5840.654427496614,2
2026-04-23,12,7310.0,6246.0,0,6439.275555656105,6664.109119868156,6711.876,6690.969309878776,6667.995401230647,6439.275555656105,3
2026-04-24,12,7058.0,6607.0,0,6855.534386877974,7130.7639771028935,7005.0874,7002.2428579536,7001.958152462867,6855.534386877974,4
2026-04-25,12,7699.0,7243.0,0,7552.687211293286,7584.424716428017,7695.8057,7668.20286504277,7707.856595463763,7552.687211293286,5
2026-04-26,12,6881.0,7590.0,0,7162.562171815712,7157.050915540828,7053.155,7170.2914216087365,7098.25055972875,7162.562171815712,6
2026-04-27,12,6179.0,7028.0,0,6639.0952913710225,6555.998635732798,6639.4146,6589.8329696164465,6596.4036649299205,6639.0952913710225,0
2026-04-28,12,6576.0,6282.0,0,6538.868021210461,6647.405201808356,6682.1904,6651.334084569805,6546.793226948121,6538.868021210461,1
2026-04-01,13,6286.0,6047.0,0,6302.479573624754,6615.363934083288,6366.0117,6703.008741224441,6273.123476189098,6302.479573624754,2
2026-04-02,13,6375.0,6218.0,0,6429.513215639394,6843.494068571182,6519.112,6731.157611867025,6563.08024593151,6429.513215639394,3
2026-04-03,13,6704.0,6169.0,1,6581.413758207537,7122.423507621138,6747.034,6973.513012109192,6779.810121147505,6587.34639673346,4
2026-04-04,13,6754.0,6909.0,1,7739.727743797064,7574.326940572556,7735.1377,7577.400392812966,7679.428572221594,7768.6131724556835,5
2026-04-05,13,7075.0,7175.0,1,6999.929254725051,7265.452644823116,7000.5645,7118.205156521253,7218.354518554938,7027.336362151597,6
2026-04-06,13,6349.0,5644.0,1,6163.272153789817,6690.907953952951,6491.4395,6629.094632392609,6214.740679001719,6102.957106695193,0
2026-04-07,13,6310.0,5625.0,0,6374.808212652354,6782.129259368136,6477.8306,6564.718377551668,6347.260597000876,6374.808212652354,1
2026-04-08,13,6629.0,6425.0,0,6766.561278119483,6913.085739362701,6716.25,6845.903807879256,6716.305247604573,6766.561278119483,2
2026-04-09,13,6709.0,6391.0,0,6847.878863258537,6812.924005864864,6723.511,6846.025279198078,6805.126150983263,6847.878863258537,3
2026-04-10,13,7046.0,6538.0,0,7018.774983115938,6993.839594837972,6912.3765,7081.784280928361,6941.939108693168,7018.774983115938,4
2026-04-11,13,7719.0,7218.0,0,7428.930511226095,7280.981335033113,7461.396,7492.249339667071,7522.454733185328,7428.930511226095,5
2026-04-12,13,7188.0,7765.0,0,6978.171204086172,6931.183384409562,6907.512,7087.067012575429,7008.466199857631,6978.171204086172,6
2026-04-13,13,6645.0,7177.0,0,6610.08041755,6641.683584713657,6475.917,6585.2768147875895,6592.625041764779,6610.08041755,0
2026-04-14,13,7135.0,6528.0,0,6732.870943438895,6660.7985682119825,6531.0117,6537.761264864272,6661.37536881976,6732.870943438895,1
2026-04-15,13,7167.0,6804.0,0,6980.153146634694,6797.139114082518,6781.8345,6818.418141424642,6947.295807939896,6980.153146634694,2
2026-04-16,13,7122.0,7242.0,0,7182.495432262275,7012.425551071348,7036.905,6953.905634155339,7159.659304100166,7182.495432262275,3
2026-04-17,13,7299.0,6806.0,0,7150.544483375251,7044.282611016401,7146.0576,7088.501110211944,7137.362024303606,7150.544483375251,4
2026-04-18,13,7958.0,7631.0,0,7846.444805965561,7590.3227031913975,7665.2515,7478.49659102474,7877.704323364742,7846.444805965561,5
2026-04-19,13,7374.0,8675.0,0,7313.503016784311,7183.387620547838,7282.599,7291.7930581443115,7322.291752192524,7313.503016784311,6
2026-04-20,13,6813.0,7872.0,0,6670.783533344561,6620.118711341575,6623.711,6592.592444118192,6626.458805090013,6670.783533344561,0
2026-04-21,13,7027.0,6681.0,0,6559.217468539413,6508.440392286031,6504.935,6504.994033218816,6484.008858780345,6559.217468539413,1
2026-04-22,13,7141.0,6165.0,0,5729.3965600372885,6542.332237424359,6681.918,6627.2333625585015,6007.8414597664205,5729.3965600372885,2
2026-04-23,13,7310.0,6246.0,0,5655.234254318076,6586.920701990411,6696.631,6690.379345043628,6112.038828943404,5655.234254318076,3
2026-04-24,13,7058.0,6607.0,0,6090.924882511359,7058.996984565682,6911.1016,7055.473049362294,6328.912122563109,6090.924882511359,4
2026-04-25,13,7699.0,7243.0,0,7674.692771179888,7558.638578445887,7595.433,7616.7922580729155,7784.386944783825,7674.692771179888,5
2026-04-26,13,6881.0,7590.0,0,7211.483036529489,7156.390873702697,7011.3345,7199.716117537207,7201.084263540845,7211.483036529489,6
2026-04-27,13,6179.0,7028.0,0,6608.071625472842,6520.634462046314,6503.653,6585.0226391635615,6586.252828141595,6608.071625472842,0
2026-04-28,13,6576.0,6282.0,0,6614.449858430581,6662.579033693099,6624.3794,6701.329868748154,6646.769166862371,6614.449858430581,1
2026-04-01,14,6286.0,6047.0,0,6330.883924109287,6761.192246661603,6489.8535,6782.257628395582,6363.247338469645,6330.883924109287,2
2026-04-02,14,6375.0,6218.0,0,6695.761915500661,6859.842413648142,6732.1455,6851.382841035558,6602.1470208256505,6695.761915500661,3
2026-04-03,14,6704.0,6169.0,1,6759.654803052398,7160.773607531572,6996.299,7145.897895966913,6721.460916971225,6762.8758917281475,4
2026-04-04,14,6754.0,6909.0,1,7559.399835654397,7511.37847592886,7466.4824,7521.624814673769,7472.883145488465,7582.18275891901,5
2026-04-05,14,7075.0,7175.0,1,7115.539585321505,7410.123384084426,7185.0605,7309.35413155526,7114.925286117098,7124.173111834385,6
2026-04-06,14,6349.0,5644.0,1,6050.852783226486,6678.996601571625,6420.821,6590.057752134813,6070.738703989679,6010.863973761421,0
2026-04-07,14,6310.0,5625.0,0,6113.631634250683,6647.005897468625,6530.89,6640.610243541817,6172.160942583864,6113.631634250683,1
2026-04-08,14,6629.0,6425.0,0,6766.878075154134,6908.92647655033,6794.118,6952.367832800432,6780.033366773811,6766.878075154134,2
2026-04-09,14,6709.0,6391.0,0,6858.45062307941,6934.899716976404,6862.8154,6961.256509712985,6880.558344937464,6858.45062307941,3
2026-04-10,14,7046.0,6538.0,0,6984.867779129817,7138.098723548547,7056.6416,7036.410816126643,7007.507767853622,6984.867779129817,4
2026-04-11,14,7719.0,7218.0,0,7518.0991506836135,7373.484955355098,7308.448,7518.464109076691,7503.831966166137,7518.0991506836135,5
2026-04-12,14,7188.0,7765.0,0,7046.933365266007,7040.2979909211745,7087.473,7051.641799285707,6976.788104336339,7046.933365266007,6
2026-04-13,14,6645.0,7177.0,0,6632.770188561642,6634.23255109818,6480.605,6718.149957846255,6621.911689821946,6632.770188561642,0
2026-04-14,14,7135.0,6528.0,0,6788.743678792701,6739.400334506384,6757.394,6791.564578166427,6777.53223134748,6788.743678792701,1
2026-04-15,14,7167.0,6804.0,0,6934.2879582324085,6926.884428087718,6905.826,6842.537793801029,6851.683076781118,6934.2879582324085,2
2026-04-16,14,7122.0,7242.0,0,7084.130402383551,7080.947742064526,7011.5737,7030.390107780674,7101.2400432968325,7084.130402383551,3
2026-04-17,14,7299.0,6806.0,0,7067.013164713494,7140.400538788169,7047.394,7075.632564816147,7046.507608626492,7067.013164713494,4
2026-04-18,14,7958.0,7631.0,0,7750.793681665025,7668.522259607866,7685.2324,7662.416883471453,7759.184675476809,7750.793681665025,5
2026-04-19,14,7374.0,8675.0,0,7069.0481638919955,7136.605359943336,7179.627,7168.61412556464,7217.819805773278,7069.0481638919955,6
2026-04-20,14,6813.0,7872.0,0,6502.050999040114,6642.130616603327,6522.9004,6508.625947050356,6595.967153135446,6502.050999040114,0
2026-04-21,14,7027.0,6681.0,0,6457.875743091798,6600.202551118799,6597.633,6619.742381633299,6481.771136838433,6457.875743091798,1
2026-04-22,14,7141.0,6165.0,0,6556.391148095557,6589.728677492217,6686.386,6585.621371857969,6542.814322197424,6556.391148095557,2
2026-04-23,14,7310.0,6246.0,0,6589.684029252163,6564.514045185152,6714.4473,6685.31714371236,6693.545497805076,6589.684029252163,3
2026-04-24,14,7058.0,6607.0,0,6774.018447098846,6930.165064372601,6959.193,6894.67714839341,6801.741433742466,6774.018447098846,4
2026-04-25,14,7699.0,7243.0,0,7634.127134582668,7569.226478028295,7564.968,7480.043923339272,7681.58610404011,7634.127134582668,5
2026-04-26,14,6881.0,7590.0,0,7194.547144631595,7228.040915160498,7141.9355,7149.154260293953,7193.137135378227,7194.547144631595,6
2026-04-27,14,6179.0,7028.0,0,6583.583606840655,6497.177562713262,6559.8623,6586.832409351973,6619.14516459236,6583.583606840655,0
2026-04-28,14,6576.0,6282.0,0,6434.415513167658,6488.0619707659425,6545.3057,6498.515337375862,6577.631062213892,6434.415513167658,1
2026-04-01,15,6286.0,6047.0,0,6310.15680152609,6664.388843344878,6392.44,6606.509227418879,6288.378099517697,6310.15680152609,2
2026-04-02,15,6375.0,6218.0,0,6495.501330971819,6772.733118295445,6515.7417,6831.472148348827,6572.491814585946,6495.501330971819,3
2026-04-03,15,6704.0,6169.0,1,6635.780699172522,6999.747657441975,6742.612,7257.671176048258,6745.369977416055,6628.870279319802,4
2026-04-04,15,6754.0,6909.0,1,7707.493636333628,7590.342407874494,7584.6836,7781.215311613143,7555.3696043918135,7701.957681725061,5
2026-04-05,15,7075.0,7175.0,1,7013.596557339741,7269.6998040490835,6902.1064,7536.29893249637,7182.76279964247,7016.846318925711,6
2026-04-06,15,6349.0,5644.0,1,6123.490078102958,6440.749068940755,6388.1094,6569.114484877845,6202.649523636733,6124.086229664276,0
2026-04-07,15,6310.0,5625.0,0,6088.847636949386,6603.7608033852575,6402.463,6710.857017810042,6236.247264698024,6088.847636949386,1
2026-04-08,15,6629.0,6425.0,0,6793.315181537807,7018.1649714202,6764.03,6975.927521654544,6748.198012621037,6793.315181537807,2
2026-04-09,15,6709.0,6391.0,0,6845.870161817218,7036.578619167151,6792.4805,7001.164393626263,6851.495353178468,6845.870161817218,3
2026-04-10,15,7046.0,6538.0,0,7035.992166598003,7117.102342728271,7078.1055,7099.14667390895,6937.868454271418,7035.992166598003,4
2026-04-11,15,7719.0,7218.0,0,7605.784356049002,7452.862666944265,7496.7544,7521.841587299157,7662.471943209976,7605.784356049002,5
2026-04-12,15,7188.0,7765.0,0,7049.944374691562,7002.459809192671,6981.6074,7059.02846137315,6977.708924794089,7049.944374691562,6
2026-04-13,15,6645.0,7177.0,0,6638.921387958794,6751.060346858049,6409.245,6752.28800710342,6678.282259151129,6638.921387958794,0
2026-04-14,15,7135.0,6528.0,0,6788.727989760919,6923.216923239561,6787.6226,6892.121091106109,6756.16343484836,6788.727989760919,1
2026-04-15,15,7167.0,6804.0,0,6951.949450840588,6959.02653589865,6960.047,6947.538807746031,6973.657900595673,6951.949450840588,2
2026-04-16,15,7122.0,7242.0,0,7013.095166692264,7020.701977365397,6978.7646,6953.59714424691,7120.210803044888,7013.095166692264,3
2026-04-17,15,7299.0,6806.0,0,7081.637430199689,7064.837824605715,7089.786,7012.230828737552,7146.9353305901195,7081.637430199689,4
2026-04-18,15,7958.0,7631.0,0,7832.530285877189,7626.511066867083,7683.3735,7546.3409393285565,7690.63863635092,7832.530285877189,5
2026-04-19,15,7374.0,8675.0,0,7161.56281872427,7207.789793076612,7165.2544,7170.120961336267,7089.06963570273,7161.56281872427,6
2026-04-20,15,6813.0,7872.0,0,5974.49942752197,6667.492169589624,6656.079,6558.810055298145,6288.009162234032,5974.49942752197,0
2026-04-21,15,7027.0,6681.0,0,6631.4015291042,6681.743511412496,6630.963,6577.099836653345,6613.024464719342,6631.4015291042,1
2026-04-22,15,7141.0,6165.0,0,6651.625507167673,6564.608258941973,6576.978,6519.916680162345,6651.771347728718,6651.625507167673,2
2026-04-23,15,7310.0,6246.0,0,6677.351555265816,6683.884375129414,6578.509,6617.854659949642,6719.38758871971,6677.351555265816,3
2026-04-24,15,7058.0,6607.0,0,6839.102408824847,6985.065488815348,6953.131,6908.603069006071,6802.324932047428,6839.102408824847,4
2026-04-25,15,7699.0,7243.0,0,7725.819133697907,7508.1510278813,7529.429,7434.892199154251,7677.492769848279,7725.819133697907,5
2026-04-26,15,6881.0,7590.0,0,7216.544363181972,7181.403151613739,7053.8237,7156.457268141383,7190.931299288773,7216.544363181972,6
2026-04-27,15,6179.0,7028.0,0,6627.314115606385,6532.639023520606,6510.1655,6592.507392077579,6597.887280409835,6627.314115606385,0
2026-04-28,15,6576.0,6282.0,0,6603.034610763748,6520.840364400458,6618.1675,6568.544859292325,6604.443820568093,6603.034610763748,1
2026-04-01,16,6286.0,6047.0,0,6343.443729277159,6701.551655566322,6489.6665,6712.125955154495,6238.624254633793,6343.443729277159,2
2026-04-02,16,6375.0,6218.0,0,6551.557094926242,6873.088952371425,6454.913,6872.011892219401,6502.926513513284,6551.557094926242,3
2026-04-03,16,6704.0,6169.0,1,6809.252561888862,7069.653458796818,6943.591,7159.6787464247,6798.066254170178,6804.175420500774,4
2026-04-04,16,6754.0,6909.0,1,7726.923290975545,7432.443956663835,7606.566,7711.565146251559,7530.9862039739355,7693.719529147004,5
2026-04-05,16,7075.0,7175.0,1,7093.514950943887,7362.09464214257,7003.365,7301.581058991816,7137.597398548222,7095.408332406978,6
2026-04-06,16,6349.0,5644.0,1,6062.119706602365,6356.8102231706125,6237.3955,6385.1745437968175,6090.226669189654,6092.0006899397285,0
2026-04-07,16,6310.0,5625.0,0,6119.798287100171,6432.573395324539,6277.6455,6491.537207778016,6167.4908830805425,6119.798287100171,1
2026-04-08,16,6629.0,6425.0,0,6671.102856132264,6994.726161222041,6658.905,6897.279050535921,6714.7622597289,6671.102856132264,2
2026-04-09,16,6709.0,6391.0,0,6872.499805544391,6943.482302455543,6789.756,6956.001905916529,6837.721414143831,6872.499805544391,3
2026-04-10,16,7046.0,6538.0,0,7039.824003045794,7030.717626894577,6873.9873,7086.831937549272,6992.303925702894,7039.824003045794,4
2026-04-11,16,7719.0,7218.0,0,7657.220531572387,7520.4320262646615,7359.8887,7584.839370349711,7585.045813274657,7657.220531572387,5
2026-04-12,16,7188.0,7765.0,0,7283.080799198352,7017.618818231722,7073.793,7100.11835759766,7142.64041000593,7283.080799198352,6
2026-04-13,16,6645.0,7177.0,0,6625.553587133983,6653.73591521807,6443.7246,6589.679267471119,6693.035967541119,6625.553587133983,0
2026-04-14,16,7135.0,6528.0,0,6775.608260865309,6845.608264678468,6876.1987,6799.674185188035,6824.8290956137125,6775.608260865309,1
2026-04-15,16,7167.0,6804.0,0,7038.1432270252635,7031.86463175561,7053.2803,6983.601872743685,6973.482298838667,7038.1432270252635,2
2026-04-16,16,7122.0,7242.0,0,7142.8916499782645,7030.022725866536,7031.5933,6899.837371672679,7187.35878704428,7142.8916499782645,3
2026-04-17,16,7299.0,6806.0,0,7082.2923952976125,7060.364892587113,7192.8447,6955.77333567035,7127.679626322435,7082.2923952976125,4
2026-04-18,16,7958.0,7631.0,0,7815.909124775083,7684.806613178952,7770.5684,7540.382284761994,7849.234671455907,7815.909124775083,5
2026-04-19,16,7374.0,8675.0,0,6986.509299388172,7155.348004764396,7205.7275,7098.875248314719,7114.790798501531,6986.509299388172,6
2026-04-20,16,6813.0,7872.0,0,6626.303605175702,6735.794148565725,6660.0376,6601.696346149891,6725.730563518485,6626.303605175702,0
2026-04-21,16,7027.0,6681.0,0,5854.184562897571,6614.384642812925,6524.848,6305.800890175617,6189.568690988435,5854.184562897571,1
2026-04-22,16,7141.0,6165.0,0,5794.589815833261,6620.205048661944,6565.6094,6668.722304699492,6001.475909808601,5794.589815833261,2
2026-04-23,16,7310.0,6246.0,0,6155.678607747721,6707.679055204357,6542.587,6343.742314583171,6376.068771759387,6155.678607747721,3
2026-04-24,16,7058.0,6607.0,0,6488.877269621562,7055.924047225004,6970.613,6822.16099372429,6691.426862940977,6488.877269621562,4
2026-04-25,16,7699.0,7243.0,0,7242.502842613196,7661.940711933989,7615.815,7382.971323545505,7638.303541871125,7242.502842613196,5
2026-04-26,16,6881.0,7590.0,0,7124.651593178371,7212.439757822255,7117.314,7084.95898539491,7162.779460806301,7124.651593178371,6
2026-04-27,16,6179.0,7028.0,0,6038.537937962332,6517.383724360057,6540.1157,6396.378498491866,6160.358968782512,6038.537937962332,0
2026-04-28,16,6576.0,6282.0,0,6495.98051768952,6506.206055570792,6643.9463,6595.113215744583,6533.271883291193,6495.98051768952,1
2026-04-01,17,6286.0,6047.0,0,6231.5626176339065,6549.5932943365615,6433.0195,6577.058339383099,6183.659730599828,6231.5626176339065,2
2026-04-02,17,6375.0,6218.0,0,6490.995967093842,6835.534062625905,6620.031,6870.821604148357,6530.712290669838,6490.995967093842,3
2026-04-03,17,6704.0,6169.0,1,6887.052095206246,6873.077116806163,6941.928,7174.123590724045,6847.421726071203,6902.328401258671,4
2026-04-04,17,6754.0,6909.0,1,7682.588052459379,7549.019914376982,7559.7676,7730.02084272893,7686.075778101837,7675.38680544827,5
2026-04-05,17,7075.0,7175.0,1,7141.910421557085,7319.535444490287,7179.468,7470.369059081741,7303.231660424149,7152.939553249404,6
2026-04-06,17,6349.0,5644.0,1,6203.874800116463,6502.450835998624,6422.639,6475.838274433113,6233.345350336923,6135.935180459523,0
2026-04-07,17,6310.0,5625.0,0,6130.948507003659,6392.465953492656,6528.937,6536.959437852626,6246.284044074574,6130.948507003659,1
2026-04-08,17,6629.0,6425.0,0,6582.280003125984,6840.402498233907,6647.6196,6830.774657430619,6643.06357944048,6582.280003125984,2
2026-04-09,17,6709.0,6391.0,0,6671.36741268499,6847.236774945524,6808.7417,6819.039594138441,6740.501199178175,6671.36741268499,3
2026-04-10,17,7046.0,6538.0,0,6950.511385568298,7082.1391845739245,6959.4214,7050.176284579345,6938.089427241652,6950.511385568298,4
2026-04-11,17,7719.0,7218.0,0,7604.181486475863,7506.927518135436,7375.7583,7564.387891471204,7573.488395094365,7604.181486475863,5
2026-04-12,17,7188.0,7765.0,0,7101.8545612567095,6999.429129589995,6968.304,7174.115032297255,7030.4425278515655,7101.8545612567095,6
2026-04-13,17,6645.0,7177.0,0,6666.627214627346,6588.839805136769,6520.811,6653.923975872439,6664.458074516532,6666.627214627346,0
2026-04-14,17,7135.0,6528.0,0,6823.799205288839,6765.831229086965,6885.528,6855.2780250078695,6817.342868686458,6823.799205288839,1
2026-04-15,17,7167.0,6804.0,0,6935.87538444705,7024.496673919253,7023.7217,6876.167272573175,6830.6954356093365,6935.87538444705,2
2026-04-16,17,7122.0,7242.0,0,7117.727810616554,7043.611959641282,7128.22,7007.077971675721,7045.687258181267,7117.727810616554,3
2026-04-17,17,7299.0,6806.0,0,7194.113502605213,7153.134305410875,7132.818,7075.509074581268,7081.957656744776,7194.113502605213,4
2026-04-18,17,7958.0,7631.0,0,7834.027631262726,7693.701664301086,7745.922,7681.9385154595375,7793.809226829258,7834.027631262726,5
2026-04-19,17,7374.0,8675.0,0,7150.65645554963,7318.13384858919,7175.182,7345.536863886503,7204.973526045407,7150.65645554963,6
2026-04-20,17,6813.0,7872.0,0,6635.172913358537,6583.540037500999,6584.1865,6671.706941713011,6564.8342309488735,6635.172913358537,0
2026-04-21,17,7027.0,6681.0,0,6602.370240409086,6511.075295597501,6579.4907,6574.361575355212,6597.553168772356,6602.370240409086,1
2026-04-22,17,7141.0,6165.0,0,6168.84657854927,6523.732123222895,6593.795,6509.108201867587,6174.866670230738,6168.84657854927,2
2026-04-23,17,7310.0,6246.0,0,6330.523711712418,6577.035067440072,6577.8955,6721.642667303509,6343.807699167001,6330.523711712418,3
2026-04-24,17,7058.0,6607.0,0,6565.366013861931,7017.607209532968,6972.013,6930.318737510734,6662.143395318838,6565.366013861931,4
2026-04-25,17,7699.0,7243.0,0,7586.287496450367,7688.433287807118,7692.2847,7617.240330484984,7631.216407661907,7586.287496450367,5
2026-04-26,17,6881.0,7590.0,0,7130.659652638416,7206.260512990913,7156.003,7122.9020088548305,7128.791695229816,7130.659652638416,6
2026-04-27,17,6179.0,7028.0,0,6289.374524977207,6472.718126207627,6576.2134,6420.552917981843,6299.939110126955,6289.374524977207,0
2026-04-28,17,6576.0,6282.0,0,6307.603634623707,6437.762712969231,6540.686,6456.777339586615,6303.660572428293,6307.603634623707,1
2026-04-01,18,6286.0,6047.0,0,6236.028394496794,6786.742539525459,6683.559,6640.9777078335965,6408.305860130487,6236.028394496794,2
2026-04-02,18,6375.0,6218.0,0,6304.823471534052,6772.534144923331,6638.1064,6762.287963211554,6454.5627957010975,6304.823471534052,3
2026-04-03,18,6704.0,6169.0,1,6813.597361739916,7115.657544409513,7006.489,6995.448365161214,6972.284420116094,6831.293117366362,4
2026-04-04,18,6754.0,6909.0,1,7745.577755759084,7522.398190885205,7626.02,7713.730772067021,7762.071171551682,7744.286122014889,5
2026-04-05,18,7075.0,7175.0,1,7034.8599888621675,7404.750438666926,7145.616,7368.048171134408,7304.218319485176,7057.744716224648,6
2026-04-06,18,6349.0,5644.0,1,6210.134146155485,6618.914587190671,6335.328,6606.490699037679,6253.036718442127,6210.282987296538,0
2026-04-07,18,6310.0,5625.0,0,6273.737566781514,6684.0862714930445,6531.94,6681.405956539108,6262.095835812538,6273.737566781514,1
2026-04-08,18,6629.0,6425.0,0,6702.772606696754,6953.834486447035,6872.8745,6908.147665264575,6767.3191109318495,6702.772606696754,2
2026-04-09,18,6709.0,6391.0,0,6809.441402928212,6940.245068910974,6848.2285,6943.0301469599235,6909.932535697205,6809.441402928212,3
2026-04-10,18,7046.0,6538.0,0,7039.900812871018,7165.0887263415,7005.868,7086.67973411163,7104.443525874521,7039.900812871018,4
2026-04-11,18,7719.0,7218.0,0,7631.884250127357,7665.820168985111,7358.3813,7591.786289672646,7592.127523460821,7631.884250127357,5
2026-04-12,18,7188.0,7765.0,0,7143.609389767245,7174.702725418696,6986.5806,7160.035798025187,7093.978000988376,7143.609389767245,6
2026-04-13,18,6645.0,7177.0,0,6689.835090894926,6612.230019434265,6426.644,6653.972287865678,6722.368620299356,6689.835090894926,0
2026-04-14,18,7135.0,6528.0,0,6871.709150580035,6812.715333633054,6908.3945,6857.959597322354,6875.997404271736,6871.709150580035,1
2026-04-15,18,7167.0,6804.0,0,7165.217341229046,6973.899102533354,7054.0474,6989.727912601446,7120.03947525836,7165.217341229046,2
2026-04-16,18,7122.0,7242.0,0,7227.735129595943,6947.671886822608,7054.431,6914.615153164227,7144.619768420453,7227.735129595943,3
2026-04-17,18,7299.0,6806.0,0,7276.305558769109,7061.727880381746,7215.3804,7027.144590830738,7105.22777474592,7276.305558769109,4
2026-04-18,18,7958.0,7631.0,0,7838.183712130337,7486.6262874546055,7361.7114,7389.525614242223,7658.760888422661,7838.183712130337,5
2026-04-19,18,7374.0,8675.0,0,7126.190032337492,7315.476662672282,7210.9106,7322.332481704373,7213.81396236457,7126.190032337492,6
2026-04-20,18,6813.0,7872.0,0,6582.6700922558475,6695.70435957602,6510.2607,6608.0589157175145,6610.753012374942,6582.6700922558475,0
2026-04-21,18,7027.0,6681.0,0,5908.1817038427835,6599.32375652859,6340.9233,6598.847572671174,6154.128551149348,5908.1817038427835,1
2026-04-22,18,7141.0,6165.0,0,6195.1643191385265,6603.4891596350735,6443.2964,6645.138638474395,6389.0373185059025,6195.1643191385265,2
2026-04-23,18,7310.0,6246.0,0,6667.296932275253,6521.938560417464,6399.672,6770.695010420456,6721.582873686103,6667.296932275253,3
2026-04-24,18,7058.0,6607.0,0,7018.919429684703,6992.406874092103,6936.796,6982.304252961667,6982.732679198122,7018.919429684703,4
2026-04-25,18,7699.0,7243.0,0,7568.291928529002,7637.509135230977,7490.2593,7487.9558734141565,7580.125685933311,7568.291928529002,5
2026-04-26,18,6881.0,7590.0,0,7002.114602193346,7136.766914883577,7073.86,7009.117239882197,7116.30142861496,7002.114602193346,6
2026-04-27,18,6179.0,7028.0,0,6277.948048067577,6485.936586111717,6402.409,6412.9329035916835,6279.15824984029,6277.948048067577,0
2026-04-28,18,6576.0,6282.0,0,6376.998295709195,6524.07677565373,6343.972,6339.36721698309,6436.892881430872,6376.998295709195,1
2026-04-01,19,6286.0,6047.0,0,6442.546731078055,6728.387535058139,6464.205,6556.551183682556,6453.722192136229,6442.546731078055,2
2026-04-02,19,6375.0,6218.0,0,6551.058097543205,6791.723829839291,6639.6074,6763.838820399486,6715.356008414518,6551.058097543205,3
2026-04-03,19,6704.0,6169.0,1,6783.443825859576,7002.975772269378,6849.1133,7017.877636552627,6812.1860992448155,6793.044069969822,4
2026-04-04,19,6754.0,6909.0,1,7536.564931255128,7480.904383691848,7623.7905,7512.508742906666,7635.434783288695,7538.895605646797,5
2026-04-05,19,7075.0,7175.0,1,7106.200015667379,7524.979353886525,7218.8833,7355.191274150563,7371.525639207368,7105.518763558186,6
2026-04-06,19,6349.0,5644.0,1,6184.396513592977,6601.348700916244,6303.0083,6528.205877000665,6281.204035855554,6139.837922896265,0
2026-04-07,19,6310.0,5625.0,0,6061.381670170743,6562.417769530316,6286.6665,6527.296376419401,6137.802193423603,6061.381670170743,1
2026-04-08,19,6629.0,6425.0,0,6699.380021153466,6986.448597252769,6806.0273,6879.631661532834,6777.540125526052,6699.380021153466,2
2026-04-09,19,6709.0,6391.0,0,6745.593923858934,6916.877896649366,6873.604,6897.058945747708,6858.897954396333,6745.593923858934,3
2026-04-10,19,7046.0,6538.0,0,7111.484455310469,7151.808481721483,6889.4517,7069.950843317337,7091.876803098675,7111.484455310469,4
2026-04-11,19,7719.0,7218.0,0,7743.733333317245,7576.027219886183,7404.668,7627.843206347524,7736.759745850551,7743.733333317245,5
2026-04-12,19,7188.0,7765.0,0,7273.7129856319625,7177.794542272413,7033.008,7172.318299097197,7141.9432076617895,7273.7129856319625,6
2026-04-13,19,6645.0,7177.0,0,6743.814928559174,6749.508926563659,6538.073,6675.009979222549,6744.930317083861,6743.814928559174,0
2026-04-14,19,7135.0,6528.0,0,6927.1307975973505,6923.526065709676,6960.4546,6857.605547962271,6912.328316827067,6927.1307975973505,1
2026-04-15,19,7167.0,6804.0,0,7101.454406507644,7081.310901252227,7059.4966,7025.920575832769,7084.724209741828,7101.454406507644,2
2026-04-16,19,7122.0,7242.0,0,7269.881478319809,7183.500255960201,7139.9185,7148.906587371326,7314.281924402236,7269.881478319809,3
2026-04-17,19,7299.0,6806.0,0,7381.120520287404,7373.9209098044985,7201.9023,7228.864699900037,7286.958894126699,7381.120520287404,4
2026-04-18,19,7958.0,7631.0,0,7990.31720467729,7826.063664009682,7846.694,7592.529928335582,7894.782903927422,7990.31720467729,5
2026-04-19,19,7374.0,8675.0,0,7206.850317670907,7238.521043232177,7144.478,7257.8190269843935,7293.285329985382,7206.850317670907,6
2026-04-20,19,6813.0,7872.0,0,6669.964394194769,6688.011236514191,6493.1157,6693.627465216774,6676.610608318096,6669.964394194769,0
2026-04-21,19,7027.0,6681.0,0,5996.614045600797,6493.039258248177,6351.6094,6515.064114597995,6158.492868531931,5996.614045600797,1
2026-04-22,19,7141.0,6165.0,0,5736.90427565711,6502.866200002956,6276.302,6421.775661665099,5762.622702369597,5736.90427565711,2
2026-04-23,19,7310.0,6246.0,0,6692.164079722942,6594.086799515903,6569.449,6710.10541319265,6675.252578951241,6692.164079722942,3
2026-04-24,19,7058.0,6607.0,0,7038.595026735203,7072.59874158375,6943.6562,6918.797830008056,7033.015528364306,7038.595026735203,4
2026-04-25,19,7699.0,7243.0,0,7642.838695445724,7726.88234736717,7601.0317,7512.053243018117,7753.72085417007,7642.838695445724,5
2026-04-26,19,6881.0,7590.0,0,6985.848828988455,7192.974858807577,6987.4014,7038.233943793112,7159.480360461872,6985.848828988455,6
2026-04-27,19,6179.0,7028.0,0,6607.925700510628,6538.730426866152,6482.2153,6519.54667620868,6538.675485388903,6607.925700510628,0
2026-04-28,19,6576.0,6282.0,0,6268.180618709426,6597.967548762623,6421.476,6429.785367069399,6293.493047585976,6268.180618709426,1
2026-04-01,20,6286.0,6047.0,0,6432.25110193971,6726.73013937669,6681.321,6552.825949147667,6425.089244235412,6432.25110193971,2
2026-04-02,20,6375.0,6218.0,0,6521.375698222672,6938.968468849095,6805.5044,6761.109463861625,6703.971248777104,6521.375698222672,3
2026-04-03,20,6704.0,6169.0,1,6772.975499150853,7065.32613775119,6951.418,7086.771145647505,6888.102598402591,6808.403834201686,4
2026-04-04,20,6754.0,6909.0,1,7635.661888021169,7301.405769654044,7635.805,7578.150938572276,7540.676577721963,7672.451760741878,5
2026-04-05,20,7075.0,7175.0,1,7184.083322677994,7257.649076082828,7198.947,7371.194801225099,7254.797423722011,7195.319002661132,6
2026-04-06,20,6349.0,5644.0,1,6351.653595897798,6429.53837469413,6505.2974,6560.157130362531,6216.006668519455,6330.30295853483,0
2026-04-07,20,6310.0,5625.0,0,6136.9589465418585,6488.749633672382,6506.293,6478.9526367319895,6131.144022361509,6136.9589465418585,1
2026-04-08,20,6629.0,6425.0,0,6552.313648302368,6851.99995856966,6761.192,6754.434451726557,6677.734884688362,6552.313648302368,2
2026-04-09,20,6709.0,6391.0,0,6843.998020968937,6877.719720453072,6777.25,6915.115000042766,6890.468435649259,6843.998020968937,3
2026-04-10,20,7046.0,6538.0,0,6942.701235534075,6974.1805569028975,7088.5693,7156.711596370248,7047.39580198487,6942.701235534075,4
2026-04-11,20,7719.0,7218.0,0,7672.0395404541605,7475.016896299591,7519.4604,7608.594351107672,7643.62235211362,7672.0395404541605,5
2026-04-12,20,7188.0,7765.0,0,7070.831117184243,7151.907671389222,7005.8926,7146.313276249637,7110.3971469601265,7070.831117184243,6
2026-04-13,20,6645.0,7177.0,0,6719.562433378036,6843.965400907254,6608.8296,6698.482847913123,6754.00461640675,6719.562433378036,0
2026-04-14,20,7135.0,6528.0,0,6904.292737695516,6850.869166815021,6877.996,6877.3560994167565,6887.132165837734,6904.292737695516,1
2026-04-15,20,7167.0,6804.0,0,7141.05418077223,6936.890943398098,6975.5796,7036.854006552514,7082.824490980173,7141.05418077223,2
2026-04-16,20,7122.0,7242.0,0,7275.892172546535,7156.856969715689,7121.54,7169.419564299947,7290.002856511885,7275.892172546535,3
2026-04-17,20,7299.0,6806.0,0,7301.604324142251,7243.06072956417,7313.1255,7163.338522304367,7270.16632476667,7301.604324142251,4
2026-04-18,20,7958.0,7631.0,0,7809.118904793161,7727.125763150472,7753.64,7718.392852467459,7701.850824085017,7809.118904793161,5
2026-04-19,20,7374.0,8675.0,0,7046.689937496253,7331.08530865126,7122.759,7239.777883280767,7191.196580519841,7046.689937496253,6
2026-04-20,20,6813.0,7872.0,0,6722.846269201569,6684.205307055751,6692.721,6688.039744393878,6679.1449130711735,6722.846269201569,0
2026-04-21,20,7027.0,6681.0,0,6242.994184070032,6596.80251214916,6547.254,6613.13466763879,6546.04994664188,6242.994184070032,1
2026-04-22,20,7141.0,6165.0,0,6148.998342481334,6499.3322621147545,6454.6416,6530.244865328151,6365.898994700249,6148.998342481334,2
2026-04-23,20,7310.0,6246.0,0,6342.50671161079,6541.622314757531,6406.635,6628.1131917484145,6607.562628577994,6342.50671161079,3
2026-04-24,20,7058.0,6607.0,0,6831.253627318465,6946.15205720007,6915.1587,6963.43520001411,6932.274864158392,6831.253627318465,4
2026-04-25,20,7699.0,7243.0,0,7554.264713002045,7703.3393537958855,7467.9165,7407.358344097398,7704.909218127975,7554.264713002045,5
2026-04-26,20,6881.0,7590.0,0,7181.567673957259,7288.892768595383,7080.6807,7185.0537151449835,7197.194516312232,7181.567673957259,6
2026-04-27,20,6179.0,7028.0,0,6357.215927987596,6549.898672743364,6514.668,6460.460942381051,6542.282644151997,6357.215927987596,0
2026-04-28,20,6576.0,6282.0,0,6190.143544341605,6524.877313978794,6571.31,6470.9803761680905,6386.078765449555,6190.143544341605,1
2026-04-01,21,6286.0,6047.0,0,6443.576445276476,6610.946418051842,6644.0034,6628.309448134818,6415.664916736846,6443.576445276476,2
2026-04-02,21,6375.0,6218.0,0,6623.879185831352,6693.330701098949,6791.222,6748.209817512076,6705.740888379427,6623.879185831352,3
2026-04-03,21,6704.0,6169.0,1,6940.128786775603,6675.463731182425,7132.922,6954.895495587409,6963.902638866731,6946.678505793634,4
2026-04-04,21,6754.0,6909.0,1,7685.410480296496,7427.470959157063,7629.699,7526.822849685915,7621.437308853994,7689.005396316849,5
2026-04-05,21,7075.0,7175.0,1,7304.982684158991,7057.425503274591,7136.0557,7279.623853139735,7236.405299911009,7331.7331692818925,6
2026-04-06,21,6349.0,5644.0,1,6296.3099905654635,6536.751388040418,6528.715,6708.320533154153,6213.197042420327,6313.217601432767,0
2026-04-07,21,6310.0,5625.0,0,6278.753832890607,6576.2677844351965,6325.325,6498.473925542316,6203.893803251068,6278.753832890607,1
2026-04-08,21,6629.0,6425.0,0,6841.616689542558,6805.172703986501,6679.563,6797.099681366038,6754.515749458214,6841.616689542558,2
2026-04-09,21,6709.0,6391.0,0,6920.52372736218,6840.603661968739,6704.694,6858.563158555779,6847.076535668885,6920.52372736218,3
2026-04-10,21,7046.0,6538.0,0,7264.805802189349,7037.1169711565,7137.3545,7110.717852959597,7121.745006726761,7264.805802189349,4
2026-04-11,21,7719.0,7218.0,0,7484.791765778741,7563.9276857035575,7506.5615,7667.0576781316895,7513.77275939033,7484.791765778741,5
2026-04-12,21,7188.0,7765.0,0,6971.1340183431075,7021.876669667604,7019.873,7064.818875497558,7027.615857461101,6971.1340183431075,6
2026-04-13,21,6645.0,7177.0,0,6793.311799979854,6679.924097629538,6646.055,6707.844874908526,6707.2030556247955,6793.311799979854,0
2026-04-14,21,7135.0,6528.0,0,6820.43357504148,6755.247291254471,6825.459,6770.19938910075,6802.366372354532,6820.43357504148,1
2026-04-15,21,7167.0,6804.0,0,7102.287821267023,6939.768755175271,6990.0938,6997.291826583544,7086.593294526709,7102.287821267023,2
2026-04-16,21,7122.0,7242.0,0,7267.295830548093,7094.580374711595,7045.899,7138.607569655644,7249.929721199518,7267.295830548093,3
2026-04-17,21,7299.0,6806.0,0,7474.963701571352,7237.208851814243,7305.851,7284.707709342655,7361.240721479083,7474.963701571352,4
2026-04-18,21,7958.0,7631.0,0,7826.630229822577,7747.809476809511,7788.8804,7715.926905542663,7811.925244504523,7826.630229822577,5
2026-04-19,21,7374.0,8675.0,0,7126.079702347799,7308.844468190296,7259.2524,7135.77605566937,7190.640930466994,7126.079702347799,6
2026-04-20,21,6813.0,7872.0,0,6725.880945529885,6517.275558701607,6824.6113,6608.824513932562,6689.942204088994,6725.880945529885,0
2026-04-21,21,7027.0,6681.0,0,6660.286603013231,6442.727606821358,6678.0327,6587.878394267474,6607.310020004639,6660.286603013231,1
2026-04-22,21,7141.0,6165.0,0,6647.861568584935,6634.5785213215495,6544.6406,6521.991373030177,6496.54094174832,6647.861568584935,2
2026-04-23,21,7310.0,6246.0,0,6501.446817385025,6664.939254535046,6582.6533,6696.840755344631,6534.913123767142,6501.446817385025,3
2026-04-24,21,7058.0,6607.0,0,6921.890827652576,6858.512080975519,7015.1577,6962.252279328206,6886.827172841661,6921.890827652576,4
2026-04-25,21,7699.0,7243.0,0,7711.362981918296,7754.734444267374,7798.0166,7568.59088734593,7742.44841272374,7711.362981918296,5
2026-04-26,21,6881.0,7590.0,0,7007.406721632043,7175.698399562357,7066.158,7061.219896130816,7115.615585078932,7007.406721632043,6
2026-04-27,21,6179.0,7028.0,0,6644.351256760617,6541.192677098924,6661.77,6600.16778398529,6689.202610823179,6644.351256760617,0
2026-04-28,21,6576.0,6282.0,0,6241.613731268588,6617.523001573508,6558.7993,6507.6608852692125,6382.399665504115,6241.613731268588,1
2026-04-01,22,6286.0,6047.0,0,6418.30061297485,6436.531026025649,6464.6055,6580.873524372413,6321.639543292873,6418.30061297485,2
2026-04-02,22,6375.0,6218.0,0,6622.239044580338,6539.478161291427,6757.182,6739.825556083857,6641.698326978134,6622.239044580338,3
2026-04-03,22,6704.0,6169.0,1,6919.865175321321,6566.583669231669,7068.7666,6838.536203318351,6910.600890610429,6958.037819759102,4
2026-04-04,22,6754.0,6909.0,1,7780.554873164753,7523.123742145576,7722.295,7602.570941297132,7774.115686419405,7814.39608345411,5
2026-04-05,22,7075.0,7175.0,1,7351.654431800497,7239.972189644687,7191.177,7180.488632669378,7303.328674181453,7416.83347887883,6
2026-04-06,22,6349.0,5644.0,1,6504.971227988716,6672.783185273494,6554.3696,6749.742091042828,6460.967603471759,6534.3026321346615,0
2026-04-07,22,6310.0,5625.0,0,6152.580078906238,6480.563212041557,6525.506,6539.656930635405,6257.31665347824,6152.580078906238,1
2026-04-08,22,6629.0,6425.0,0,6887.587447565969,6805.962598759071,6693.42,6829.220163376074,6797.309756339554,6887.587447565969,2
2026-04-09,22,6709.0,6391.0,0,6837.325125874313,6714.250373368122,6879.964,6830.534402300587,6785.575492685199,6837.325125874313,3
2026-04-10,22,7046.0,6538.0,0,6960.3839935384885,6968.5743637847845,7100.1655,7057.68042178558,6975.031170730396,6960.3839935384885,4
2026-04-11,22,7719.0,7218.0,0,7488.046822265758,7541.357208001844,7394.8867,7683.966283616961,7484.067420141102,7488.046822265758,5
2026-04-12,22,7188.0,7765.0,0,7163.050594106012,7034.216028224204,7040.984,7130.109980853524,7052.590913220571,7163.050594106012,6
2026-04-13,22,6645.0,7177.0,0,6674.946883498982,6819.654466875025,6617.214,6554.637280382171,6633.433172314874,6674.946883498982,0
2026-04-14,22,7135.0,6528.0,0,6785.692362846492,6855.975942368418,6788.778,6685.925233358649,6779.064776970139,6785.692362846492,1
2026-04-15,22,7167.0,6804.0,0,6990.872403831441,6986.40004145036,6946.387,6841.384299071957,6980.962016188835,6990.872403831441,2
2026-04-16,22,7122.0,7242.0,0,7183.961614303295,7095.9530135822215,7005.279,7052.360763840439,7165.41593079922,7183.961614303295,3
2026-04-17,22,7299.0,6806.0,0,7310.460758405258,7320.116374532941,7263.482,7276.690690448286,7211.5694606138595,7310.460758405258,4
2026-04-18,22,7958.0,7631.0,0,7815.086822298462,7763.818272743734,7767.6436,7642.995853811826,7738.825972453117,7815.086822298462,5
2026-04-19,22,7374.0,8675.0,0,7241.0405718576085,7430.226327651318,7337.034,7298.258963785101,7202.890197665227,7241.0405718576085,6
2026-04-20,22,6813.0,7872.0,0,6558.745410657751,6496.352649016087,6849.3945,6614.186996302144,6622.137347899865,6558.745410657751,0
2026-04-21,22,7027.0,6681.0,0,6647.235116032984,6556.072298263967,6715.982,6476.365152697173,6678.303356754838,6647.235116032984,1
2026-04-22,22,7141.0,6165.0,0,6762.005620776291,6595.991781228147,6782.3516,6625.83292770076,6716.461556057769,6762.005620776291,2
2026-04-23,22,7310.0,6246.0,0,6535.335357857563,6739.842785339221,6566.3135,6641.304789986414,6653.560291166545,6535.335357857563,3
2026-04-24,22,7058.0,6607.0,0,7007.501332878569,7056.9240983597,7148.979,6927.022672508902,7038.751109779761,7007.501332878569,4
2026-04-25,22,7699.0,7243.0,0,7761.0182170223225,7762.828727210468,7707.1816,7617.124825931779,7754.306068935849,7761.0182170223225,5
2026-04-26,22,6881.0,7590.0,0,7119.176511810643,7105.349175019899,7111.359,7139.748312245024,7117.6549338817895,7119.176511810643,6
2026-04-27,22,6179.0,7028.0,0,6737.519572556408,6662.867659632194,6658.819,6541.038535924179,6723.6679095290465,6737.519572556408,0
2026-04-28,22,6576.0,6282.0,0,6407.870929164885,6450.6864404073685,6535.742,6479.686013258657,6453.108442444861,6407.870929164885,1
2026-04-01,23,6286.0,6047.0,0,6311.00382126839,6602.058121150552,6472.3257,6510.377984641762,6392.004921930181,6311.00382126839,2
2026-04-02,23,6375.0,6218.0,0,6536.889062218503,6740.233049949295,6655.1445,6619.919124310019,6602.5203791200365,6536.889062218503,3
2026-04-03,23,6704.0,6169.0,1,6849.459643803276,6968.921307401642,6937.9575,6921.81516591131,6906.357677464662,6867.486031781505,4
2026-04-04,23,6754.0,6909.0,1,7718.030044467882,7337.405180788162,7732.2734,7608.489589069346,7799.128256479016,7720.4779450061715,5
2026-04-05,23,7075.0,7175.0,1,7329.45769858564,7121.582687313277,7169.1475,7179.536664401392,7417.464715923852,7334.5397410540045,6
2026-04-06,23,6349.0,5644.0,1,6462.677485778946,6390.451572670737,6464.4473,6632.542509432809,6389.9734907612765,6472.323108799507,0
2026-04-07,23,6310.0,5625.0,0,6286.963826561227,6635.193452636539,6477.434,6570.63547829573,6376.322974062419,6286.963826561227,1
2026-04-08,23,6629.0,6425.0,0,6756.701568298987,6738.0498806971655,6676.051,6771.657372807203,6678.452783591661,6756.701568298987,2
2026-04-09,23,6709.0,6391.0,0,6873.2253178315605,6875.854410049397,6815.909,6806.20099280209,6830.704155619645,6873.2253178315605,3
2026-04-10,23,7046.0,6538.0,0,7050.231659638096,7085.838346266732,6968.843,6950.051152947901,7053.517265318199,7050.231659638096,4
2026-04-11,23,7719.0,7218.0,0,7504.250395060573,7519.589875814811,7487.2925,7545.220279160779,7482.170326524664,7504.250395060573,5
2026-04-12,23,7188.0,7765.0,0,7054.74336063615,6929.3166058055795,6957.727,7094.1593731499415,7067.895755147157,7054.74336063615,6
2026-04-13,23,6645.0,7177.0,0,6666.303972660145,6801.907281576322,6613.1284,6692.029443339504,6665.234334172489,6666.303972660145,0
2026-04-14,23,7135.0,6528.0,0,6677.784977018413,6779.1237214291505,6720.704,6648.498893759611,6608.127563132189,6677.784977018413,1
2026-04-15,23,7167.0,6804.0,0,7019.257884637059,7030.358900990479,6909.304,6853.515095518294,6860.904674863658,7019.257884637059,2
2026-04-16,23,7122.0,7242.0,0,6830.097684061571,7036.675467297258,6846.3525,6977.583071644238,6811.3732886194775,6830.097684061571,3
2026-04-17,23,7299.0,6806.0,0,7252.252006829052,7247.447849787021,7245.8574,7174.188496990051,7129.017764996865,7252.252006829052,4
2026-04-18,23,7958.0,7631.0,0,7712.27364309028,7659.842752148601,7757.8853,7695.916232322827,7757.96348157995,7712.27364309028,5
2026-04-19,23,7374.0,8675.0,0,7088.694848813691,7246.017069431878,7193.576,7321.305931715796,7164.121718797818,7088.694848813691,6
2026-04-20,23,6813.0,7872.0,0,6401.830549054821,6812.11668760611,6685.3833,6682.3257402160325,6555.283540520416,6401.830549054821,0
2026-04-21,23,7027.0,6681.0,0,6482.76868605001,6540.682751505651,6507.675,6571.2696541403775,6401.948152895934,6482.76868605001,1
2026-04-22,23,7141.0,6165.0,0,6372.928283094771,6577.822997819945,6651.1553,6559.153943809621,6362.412529402379,6372.928283094771,2
2026-04-23,23,7310.0,6246.0,0,6774.088257874784,6574.287630441357,6565.138,6765.887453243528,6694.889444968753,6774.088257874784,3
2026-04-24,23,7058.0,6607.0,0,6952.805173825793,7037.002237411429,6989.678,7007.801055939835,7015.490507057743,6952.805173825793,4
2026-04-25,23,7699.0,7243.0,0,7780.186890503875,7858.71159489295,7719.6514,7613.260584536751,7734.984918118812,7780.186890503875,5
2026-04-26,23,6881.0,7590.0,0,7145.352055874278,7142.101077643177,7037.1226,7089.885695522207,7156.851035021103,7145.352055874278,6
2026-04-27,23,6179.0,7028.0,0,6591.178758521451,6638.247202867085,6574.9453,6556.168628099881,6608.360329158636,6591.178758521451,0
2026-04-28,23,6576.0,6282.0,0,6645.526938591152,6676.005217691812,6524.268,6471.7355734663615,6591.5009858654275,6645.526938591152,1
2026-04-01,24,6286.0,6047.0,0,6302.912821329441,6556.796358052871,6541.539,6601.198674833739,6289.357402897003,6302.912821329441,2
2026-04-02,24,6375.0,6218.0,0,6393.746135968766,6742.661977340526,6729.289,6750.613238634339,6448.778349183941,6393.746135968766,3
2026-04-03,24,6704.0,6169.0,1,6696.484682496588,6885.032662260884,6891.0996,6945.499298192549,6710.123413945262,6692.397497749643,4
2026-04-04,24,6754.0,6909.0,1,7628.223611682394,7495.786087046813,7603.546,7482.168779325428,7759.718789261836,7692.8516623534215,5
2026-04-05,24,7075.0,7175.0,1,7354.373899480082,7093.03226216241,7037.809,7232.128438439432,7428.050201854573,7461.335708392387,6
2026-04-06,24,6349.0,5644.0,1,6290.592098837248,6321.976825529678,6341.607,6306.53473062745,6310.685216754009,6327.032671668864,0
2026-04-07,24,6310.0,5625.0,0,6262.809590079029,6442.486116365435,6090.8955,6380.740947456805,6274.144862080869,6262.809590079029,1
2026-04-08,24,6629.0,6425.0,0,6677.966851491654,6839.989695388262,6650.9116,6787.184829566771,6596.67977024003,6677.966851491654,2
2026-04-09,24,6709.0,6391.0,0,6666.529151467028,6779.747742374688,6777.624,6774.752998941734,6647.593606693023,6666.529151467028,3
2026-04-10,24,7046.0,6538.0,0,7041.852517795114,7092.076313323065,7038.3364,6960.628171778171,7016.600208846025,7041.852517795114,4
2026-04-11,24,7719.0,7218.0,0,7469.025993214832,7613.703469883008,7404.6846,7497.791556592325,7462.759579435467,7469.025993214832,5
2026-04-12,24,7188.0,7765.0,0,6956.196838931693,7111.738849181644,7125.9854,7043.865840608226,6966.856283366901,6956.196838931693,6
2026-04-13,24,6645.0,7177.0,0,6639.875882221513,6684.450420719022,6533.4053,6612.6497073791425,6539.884879828237,6639.875882221513,0
2026-04-14,24,7135.0,6528.0,0,6603.0365346503495,6693.963549594912,6695.6987,6648.34343057595,6595.58832237277,6603.0365346503495,1
2026-04-15,24,7167.0,6804.0,0,6583.101688948213,6810.886224678005,6834.2793,6800.706109798386,6608.412139832752,6583.101688948213,2
2026-04-16,24,7122.0,7242.0,0,6976.355438916937,7024.867953748617,6955.8374,6849.208271391542,7017.8927078898405,6976.355438916937,3
2026-04-17,24,7299.0,6806.0,0,6906.889653111681,7242.949757171582,7130.4985,7072.353625336348,7018.789388129514,6906.889653111681,4
2026-04-18,24,7958.0,7631.0,0,7719.9433702743445,7724.546354391084,7584.054,7632.072943984632,7685.8292822279,7719.9433702743445,5
2026-04-19,24,7374.0,8675.0,0,7037.630131002806,7384.619795916487,7135.408,7142.69872171674,7100.037456552255,7037.630131002806,6
2026-04-20,24,6813.0,7872.0,0,6484.629546367951,6628.442692553174,6530.763,6651.915825810367,6535.048959269697,6484.629546367951,0
2026-04-21,24,7027.0,6681.0,0,6441.859003582481,6626.9042007265525,6656.5806,6579.202042449713,6645.004363373807,6441.859003582481,1
2026-04-22,24,7141.0,6165.0,0,6429.755879473751,6537.195841606984,6631.31,6647.862544050542,6497.908099281536,6429.755879473751,2
2026-04-23,24,7310.0,6246.0,0,6431.368162709342,6612.181816725702,6734.395,6658.396545101892,6571.101548984491,6431.368162709342,3
2026-04-24,24,7058.0,6607.0,0,7043.386571291559,7015.824582093632,7026.9243,6857.281444679793,7047.970667934306,7043.386571291559,4
2026-04-25,24,7699.0,7243.0,0,7741.006693550071,7781.863843184465,7708.1587,7671.165632979043,7790.375241036152,7741.006693550071,5
2026-04-26,24,6881.0,7590.0,0,7078.559035184194,7113.6216726295015,7043.1675,7222.765484614073,7130.770894485198,7078.559035184194,6
2026-04-27,24,6179.0,7028.0,0,6528.785571573647,6475.602182617699,6594.487,6520.5253392157165,6560.902896842769,6528.785571573647,0
2026-04-28,24,6576.0,6282.0,0,6405.781374621219,6500.972138655528,6622.903,6452.973482877191,6511.562716313961,6405.781374621219,1
2026-04-01,25,6286.0,6047.0,0,6335.998637390826,6660.234056491881,6669.171,6692.593880666426,6462.143180068811,6335.998637390826,2
2026-04-02,25,6375.0,6218.0,0,6547.467877727632,6781.234610059895,6782.9307,6752.450608581794,6574.987672758803,6547.467877727632,3
2026-04-03,25,6704.0,6169.0,1,6730.451217869649,6959.338628365558,7130.8447,6887.942137631018,6758.612865216558,6750.7054327784745,4
2026-04-04,25,6754.0,6909.0,1,7658.633210441391,7158.554179050897,7866.07,7574.408517773939,7712.233460183698,7690.747259740022,5
2026-04-05,25,7075.0,7175.0,1,7190.990240001535,6850.510136927318,7267.128,7276.712209140833,7385.072151719732,7214.150443484269,6
2026-04-06,25,6349.0,5644.0,1,6337.368633648845,6181.375414693694,6647.564,6309.341946375848,6293.883768785526,6229.7706820809635,0
2026-04-07,25,6310.0,5625.0,0,6169.992159525638,6536.551358977093,6460.7383,6337.251372232333,6192.237626029106,6169.992159525638,1
2026-04-08,25,6629.0,6425.0,0,6715.696530840471,6768.377113977906,6673.214,6754.563224708124,6727.00266299909,6715.696530840471,2
2026-04-09,25,6709.0,6391.0,0,6901.138758660962,6870.199847894622,6903.7075,6926.436702608558,6841.276904918183,6901.138758660962,3
2026-04-10,25,7046.0,6538.0,0,7107.354525454368,7007.968578910659,7045.4087,7064.703543379805,7017.1367089196,7107.354525454368,4
2026-04-11,25,7719.0,7218.0,0,7518.473876201885,7471.9330824392155,7546.403,7550.061670316103,7539.868621898826,7518.473876201885,5
2026-04-12,25,7188.0,7765.0,0,7161.693237293869,7042.005750005797,7070.581,7094.003492509626,7095.3454325206885,7161.693237293869,6
2026-04-13,25,6645.0,7177.0,0,6756.68014203159,6628.034855857433,6602.7246,6656.752857371682,6663.163189548676,6756.68014203159,0
2026-04-14,25,7135.0,6528.0,0,6735.972964606083,6739.265348467743,6828.948,6684.121870243228,6668.083091624981,6735.972964606083,1
2026-04-15,25,7167.0,6804.0,0,6639.214032320599,6843.372198376376,6969.796,6885.982241798832,6656.123259382032,6639.214032320599,2
2026-04-16,25,7122.0,7242.0,0,7063.16190728264,7024.113400390331,7028.131,6853.085165561955,7091.882942355143,7063.16190728264,3
2026-04-17,25,7299.0,6806.0,0,7190.008664785789,7166.016215650379,7142.825,7078.000654752314,7172.666387459457,7190.008664785789,4
2026-04-18,25,7958.0,7631.0,0,7652.561633035927,7715.651151470355,7639.4307,7419.352337223724,7708.586565273272,7652.561633035927,5
2026-04-19,25,7374.0,8675.0,0,6858.474363353452,7276.140962409487,7151.687,7138.254655759342,6996.81248283547,6858.474363353452,6
2026-04-20,25,6813.0,7872.0,0,6525.135478801857,6740.191861562311,6699.763,6685.961426236104,6589.783439347545,6525.135478801857,0
2026-04-21,25,7027.0,6681.0,0,6410.452419587013,6712.596052930297,6441.5894,6643.150476661742,6435.947233233481,6410.452419587013,1
2026-04-22,25,7141.0,6165.0,0,6460.725240480509,6705.828551316631,6571.0996,6684.125618873988,6419.281776107212,6460.725240480509,2
2026-04-23,25,7310.0,6246.0,0,6715.530363039937,6019.58667987513,6666.7188,6632.9700662827345,6631.612126051393,6715.530363039937,3
2026-04-24,25,7058.0,6607.0,0,6897.761996485617,6551.317232516871,7024.49,6919.20213624732,6851.528682478991,6897.761996485617,4
2026-04-25,25,7699.0,7243.0,0,7683.117680788516,7387.38179872189,7660.1445,7437.408850658748,7708.904143215553,7683.117680788516,5
2026-04-26,25,6881.0,7590.0,0,6991.992810425922,7100.4358922238,7051.5654,7109.627442633325,7112.28206351581,6991.992810425922,6
2026-04-27,25,6179.0,7028.0,0,6586.2454470594175,6592.280506165085,6706.8794,6606.507532062604,6645.452622546788,6586.2454470594175,0
2026-04-28,25,6576.0,6282.0,0,6612.353412436945,6595.1438442819845,6631.5366,6487.544441253798,6703.7514719600285,6612.353412436945,1
2026-04-01,26,6286.0,6047.0,0,6442.029859151676,6328.093117179071,6461.3574,6567.200079870227,6469.730595516609,6442.029859151676,2
2026-04-02,26,6375.0,6218.0,0,6584.459728497543,6791.889507797497,6640.3926,6797.975925298566,6693.208045219114,6584.459728497543,3
2026-04-03,26,6704.0,6169.0,1,6766.731245770199,6969.689392833028,6961.5103,7110.643855749852,6818.29788841063,6787.90188460626,4
2026-04-04,26,6754.0,6909.0,1,7498.756769121192,6797.5306753717605,7628.126,7613.480998521138,7609.650067692735,7523.24945881965,5
2026-04-05,26,7075.0,7175.0,1,7238.608714033173,6569.35809501113,7075.827,7263.163671263133,7247.959108322881,7270.066227307638,6
2026-04-06,26,6349.0,5644.0,1,6563.650641202545,5653.017470580548,6425.855,6535.605698168399,6404.827117873777,6581.063792698764,0
2026-04-07,26,6310.0,5625.0,0,6183.471625832273,6367.575757379011,6244.134,6434.499993328472,6210.973172578932,6183.471625832273,1
2026-04-08,26,6629.0,6425.0,0,6645.950194379208,6646.577542994579,6376.1953,6669.674552226728,6653.996027486307,6645.950194379208,2
2026-04-09,26,6709.0,6391.0,0,6812.35702473343,6805.856997104836,6654.6304,6795.264147711192,6915.729241312655,6812.35702473343,3
2026-04-10,26,7046.0,6538.0,0,7062.587945985618,7028.634991315254,6995.8438,7073.382391754521,7068.4538491640415,7062.587945985618,4
2026-04-11,26,7719.0,7218.0,0,7437.561120238346,7505.151393198175,7361.7812,7544.0686349069065,7453.3904479777775,7437.561120238346,5
2026-04-12,26,7188.0,7765.0,0,6930.76471663728,6960.4198834598,7082.051,7073.275081533247,7040.375485723103,6930.76471663728,6
2026-04-13,26,6645.0,7177.0,0,6643.344640832963,6601.338294818238,6453.035,6566.424962905963,6692.667143807291,6643.344640832963,0
2026-04-14,26,7135.0,6528.0,0,6708.219466143364,6657.650344510909,6764.446,6658.156194250576,6741.086394124669,6708.219466143364,1
2026-04-15,26,7167.0,6804.0,0,6911.357021570972,6741.986708439579,6849.1274,6800.642310243067,6908.7398216696465,6911.357021570972,2
2026-04-16,26,7122.0,7242.0,0,6933.856643512131,6956.312562143676,6953.363,6984.84219391885,7010.9085390691425,6933.856643512131,3
2026-04-17,26,7299.0,6806.0,0,7179.302035835748,7140.8782185141035,7216.019,7077.863251413351,7140.547827483453,7179.302035835748,4
2026-04-18,26,7958.0,7631.0,0,7651.350146643839,7726.721124391866,7741.7163,7709.747256325302,7693.514945942526,7651.350146643839,5
2026-04-19,26,7374.0,8675.0,0,7195.648692943049,7409.486608710817,7189.3413,7343.7472834975315,7241.813201900125,7195.648692943049,6
2026-04-20,26,6813.0,7872.0,0,6579.105051761822,6806.636042913049,6739.344,6738.892017546549,6635.120908778738,6579.105051761822,0
2026-04-21,26,7027.0,6681.0,0,6753.6471564508265,6708.03568033985,6711.4897,6692.40924224844,6770.403303860632,6753.6471564508265,1
2026-04-22,26,7141.0,6165.0,0,6597.984466713668,6718.76554791733,6790.6533,6731.862744868896,6610.764083298421,6597.984466713668,2
2026-04-23,26,7310.0,6246.0,0,6886.961405738612,6737.475155546805,6733.1274,6801.962171568673,6811.98791054036,6886.961405738612,3
2026-04-24,26,7058.0,6607.0,0,7050.605633421219,6748.759714333313,7155.1147,6924.4589444300955,7003.954802346467,7050.605633421219,4
2026-04-25,26,7699.0,7243.0,0,7610.7450127357715,7455.971971524828,7640.6226,7466.412275902037,7687.84118151193,7610.7450127357715,5
2026-04-26,26,6881.0,7590.0,0,7022.802217147165,7040.968905990854,7058.3647,7006.268701923761,7050.895504300758,7022.802217147165,6
2026-04-27,26,6179.0,7028.0,0,6551.461048632297,6556.55762415397,6652.891,6500.1246181544375,6608.457150917035,6551.461048632297,0
2026-04-28,26,6576.0,6282.0,0,6628.802448401319,6564.407591383143,6624.814,6477.01307794985,6620.762425281944,6628.802448401319,1
2026-04-01,27,6286.0,6047.0,0,6445.391990804638,6607.494870392784,6672.313,6563.59769833237,6377.8196398115115,6445.391990804638,2
2026-04-02,27,6375.0,6218.0,0,6619.732874199758,6652.971518927953,6787.794,6725.583888126846,6637.624081099303,6619.732874199758,3
2026-04-03,27,6704.0,6169.0,1,6752.182323715051,6908.589442427105,6971.6025,6807.111603599663,6797.18411525986,6755.903773793679,4
2026-04-04,27,6754.0,6909.0,1,7573.717279644134,7218.672116224141,7681.108,7338.509468341133,7539.412761504925,7590.810131393301,5
2026-04-05,27,7075.0,7175.0,1,7314.843739692645,7024.175052488204,7115.0186,7095.907414966642,7237.8174241261295,7321.244496962371,6
2026-04-06,27,6349.0,5644.0,1,6434.290732752114,6314.868414343787,6517.222,6413.503602264131,6430.023783414286,6414.268257213697,0
2026-04-07,27,6310.0,5625.0,0,6276.054065177841,6506.533471096737,6411.5747,6507.975186160823,6311.279039576807,6276.054065177841,1
2026-04-08,27,6629.0,6425.0,0,6678.557099778521,6690.242619987922,6552.792,6780.499137377818,6653.448407384894,6678.557099778521,2
2026-04-09,27,6709.0,6391.0,0,6770.277795783354,6711.481112668511,6751.065,6748.036659950391,6794.769976549607,6770.277795783354,3
2026-04-10,27,7046.0,6538.0,0,6970.086971759123,7018.7543596344085,7221.2056,7133.108596817436,7004.388049061569,6970.086971759123,4
2026-04-11,27,7719.0,7218.0,0,7577.314168540232,7486.219221510192,7432.4214,7611.291137003388,7465.003765371376,7577.314168540232,5
2026-04-12,27,7188.0,7765.0,0,6978.271456276857,7110.10181474567,7040.7007,7071.533927094064,6981.772439089538,6978.271456276857,6
2026-04-13,27,6645.0,7177.0,0,6602.96057641402,6554.439581933221,6474.135,6658.703232854631,6610.609291351427,6602.96057641402,0
2026-04-14,27,7135.0,6528.0,0,6766.357140961175,6702.339228760095,6766.598,6767.672810561413,6743.782011809505,6766.357140961175,1
2026-04-15,27,7167.0,6804.0,0,6893.39370297093,6836.614130342664,6812.837,6915.542303111394,6919.267986566137,6893.39370297093,2
2026-04-16,27,7122.0,7242.0,0,7079.428636543069,6994.338598459734,6864.03,7030.4620081179,7077.886543268888,7079.428636543069,3
2026-04-17,27,7299.0,6806.0,0,7191.067583345701,7096.296846285109,7122.8823,7185.561104096597,7158.807326746137,7191.067583345701,4
2026-04-18,27,7958.0,7631.0,0,7572.524740030249,7703.753198725032,7712.3916,7628.667159274619,7727.073860772182,7572.524740030249,5
2026-04-19,27,7374.0,8675.0,0,7095.455370766175,7348.4498801128,7284.914,7313.701100136872,7191.779654272424,7095.455370766175,6
2026-04-20,27,6813.0,7872.0,0,6602.751969194068,6750.532616218078,6747.6943,6751.452888203271,6659.48599598714,6602.751969194068,0
2026-04-21,27,7027.0,6681.0,0,6738.079335854649,6701.361549163379,6792.845,6789.196689483635,6718.789525892814,6738.079335854649,1
2026-04-22,27,7141.0,6165.0,0,6790.325115867828,6748.528301380687,6823.4155,6850.743856061499,6735.992712274055,6790.325115867828,2
2026-04-23,27,7310.0,6246.0,0,6817.17801812153,6670.560628333823,6779.8564,6891.285078653766,6798.464445827537,6817.17801812153,3
2026-04-24,27,7058.0,6607.0,0,6929.89301694976,6949.418304838363,7072.5977,7074.79145527937,6964.613101743638,6929.89301694976,4
2026-04-25,27,7699.0,7243.0,0,7476.985729673041,7570.502168829109,7481.7656,7532.931209492992,7599.012329378714,7476.985729673041,5
2026-04-26,27,6881.0,7590.0,0,6957.4919268620315,6955.775728086249,7056.814,7055.952986486636,6941.339286414666,6957.4919268620315,6
2026-04-27,27,6179.0,7028.0,0,6515.748109424105,6562.477257713691,6577.2715,6574.209344020613,6545.420782576336,6515.748109424105,0
2026-04-28,27,6576.0,6282.0,0,6623.120958944363,6642.400347882177,6625.348,6569.225677436711,6626.158990899319,6623.120958944363,1
2026-04-01,28,6286.0,6047.0,0,6330.452320444771,6607.620688097195,6613.207,6452.162757604269,6425.608560034504,6330.452320444771,2
2026-04-02,28,6375.0,6218.0,0,6514.671872272371,6803.777004814408,6707.5215,6777.222381925609,6682.568316785065,6514.671872272371,3
2026-04-03,28,6704.0,6169.0,1,6685.02073415668,6812.338702867721,6932.466,6790.3604312769085,6757.62275044368,6654.416074336733,4
2026-04-04,28,6754.0,6909.0,1,7500.7969548408655,7150.518381978774,7571.309,7415.985481007838,7470.530233146845,7520.178847096769,5
2026-04-05,28,7075.0,7175.0,1,7167.267196679532,6931.524057494534,7141.934,7134.527897724835,7154.444928335309,7189.376514039357,6
2026-04-06,28,6349.0,5644.0,1,6466.935067993194,6570.342113766343,6422.065,6513.190808029549,6383.82642599426,6461.4554400071665,0
2026-04-07,28,6310.0,5625.0,0,6274.401316984206,6591.654667509745,6225.029,6533.989398224778,6241.001617211521,6274.401316984206,1
2026-04-08,28,6629.0,6425.0,0,6626.479613629363,6823.8822311362965,6523.8784,6799.536547535446,6644.165667697787,6626.479613629363,2
2026-04-09,28,6709.0,6391.0,0,6780.358637798638,6840.6899435527885,6828.022,6858.262692558211,6812.880781433608,6780.358637798638,3
2026-04-10,28,7046.0,6538.0,0,6866.789352335062,6991.544828665816,7021.65,6955.219068694396,6940.5396267650685,6866.789352335062,4
2026-04-11,28,7719.0,7218.0,0,7559.933371916833,7432.036498926287,7423.3745,7498.04708837009,7441.442653142029,7559.933371916833,5
2026-04-12,28,7188.0,7765.0,0,7004.503578583114,7069.814745597886,7012.076,7114.541041930714,7023.195310603861,7004.503578583114,6
2026-04-13,28,6645.0,7177.0,0,6701.46919261429,6652.391820375929,6528.0503,6685.737773742707,6664.22002981354,6701.46919261429,0
2026-04-14,28,7135.0,6528.0,0,6696.117314358929,6610.313817891998,6608.128,6707.137723970021,6685.212752598761,6696.117314358929,1
2026-04-15,28,7167.0,6804.0,0,6900.331744272547,6895.090707338572,6923.183,6888.978813153867,6932.20618440634,6900.331744272547,2
2026-04-16,28,7122.0,7242.0,0,7081.458304872785,7057.7787869521635,6921.174,7000.787086317832,7082.1625800142765,7081.458304872785,3
2026-04-17,28,7299.0,6806.0,0,7213.05029299021,7201.499096426876,7272.7144,7073.209202087185,7165.1840445658245,7213.05029299021,4
2026-04-18,28,7958.0,7631.0,0,7633.809585943132,7716.24023885895,7736.2466,7603.407312556099,7725.973153155967,7633.809585943132,5
2026-04-19,28,7374.0,8675.0,0,6938.677541295896,7487.029757643112,7317.956,7114.462948787314,7163.461157864388,6938.677541295896,6
2026-04-20,28,6813.0,7872.0,0,6681.62260628462,6736.7185433099885,6674.1177,6706.22500285472,6654.560064673718,6681.62260628462,0
2026-04-21,28,7027.0,6681.0,0,6744.263615301259,6673.995359187181,6735.4644,6754.361667177049,6776.028439351655,6744.263615301259,1
2026-04-22,28,7141.0,6165.0,0,6802.359482087341,6679.587932490768,6892.043,6750.576822731399,6762.915921236807,6802.359482087341,2
2026-04-23,28,7310.0,6246.0,0,6814.284673233872,6689.811197784711,6802.4253,6820.008136209729,6858.035651982117,6814.284673233872,3
2026-04-24,28,7058.0,6607.0,0,6902.805852624407,7045.429448398879,7113.551,7043.759655411865,6984.716783637649,6902.805852624407,4
2026-04-25,28,7699.0,7243.0,0,7620.074927116587,7739.893038325562,7662.428,7593.011905677839,7696.250283486392,7620.074927116587,5
2026-04-26,28,6881.0,7590.0,0,6923.634810841945,7124.36199168157,7059.5684,7068.167990670179,7008.480208954065,6923.634810841945,6
2026-04-27,28,6179.0,7028.0,0,6522.806824470329,6502.793577138147,6598.5474,6529.716241801442,6547.1445207599,6522.806824470329,0
2026-04-28,28,6576.0,6282.0,0,6544.63921661532,6614.474006371957,6726.566,6569.833514667531,6593.801234997962,6544.63921661532,1
