target_date,horizon,y,lag_365,is_hol,lgbm_l2,lgbm_q,xgb,cat,lgbm_bag,v3_2stage,dow
2026-03-01,1,7091.0,7870.0,0,7229.31972023127,7236.537122729447,7105.321,7259.052723207849,7325.455362251101,7229.31972023127,6
2026-03-02,1,6255.0,7022.0,0,6654.8585226456735,6645.302481667402,6870.868,6580.572717471723,6769.999708022709,6654.8585226456735,0
2026-03-03,1,5836.0,7295.0,0,6692.458657784756,6702.636032303853,6852.757,6735.734133943142,6771.333821403772,6692.458657784756,1
2026-03-04,1,5808.0,7199.0,0,6339.41271665103,6721.731024423912,6656.158,6587.999072981116,6552.484351580759,6339.41271665103,2
2026-03-05,1,6099.0,7107.0,0,6578.53548659099,6897.069700925268,6753.104,6810.287028986562,6776.869244454509,6578.53548659099,3
2026-03-06,1,6804.0,6898.0,0,6736.134284637691,6923.467872055071,7014.658,6790.870764732241,6845.713288774713,6736.134284637691,4
2026-03-07,1,7626.0,7746.0,0,7739.210112246467,7427.1380861528805,7367.903,7416.813001027878,7594.706669070205,7739.210112246467,5
2026-03-08,1,7092.0,7849.0,0,7426.994942065173,7358.6055317692135,7277.4087,7421.055201016417,7425.940993754496,7426.994942065173,6
2026-03-09,1,6789.0,7348.0,0,6773.1093028539435,6780.619979723761,6918.566,6812.485405344851,6915.281843712284,6773.1093028539435,0
2026-03-10,1,6851.0,7111.0,0,6716.747729485401,6755.5760965344825,6961.853,6815.178719613488,6783.236980041544,6716.747729485401,1
2026-03-11,1,6909.0,7133.0,0,7040.910566572264,6919.275719412905,7024.7935,6742.522939253944,7011.687470345328,7040.910566572264,2
2026-03-12,1,6995.0,7565.0,0,7377.990284704122,7236.297070993557,7271.719,7415.050640610769,7358.259935245039,7377.990284704122,3
2026-03-13,1,7478.0,7111.0,0,7533.512983731203,7385.338424989341,7405.709,7487.0625301327,7586.139376119056,7533.512983731203,4
2026-03-14,1,8041.0,6638.0,0,8035.548037563543,7571.347495420981,7827.0083,7795.1332161572345,7954.362348533392,8035.548037563543,5
2026-03-15,1,7248.0,7262.0,0,7385.144723545295,7307.133556476378,7460.6694,7374.678595008807,7465.296532009761,7385.144723545295,6
2026-03-16,1,6605.0,7107.0,0,6861.565313380649,6685.072238554091,6815.857,6739.338932413315,6881.755290306683,6861.565313380649,0
2026-03-17,1,7018.0,6507.0,0,6705.555919373092,6676.66032752216,6936.2715,6769.423008913535,6716.101043065143,6705.555919373092,1
2026-03-18,1,7236.0,7211.0,0,6880.950167759367,6870.03989612398,6858.926,6858.938378460481,6874.697182646286,6880.950167759367,2
2026-03-19,1,7244.0,7791.0,0,7066.632444937772,7001.460236533646,7028.2793,7111.109709756464,7052.589875777964,7066.632444937772,3
2026-03-20,1,7336.0,7607.0,0,7389.5623445485335,7389.4875787326355,7430.155,7425.151517989927,7392.608064739663,7389.5623445485335,4
2026-03-21,1,7576.0,7612.0,0,7904.133433797967,7700.744399568742,7894.985,7775.160969719482,7866.379816411668,7904.133433797967,5
2026-03-22,1,6941.0,7978.0,0,7162.245973395943,7128.13120765955,7198.029,7335.837146116456,7177.891628538554,7162.245973395943,6
2026-03-23,1,6779.0,6837.0,0,6501.445174209161,6739.519808958058,6645.343,6718.251041527619,6597.678479020527,6501.445174209161,0
2026-03-24,1,6916.0,6832.0,0,6790.067720129524,6898.448781803647,6711.2104,6802.637235491327,6818.946245702197,6790.067720129524,1
2026-03-25,1,6997.0,7046.0,0,7157.554552182254,6947.084655598061,6733.746,6939.023621784093,7017.2370730960365,7157.554552182254,2
2026-03-26,1,6924.0,7312.0,0,7098.246318615683,7009.29060227541,6954.955,7047.750425031729,7027.723779282695,7098.246318615683,3
2026-03-27,1,6814.0,6936.0,0,7355.786965931774,7281.47104730265,7240.9707,7370.214337862722,7388.94461219855,7355.786965931774,4
2026-03-28,1,7429.0,7674.0,0,7819.942445524892,7722.2113362203245,7686.941,7687.765473399267,7812.18201142777,7819.942445524892,5
2026-03-01,2,7091.0,7870.0,0,7152.451661996366,7305.016814058656,7172.1235,7284.993551410727,7341.002409214816,7152.451661996366,6
2026-03-02,2,6255.0,7022.0,0,6747.690159090593,6710.666545109676,6825.573,6497.446592065991,6758.014293890944,6747.690159090593,0
2026-03-03,2,5836.0,7295.0,0,6681.5941872865715,6696.718472881486,6705.1514,6595.74101086143,6757.665666669233,6681.5941872865715,1
2026-03-04,2,5808.0,7199.0,0,6840.769152753388,6935.777891419533,6805.645,6836.775061900484,6768.69477108804,6840.769152753388,2
2026-03-05,2,6099.0,7107.0,0,7133.624885768675,7201.685896775235,6965.7793,7157.263084361913,7102.67560743169,7133.624885768675,3
2026-03-06,2,6804.0,6898.0,0,7203.223470628349,7279.901530509752,7244.3257,7309.249158073105,7131.046076170132,7203.223470628349,4
2026-03-07,2,7626.0,7746.0,0,7619.5345487825625,7513.383381565875,7532.3325,7537.731849979084,7682.043978055924,7619.5345487825625,5
2026-03-08,2,7092.0,7849.0,0,7425.484734989937,7297.6283922320235,7241.9473,7461.012061937791,7362.554208977945,7425.484734989937,6
2026-03-09,2,6789.0,7348.0,0,6872.198451137419,6921.342723582648,6915.514,6765.872073523784,6881.4039113629,6872.198451137419,0
2026-03-10,2,6851.0,7111.0,0,6836.931897696742,6793.70135758877,6995.647,6878.516629122515,6921.783141316988,6836.931897696742,1
2026-03-11,2,6909.0,7133.0,0,7055.985836934052,7108.943864877085,7030.215,7046.786394410233,7049.63629785727,7055.985836934052,2
2026-03-12,2,6995.0,7565.0,0,7304.07319105593,7295.851720441556,7273.4844,7372.57070752904,7328.469977701047,7304.07319105593,3
2026-03-13,2,7478.0,7111.0,0,7597.4304311565575,7528.3621203804,7375.0176,7521.660627384898,7579.765296056183,7597.4304311565575,4
2026-03-14,2,8041.0,6638.0,0,7979.273871594621,7705.835689898774,7753.838,7818.4415796417015,7946.887727028392,7979.273871594621,5
2026-03-15,2,7248.0,7262.0,0,7547.277882532694,7425.261375020899,7458.3823,7406.099347698723,7465.565455994368,7547.277882532694,6
2026-03-16,2,6605.0,7107.0,0,6930.797527125588,6754.237379615918,6861.962,6756.771186834372,6900.754435500374,6930.797527125588,0
2026-03-17,2,7018.0,6507.0,0,6809.863302806435,6746.194105741374,6941.6797,6845.002092809037,6826.223272939824,6809.863302806435,1
2026-03-18,2,7236.0,7211.0,0,6790.156935113358,6831.446243122767,6953.624,6849.29510752934,6809.611087172153,6790.156935113358,2
2026-03-19,2,7244.0,7791.0,0,7017.653996683665,7029.793962859874,7023.319,7106.844082963377,7025.73792552591,7017.653996683665,3
2026-03-20,2,7336.0,7607.0,0,7412.133177545291,7413.984048305742,7278.5566,7339.50641146141,7393.358192567738,7412.133177545291,4
2026-03-21,2,7576.0,7612.0,0,7900.872093063074,7790.082986766681,7734.5693,7758.727244168043,7956.946659448251,7900.872093063074,5
2026-03-22,2,6941.0,7978.0,0,7189.442396180038,7268.471454315767,7192.338,7310.533261843309,7173.2010742628945,7189.442396180038,6
2026-03-23,2,6779.0,6837.0,0,6606.279976878925,6690.460119318816,6685.3174,6693.315656631398,6573.324641779532,6606.279976878925,0
2026-03-24,2,6916.0,6832.0,0,6685.688232761516,6911.200906144875,6776.225,6799.774615117013,6682.494681702326,6685.688232761516,1
2026-03-25,2,6997.0,7046.0,0,6780.398226787773,7003.193763054069,6763.246,6896.149343839209,6846.215968176184,6780.398226787773,2
2026-03-26,2,6924.0,7312.0,0,6817.184763963476,6946.804983650753,6818.081,6984.237805805181,6808.823891150206,6817.184763963476,3
2026-03-27,2,6814.0,6936.0,0,7177.875340764426,7345.458536359371,7272.7305,7418.108000982302,7252.371272024619,7177.875340764426,4
2026-03-28,2,7429.0,7674.0,0,7672.907873709828,7803.734598802614,7687.9,7635.787531427174,7739.72230161881,7672.907873709828,5
2026-03-01,3,7091.0,7870.0,0,7058.817544321895,7266.437222685288,7033.863,7298.026261720443,7268.077615174312,7058.817544321895,6
2026-03-02,3,6255.0,7022.0,0,6769.526562597077,6652.4912235708325,6712.8,6553.1566286058915,6791.75443746908,6769.526562597077,0
2026-03-03,3,5836.0,7295.0,0,6834.548103089983,6616.405494918852,6712.888,6762.541753645668,6870.125980351712,6834.548103089983,1
2026-03-04,3,5808.0,7199.0,0,6690.230414003756,6896.230672267136,6793.6196,6860.50500826424,6725.357585346269,6690.230414003756,2
2026-03-05,3,6099.0,7107.0,0,7083.84720022505,7217.102251304123,7085.1055,7172.472193718224,7136.196066010474,7083.84720022505,3
2026-03-06,3,6804.0,6898.0,0,7191.854086026487,7271.043180300035,7316.1763,7241.916524179376,7288.8447098789575,7191.854086026487,4
2026-03-07,3,7626.0,7746.0,0,7750.073194639916,7701.602016395533,7586.1147,7714.904595392485,7835.11644512299,7750.073194639916,5
2026-03-08,3,7092.0,7849.0,0,7423.255684280635,7470.043669833689,7346.095,7245.278566770232,7507.19397950736,7423.255684280635,6
2026-03-09,3,6789.0,7348.0,0,6899.128163200654,6812.5530978007,6882.8184,6655.783919809541,6861.328852646541,6899.128163200654,0
2026-03-10,3,6851.0,7111.0,0,6897.149166678818,6715.02023990388,6998.5635,6905.017835033231,6974.816168948352,6897.149166678818,1
2026-03-11,3,6909.0,7133.0,0,7051.309462264604,6830.314257084692,7110.785,7067.190722500498,7148.759329633875,7051.309462264604,2
2026-03-12,3,6995.0,7565.0,0,7307.312131962435,7298.652597198767,7272.1597,7378.737499268986,7418.598763371717,7307.312131962435,3
2026-03-13,3,7478.0,7111.0,0,7650.039281236674,7539.6623723480125,7243.025,7494.246166310005,7642.706395269561,7650.039281236674,4
2026-03-14,3,8041.0,6638.0,0,8120.32207268302,7722.369370607161,7705.378,7900.222958382907,8057.546607870171,8120.32207268302,5
2026-03-15,3,7248.0,7262.0,0,7324.369853768864,7406.1330366746415,7176.293,7361.180654882383,7385.268128192009,7324.369853768864,6
2026-03-16,3,6605.0,7107.0,0,6861.0682863790635,6788.135983734994,6737.046,6764.934320929494,6878.333225255687,6861.0682863790635,0
2026-03-17,3,7018.0,6507.0,0,6828.806776814363,6727.02070896684,6875.24,6906.914597404646,6874.444455717425,6828.806776814363,1
2026-03-18,3,7236.0,7211.0,0,6680.871563735821,6849.395751796871,7000.347,6976.59070114626,6880.860326479759,6680.871563735821,2
2026-03-19,3,7244.0,7791.0,0,7050.962313839154,7139.184352982871,7058.913,7216.262717305957,7177.149804034416,7050.962313839154,3
2026-03-20,3,7336.0,7607.0,0,7248.521705290861,7318.122948432688,7218.23,7379.129503096223,7328.118315243987,7248.521705290861,4
2026-03-21,3,7576.0,7612.0,0,7859.157240834902,7720.481320780607,7722.66,7729.76475149617,7960.352394827034,7859.157240834902,5
2026-03-22,3,6941.0,7978.0,0,7201.7444309269,7076.425212561722,7081.1304,7210.618862497637,7259.941433511866,7201.7444309269,6
2026-03-23,3,6779.0,6837.0,0,6345.866446650426,6584.974722376261,6654.1577,6690.8528013170635,6491.799241116233,6345.866446650426,0
2026-03-24,3,6916.0,6832.0,0,6672.418538732014,6676.7348032705995,6735.477,6752.9849853207925,6714.659942243019,6672.418538732014,1
2026-03-25,3,6997.0,7046.0,0,6836.487428963903,6862.54480376091,6834.775,6884.680888619748,6820.0677732707145,6836.487428963903,2
2026-03-26,3,6924.0,7312.0,0,6850.81912886376,6870.353945397618,6960.074,6945.032639722141,6865.307716368654,6850.81912886376,3
2026-03-27,3,6814.0,6936.0,0,7247.838060522352,7314.646358804339,7206.616,7348.329640620219,7293.424747409474,7247.838060522352,4
2026-03-28,3,7429.0,7674.0,0,7691.145029938666,7758.13620064934,7721.09,7679.97236283919,7729.960765342298,7691.145029938666,5
2026-03-01,4,7091.0,7870.0,0,7224.611196310774,7297.9384709860105,7245.8154,7286.385694630336,7315.320356033609,7224.611196310774,6
2026-03-02,4,6255.0,7022.0,0,6823.425840319242,6617.197800649518,6803.7285,6609.7312605706675,6830.081039707441,6823.425840319242,0
2026-03-03,4,5836.0,7295.0,0,6825.863962945352,6653.546533939518,6887.542,6803.386257902514,6846.827614688034,6825.863962945352,1
2026-03-04,4,5808.0,7199.0,0,6913.55629519933,6795.900997592981,7035.9336,6920.36465789328,6941.9260024317855,6913.55629519933,2
2026-03-05,4,6099.0,7107.0,0,7111.141117866952,7173.878944917879,7178.8384,7167.586273203315,7151.318787084162,7111.141117866952,3
2026-03-06,4,6804.0,6898.0,0,7141.478588635201,7275.857108200811,7306.937,7315.684792293483,7155.9881139129075,7141.478588635201,4
2026-03-07,4,7626.0,7746.0,0,7734.125469293912,7624.926310114187,7595.2686,7617.351334100895,7843.120847255435,7734.125469293912,5
2026-03-08,4,7092.0,7849.0,0,7469.468676615018,7465.84253188451,7420.2456,7376.757493080292,7556.149769659246,7469.468676615018,6
2026-03-09,4,6789.0,7348.0,0,6811.147062787664,6797.238823405002,6902.6465,6823.348205261699,6853.952260727965,6811.147062787664,0
2026-03-10,4,6851.0,7111.0,0,6727.575826294665,6750.7707585641065,6997.537,6772.298619897667,6785.48108163917,6727.575826294665,1
2026-03-11,4,6909.0,7133.0,0,7195.52599763092,6855.848045980374,7150.01,6939.282375335145,7131.721438177298,7195.52599763092,2
2026-03-12,4,6995.0,7565.0,0,7386.150517655779,7309.307462496489,7326.7847,7314.723836864047,7429.656085853164,7386.150517655779,3
2026-03-13,4,7478.0,7111.0,0,7724.80728109222,7416.221612380623,7411.846,7420.3208498912845,7622.798792944853,7724.80728109222,4
2026-03-14,4,8041.0,6638.0,0,8080.873684613669,7618.392461491903,7768.6313,7716.667713915711,8000.654463074548,8080.873684613669,5
2026-03-15,4,7248.0,7262.0,0,7416.944345881281,7338.553526287051,7549.946,7365.508495993759,7480.268829882666,7416.944345881281,6
2026-03-16,4,6605.0,7107.0,0,6871.696872052994,6791.030379029634,6894.951,6714.438225429203,6880.728220667405,6871.696872052994,0
2026-03-17,4,7018.0,6507.0,0,6898.316687861388,6795.561746169419,7021.0938,6772.6296962444485,6871.1107287224695,6898.316687861388,1
2026-03-18,4,7236.0,7211.0,0,6827.429285168795,6781.334211736867,6999.4595,6872.333956943646,6908.137965100162,6827.429285168795,2
2026-03-19,4,7244.0,7791.0,0,7149.922224621839,7073.772789365003,6984.4077,7015.374132750764,7170.796943631223,7149.922224621839,3
2026-03-20,4,7336.0,7607.0,0,7399.176505834461,7292.573396260049,7246.1045,7292.070745686651,7370.1097097963275,7399.176505834461,4
2026-03-21,4,7576.0,7612.0,0,7886.364955941691,7656.983576381632,7740.475,7705.785802125384,7884.484323371221,7886.364955941691,5
2026-03-22,4,6941.0,7978.0,0,7297.176249420589,7175.640895978041,7133.0273,7196.520591432674,7270.030813078375,7297.176249420589,6
2026-03-23,4,6779.0,6837.0,0,6459.598562327058,6534.97596995437,6683.1274,6672.5998830884255,6563.010533796823,6459.598562327058,0
2026-03-24,4,6916.0,6832.0,0,6718.590327406727,6713.479270824027,6814.13,6745.215540525033,6715.886984969883,6718.590327406727,1
2026-03-25,4,6997.0,7046.0,0,6829.056163652097,6865.61847114142,6944.8867,6858.270227947267,6818.102263693105,6829.056163652097,2
2026-03-26,4,6924.0,7312.0,0,6681.914956879221,6968.284382488238,6969.7896,6936.194956622811,6797.794563731183,6681.914956879221,3
2026-03-27,4,6814.0,6936.0,0,7221.623724030398,7305.659934809897,7245.5063,7286.167674971007,7269.252574822344,7221.623724030398,4
2026-03-28,4,7429.0,7674.0,0,7573.023276866021,7664.793181417705,7734.3784,7645.094889877851,7687.404973533536,7573.023276866021,5
2026-03-01,5,7091.0,7870.0,0,7216.92082839451,7379.441449024529,7196.2007,7168.526203303375,7396.719626864639,7216.92082839451,6
2026-03-02,5,6255.0,7022.0,0,6928.876481941417,6723.512582366373,6837.0703,6547.882770476498,7007.581755877424,6928.876481941417,0
2026-03-03,5,5836.0,7295.0,0,6944.295632798686,6589.231819744107,6818.1553,6680.6530369250495,6973.693672623044,6944.295632798686,1
2026-03-04,5,5808.0,7199.0,0,6931.258891169232,6914.935517975908,6941.365,6906.462859659425,6991.894753724009,6931.258891169232,2
2026-03-05,5,6099.0,7107.0,0,7208.188114270482,7234.398374584828,7144.5312,7200.879315920231,7188.832478038513,7208.188114270482,3
2026-03-06,5,6804.0,6898.0,0,7256.16252708042,7239.148314640514,7394.613,7260.406776282827,7252.3267095331585,7256.16252708042,4
2026-03-07,5,7626.0,7746.0,0,7963.660635463043,7677.198500437072,7732.21,7599.999156871902,7923.78202869912,7963.660635463043,5
2026-03-08,5,7092.0,7849.0,0,7463.620926931316,7561.127266262573,7394.435,7386.195336192168,7522.108528464004,7463.620926931316,6
2026-03-09,5,6789.0,7348.0,0,7011.480166553896,7029.851137963678,7069.1646,6823.945858708634,7014.1237484077365,7011.480166553896,0
2026-03-10,5,6851.0,7111.0,0,6795.801479188257,6899.353776875936,7028.8003,6898.470812705099,6860.6891299648405,6795.801479188257,1
2026-03-11,5,6909.0,7133.0,0,6879.164403537964,6959.638354447155,7126.0146,7001.2614500936625,6950.164581915444,6879.164403537964,2
2026-03-12,5,6995.0,7565.0,0,7349.8755440181285,7176.192305429435,7432.8745,7285.047875288967,7316.974673534358,7349.8755440181285,3
2026-03-13,5,7478.0,7111.0,0,7519.04412671067,7469.637269126854,7434.7754,7468.658003393967,7586.649959005382,7519.04412671067,4
2026-03-14,5,8041.0,6638.0,0,7987.23561359963,7736.440237321745,7886.6943,7786.5372662318305,7983.856829075881,7987.23561359963,5
2026-03-15,5,7248.0,7262.0,0,7409.233647976308,7375.733242325525,7538.794,7390.803804015725,7483.8795024634455,7409.233647976308,6
2026-03-16,5,6605.0,7107.0,0,7048.118811165789,6863.767455075677,6960.1304,6772.631845718167,7033.52713710839,7048.118811165789,0
2026-03-17,5,7018.0,6507.0,0,6922.716097640852,6800.211064527331,7021.137,6851.054713835365,6902.525438258103,6922.716097640852,1
2026-03-18,5,7236.0,7211.0,0,6927.442212396856,6900.100813996532,7068.0454,6945.032248904949,7005.388454149456,6927.442212396856,2
2026-03-19,5,7244.0,7791.0,0,7136.692775437992,7180.146581524609,7232.8,7109.138607551179,7240.670868518508,7136.692775437992,3
2026-03-20,5,7336.0,7607.0,0,7262.30933563868,7276.631947506551,7309.6035,7276.5372656675345,7282.631644046075,7262.30933563868,4
2026-03-21,5,7576.0,7612.0,0,7812.1078647290515,7724.265051193787,7740.849,7695.4845101189385,7835.963126969797,7812.1078647290515,5
2026-03-22,5,6941.0,7978.0,0,7210.0998571302,7248.335288047783,7149.559,7254.187275857372,7274.032307572822,7210.0998571302,6
2026-03-23,5,6779.0,6837.0,0,6510.5197719317375,6536.717364779122,6660.448,6690.230856745108,6589.610809446407,6510.5197719317375,0
2026-03-24,5,6916.0,6832.0,0,6753.527013584906,6726.749793109792,6766.357,6815.860929716623,6734.138471405928,6753.527013584906,1
2026-03-25,5,6997.0,7046.0,0,6934.4227194877685,6899.091643164666,6854.682,6936.38975434051,6852.1989233266395,6934.4227194877685,2
2026-03-26,5,6924.0,7312.0,0,6709.419123938799,6990.754470180524,6865.2217,7008.961350567203,6703.854856300274,6709.419123938799,3
2026-03-27,5,6814.0,6936.0,0,7274.3011789039,7365.944878350907,7176.375,7362.027861370869,7299.541769927036,7274.3011789039,4
2026-03-28,5,7429.0,7674.0,0,7547.94880883142,7650.30107310471,7566.5605,7778.597159789757,7637.361173421409,7547.94880883142,5
2026-03-01,6,7091.0,7870.0,0,7142.4248464458515,7306.494188647302,6970.156,7258.392572987515,7208.874770884086,7142.4248464458515,6
2026-03-02,6,6255.0,7022.0,0,6753.92729373285,6735.904747022092,6666.132,6677.7759621014975,6885.747269227938,6753.92729373285,0
2026-03-03,6,5836.0,7295.0,0,6762.184460409498,6769.20378010871,6674.736,6751.248343632482,6875.104482033763,6762.184460409498,1
2026-03-04,6,5808.0,7199.0,0,6839.7696768425285,6993.538971757017,6721.8535,6872.48860486708,6833.697372078463,6839.7696768425285,2
2026-03-05,6,6099.0,7107.0,0,7271.831756493677,7253.984235991828,7038.217,7192.013166473121,7252.0159709716145,7271.831756493677,3
2026-03-06,6,6804.0,6898.0,0,7335.92254864237,7331.372027099513,7375.756,7322.4424212029035,7306.555069437748,7335.92254864237,4
2026-03-07,6,7626.0,7746.0,0,7942.806181349454,7680.351679090671,7583.655,7500.808283323485,7886.424296404503,7942.806181349454,5
2026-03-08,6,7092.0,7849.0,0,7637.61780755732,7449.8740146499695,7234.7866,7301.921179233679,7549.585736875706,7637.61780755732,6
2026-03-09,6,6789.0,7348.0,0,7007.509553688503,6973.426590839537,6838.0337,6734.05519600255,6993.232430414738,7007.509553688503,0
2026-03-10,6,6851.0,7111.0,0,6882.905711481334,6921.819741984592,6867.7085,6764.13837595297,6883.654808101121,6882.905711481334,1
2026-03-11,6,6909.0,7133.0,0,6922.648457925134,7041.665239424975,7234.4307,6857.324528485482,6994.779578163332,6922.648457925134,2
2026-03-12,6,6995.0,7565.0,0,7165.451999621605,7380.109101657984,7364.963,7290.659133936902,7263.942426807982,7165.451999621605,3
2026-03-13,6,7478.0,7111.0,0,7700.089149491252,7455.338715670877,7412.5874,7462.337042247998,7642.912261718975,7700.089149491252,4
2026-03-14,6,8041.0,6638.0,0,8016.379623241076,7649.992392414272,7675.2554,7670.321034193482,8079.341341214108,8016.379623241076,5
2026-03-15,6,7248.0,7262.0,0,7601.326952344991,7261.544231692484,7555.8833,7374.531906338608,7516.02919897554,7601.326952344991,6
2026-03-16,6,6605.0,7107.0,0,6973.011740630919,6841.008512667384,6853.2573,6785.591767400418,7002.590891237502,6973.011740630919,0
2026-03-17,6,7018.0,6507.0,0,6899.7321619817785,6836.374441455907,7001.53,6836.076592967977,6968.248481248003,6899.7321619817785,1
2026-03-18,6,7236.0,7211.0,0,6913.454360835796,6852.965389443155,6975.3955,6856.55164371702,6943.431958785904,6913.454360835796,2
2026-03-19,6,7244.0,7791.0,0,7147.79952484169,7236.557317570097,7082.249,7138.293869472295,7212.748533991602,7147.79952484169,3
2026-03-20,6,7336.0,7607.0,0,7334.52253864446,7344.244637978596,7250.7925,7271.491826569453,7348.574481566621,7334.52253864446,4
2026-03-21,6,7576.0,7612.0,0,7822.736926082417,7755.440893041657,7685.436,7748.355835650878,7853.00401208956,7822.736926082417,5
2026-03-22,6,6941.0,7978.0,0,7287.9363633159355,7203.038676245313,7120.1885,7303.860780738383,7253.6832977754775,7287.9363633159355,6
2026-03-23,6,6779.0,6837.0,0,6601.338340255823,6631.05738335518,6649.476,6635.463757756493,6659.303221996579,6601.338340255823,0
2026-03-24,6,6916.0,6832.0,0,6748.3167220717705,6828.148016629631,6777.0234,6782.0111040058855,6792.551964348349,6748.3167220717705,1
2026-03-25,6,6997.0,7046.0,0,6905.284093172089,6963.65826248016,6646.671,6894.639696638825,6885.357170771594,6905.284093172089,2
2026-03-26,6,6924.0,7312.0,0,6846.442540614766,6948.120511005541,6675.8315,7018.150439155818,6803.012503293004,6846.442540614766,3
2026-03-27,6,6814.0,6936.0,0,7352.90300307352,7230.852373774357,7215.9263,7357.143887424475,7166.967794398593,7352.90300307352,4
2026-03-28,6,7429.0,7674.0,0,7682.7599934969485,7724.801643077877,7658.6978,7691.79496701844,7650.614307037569,7682.7599934969485,5
2026-03-01,7,7091.0,7870.0,0,7208.485608591175,7197.77632136018,7189.5312,7270.400077676269,7121.375891736455,7208.485608591175,6
2026-03-02,7,6255.0,7022.0,0,6798.073515076673,6589.184389731778,6772.911,6606.30889843051,6790.028100023867,6798.073515076673,0
2026-03-03,7,5836.0,7295.0,0,6747.446004379568,6765.077933297372,6875.3877,6843.182150047206,6735.0213783262125,6747.446004379568,1
2026-03-04,7,5808.0,7199.0,0,6096.306735404716,7067.305150992007,6870.5396,6989.536653131885,6743.19583154932,6096.306735404716,2
2026-03-05,7,6099.0,7107.0,0,6391.458654593376,7359.56916221514,7134.1953,7202.457419433707,6964.93935826837,6391.458654593376,3
2026-03-06,7,6804.0,6898.0,0,6526.089402714673,7355.762541353075,7359.992,7342.278512376059,6992.101925970707,6526.089402714673,4
2026-03-07,7,7626.0,7746.0,0,7859.186078866729,7700.205009064079,7837.417,7707.734369612629,7827.768146863389,7859.186078866729,5
2026-03-08,7,7092.0,7849.0,0,7457.199381086066,7486.8888865910285,7355.164,7314.499976014836,7484.54787373893,7457.199381086066,6
2026-03-09,7,6789.0,7348.0,0,6962.314130573509,6859.148219036936,6963.021,6904.341533981594,6915.113213760134,6962.314130573509,0
2026-03-10,7,6851.0,7111.0,0,6688.900051515568,6871.963088947094,6962.631,6837.554207104784,6782.041028047155,6688.900051515568,1
2026-03-11,7,6909.0,7133.0,0,7012.87320590582,7301.32322119395,7187.246,6977.6154501451265,7142.079290043009,7012.87320590582,2
2026-03-12,7,6995.0,7565.0,0,7248.897639990949,7536.038800483735,7376.1807,7387.633497674317,7341.490722782968,7248.897639990949,3
2026-03-13,7,7478.0,7111.0,0,7321.310263257012,7359.533559454247,7528.728,7504.931590725465,7470.953376273629,7321.310263257012,4
2026-03-14,7,8041.0,6638.0,0,7946.169233285676,7491.31730610459,7688.51,7705.746259520007,7962.166938551149,7946.169233285676,5
2026-03-15,7,7248.0,7262.0,0,7474.7264627388695,7293.374329310875,7351.1904,7388.017119734314,7483.806904947242,7474.7264627388695,6
2026-03-16,7,6605.0,7107.0,0,6999.472556034495,6779.176371249897,6898.3774,6802.2483888279,7007.078189580065,6999.472556034495,0
2026-03-17,7,7018.0,6507.0,0,6964.5477887093575,6811.778559458527,6963.6353,6819.0114443125485,6938.552235833187,6964.5477887093575,1
2026-03-18,7,7236.0,7211.0,0,6856.055869921365,7011.045453351947,7060.793,6948.028191111035,6983.198524108404,6856.055869921365,2
2026-03-19,7,7244.0,7791.0,0,6941.937662010829,7186.952500116187,7202.9756,7209.291088898661,7157.688268729425,6941.937662010829,3
2026-03-20,7,7336.0,7607.0,0,7066.857016935323,7316.485674571594,7281.4688,7296.542411816774,7227.924062657927,7066.857016935323,4
2026-03-21,7,7576.0,7612.0,0,7837.378340487298,7592.220969152882,7721.9,7778.690227224616,7819.68527001005,7837.378340487298,5
2026-03-22,7,6941.0,7978.0,0,7272.383071422015,7237.776384405902,7187.99,7323.067742430358,7220.901489557978,7272.383071422015,6
2026-03-23,7,6779.0,6837.0,0,6805.332331217385,6783.137313796771,6783.163,6796.479463529051,6785.99846355006,6805.332331217385,0
2026-03-24,7,6916.0,6832.0,0,6800.537924705147,6812.724952221012,6824.5137,6813.097704056092,6813.441082449372,6800.537924705147,1
2026-03-25,7,6997.0,7046.0,0,7019.290582196598,6949.202425780443,6782.59,6988.756815378089,6944.490818406674,7019.290582196598,2
2026-03-26,7,6924.0,7312.0,0,6493.049489164715,6996.287758767985,6729.339,7054.875874091377,6754.455931698491,6493.049489164715,3
2026-03-27,7,6814.0,6936.0,0,7321.872814884551,7340.1199459651225,7216.2354,7338.459436552635,7159.875006959057,7321.872814884551,4
2026-03-28,7,7429.0,7674.0,0,7742.615896564042,7515.989404557927,7820.915,7608.719298443568,7654.420848322622,7742.615896564042,5
2026-03-01,8,7091.0,7870.0,0,7174.259538083851,7272.3628652680845,7177.5215,7024.986146018906,7133.136320309852,7174.259538083851,6
2026-03-02,8,6255.0,7022.0,0,6652.390808888663,6606.848047867915,6523.0474,6547.285811544322,6719.871711287541,6652.390808888663,0
2026-03-03,8,5836.0,7295.0,0,6661.091598128389,6516.464201447068,6715.3867,6668.869844687641,6808.586056892836,6661.091598128389,1
2026-03-04,8,5808.0,7199.0,0,6467.948087167822,7121.726367644325,6982.411,6972.09000176443,6676.410233342168,6467.948087167822,2
2026-03-05,8,6099.0,7107.0,0,6743.3317099364995,7361.601698037523,7174.6914,7217.447622513529,6973.220493071846,6743.3317099364995,3
2026-03-06,8,6804.0,6898.0,0,6813.645334531869,7479.326015068083,7377.1143,7381.453462527412,7074.0451838615845,6813.645334531869,4
2026-03-07,8,7626.0,7746.0,0,7840.737246931395,7725.7618551456435,7786.464,7868.0202286151,7805.548333760969,7840.737246931395,5
2026-03-08,8,7092.0,7849.0,0,7506.307223676649,7464.21320908526,7369.1255,7351.83319957414,7437.645100558796,7506.307223676649,6
2026-03-09,8,6789.0,7348.0,0,6913.5466818251125,6868.0035662910495,6981.4575,6907.487291752244,6965.163557649136,6913.5466818251125,0
2026-03-10,8,6851.0,7111.0,0,6729.604069633573,6886.002679120457,7037.2227,6980.469622006527,6788.634393114823,6729.604069633573,1
2026-03-11,8,6909.0,7133.0,0,7041.14287668324,7186.539759016563,7082.7207,7073.006470888371,7076.071422819373,7041.14287668324,2
2026-03-12,8,6995.0,7565.0,0,7342.335816989171,7436.077778856146,7336.5513,7269.695912687094,7353.0462674453565,7342.335816989171,3
2026-03-13,8,7478.0,7111.0,0,7393.4183671539595,7523.588227370929,7612.742,7479.999421445945,7481.446613464315,7393.4183671539595,4
2026-03-14,8,8041.0,6638.0,0,7954.202630919211,7679.3272882470355,7762.188,7707.750833136197,7818.619907471812,7954.202630919211,5
2026-03-15,8,7248.0,7262.0,0,7485.6771836323705,7367.828648162125,7420.2905,7362.950795063172,7461.484400002965,7485.6771836323705,6
2026-03-16,8,6605.0,7107.0,0,7015.114695181919,6819.7923961266715,6909.0874,6801.734860495991,7025.8191556359625,7015.114695181919,0
2026-03-17,8,7018.0,6507.0,0,6944.481277170856,6838.218575594797,6973.2876,6762.84885394641,6916.890797214343,6944.481277170856,1
2026-03-18,8,7236.0,7211.0,0,6952.246991711636,6944.406079983232,7026.566,6923.838117465577,7009.053826644737,6952.246991711636,2
2026-03-19,8,7244.0,7791.0,0,7119.5274859552255,7224.438163924853,7186.807,7160.931274992581,7236.849288270257,7119.5274859552255,3
2026-03-20,8,7336.0,7607.0,0,7336.40986677015,7354.885697904517,7334.374,7327.060931814655,7323.362953143197,7336.40986677015,4
2026-03-21,8,7576.0,7612.0,0,7893.6920596932605,7670.993523996929,7774.345,7755.555803959547,7852.338945715622,7893.6920596932605,5
2026-03-22,8,6941.0,7978.0,0,7303.177870683208,7169.584587740443,7200.309,7246.941550929353,7304.111078039353,7303.177870683208,6
2026-03-23,8,6779.0,6837.0,0,6750.471764627447,6725.058500986444,6745.485,6823.839235275973,6739.503905535176,6750.471764627447,0
2026-03-24,8,6916.0,6832.0,0,6851.409811241346,6775.146282560158,6799.1606,6874.056522119132,6798.10629832866,6851.409811241346,1
2026-03-25,8,6997.0,7046.0,0,6834.017441947769,6951.394106554378,6898.0005,6925.673715905862,6860.831413831962,6834.017441947769,2
2026-03-26,8,6924.0,7312.0,0,6461.167503492897,7083.938698769466,6814.427,7050.721993786881,6679.0292164732355,6461.167503492897,3
2026-03-27,8,6814.0,6936.0,0,7289.321874892458,7299.26775337506,7116.1763,7279.83677804467,7245.116940578315,7289.321874892458,4
2026-03-28,8,7429.0,7674.0,0,7790.0394759501805,7779.492302271627,7654.07,7721.7506046122535,7782.454935487452,7790.0394759501805,5
2026-03-01,9,7091.0,7870.0,0,7127.530788915021,7240.862594818961,7059.151,7239.054534904445,7140.5035027415215,7127.530788915021,6
2026-03-02,9,6255.0,7022.0,0,6456.768741959486,6511.693998411709,6524.7534,6433.820009363543,6621.098572818745,6456.768741959486,0
2026-03-03,9,5836.0,7295.0,0,6454.110547568025,6557.391987842098,6570.663,6686.185153800365,6551.507839269514,6454.110547568025,1
2026-03-04,9,5808.0,7199.0,0,5995.894148505323,6906.625856160023,6750.852,6807.205344296761,6398.288579549316,5995.894148505323,2
2026-03-05,9,6099.0,7107.0,0,6690.365414166914,7249.455648608001,7040.1055,7187.4698771603435,6972.266373323818,6690.365414166914,3
2026-03-06,9,6804.0,6898.0,0,6922.324723702935,7455.441087495962,7329.607,7366.596645164434,7185.746774186759,6922.324723702935,4
2026-03-07,9,7626.0,7746.0,0,8002.981967161125,7874.476780204161,7781.5146,7815.2774186530905,7889.754972334096,8002.981967161125,5
2026-03-08,9,7092.0,7849.0,0,7703.15003489706,7502.877996489918,7448.075,7442.082678752742,7557.292323680202,7703.15003489706,6
2026-03-09,9,6789.0,7348.0,0,7045.838915807459,6801.998063006074,7006.647,6824.228297113076,6999.51237882276,7045.838915807459,0
2026-03-10,9,6851.0,7111.0,0,6835.605991925179,6867.5548705754345,6982.918,6845.970141586293,6906.885156780547,6835.605991925179,1
2026-03-11,9,6909.0,7133.0,0,7154.6996858281345,7219.152191379734,7125.024,7041.208625147659,7095.798512013161,7154.6996858281345,2
2026-03-12,9,6995.0,7565.0,0,7392.620085896933,7230.664898493047,7236.185,7407.144288883754,7358.032480897074,7392.620085896933,3
2026-03-13,9,7478.0,7111.0,0,7550.966283312159,7423.580543748536,7506.6753,7494.200102419982,7546.538916514827,7550.966283312159,4
2026-03-14,9,8041.0,6638.0,0,7982.616140164958,7544.563144803409,7688.068,7722.96364641118,7881.999770382877,7982.616140164958,5
2026-03-15,9,7248.0,7262.0,0,7440.29170893423,7327.657253616635,7409.783,7526.4912457534765,7426.846544721239,7440.29170893423,6
2026-03-16,9,6605.0,7107.0,0,6940.861468433885,6896.559072351286,6975.498,6772.523772347417,6980.256957721575,6940.861468433885,0
2026-03-17,9,7018.0,6507.0,0,6795.175244195713,6732.021204556242,6915.971,6835.098521340734,6866.63336352101,6795.175244195713,1
2026-03-18,9,7236.0,7211.0,0,6821.715404878349,6857.306654379101,6910.381,6904.232708857677,6889.09690395204,6821.715404878349,2
2026-03-19,9,7244.0,7791.0,0,7254.610173151446,7159.464400155114,7098.557,7305.038787158401,7282.140984447861,7254.610173151446,3
2026-03-20,9,7336.0,7607.0,0,7474.817841461633,7292.447022640397,7336.6357,7340.244800442972,7435.850506597487,7474.817841461633,4
2026-03-21,9,7576.0,7612.0,0,7941.522601595621,7659.203715646512,7656.6284,7727.124793934087,7895.806931615215,7941.522601595621,5
2026-03-22,9,6941.0,7978.0,0,7418.15149171557,7225.672599992011,7111.5854,7385.398016043033,7283.127556267032,7418.15149171557,6
2026-03-23,9,6779.0,6837.0,0,6586.416433210446,6720.735167727207,6636.913,6769.426360367514,6764.17566556134,6586.416433210446,0
2026-03-24,9,6916.0,6832.0,0,6637.280064411625,6887.375108137259,6804.867,6869.357234336132,6768.592696161032,6637.280064411625,1
2026-03-25,9,6997.0,7046.0,0,6833.677839728916,6918.864443989534,6836.718,6907.677362632743,6888.542671960986,6833.677839728916,2
2026-03-26,9,6924.0,7312.0,0,6372.746797212875,7051.60628612278,6738.097,6935.998536971039,6691.605072272922,6372.746797212875,3
2026-03-27,9,6814.0,6936.0,0,7213.179948428093,7313.828342600374,7094.4146,7315.063301557415,7175.449444771305,7213.179948428093,4
2026-03-28,9,7429.0,7674.0,0,7675.4755976172455,7769.123737619147,7704.192,7749.512340433135,7754.095224786234,7675.4755976172455,5
2026-03-01,10,7091.0,7870.0,0,7213.439571730095,7139.220191616439,7177.142,7110.086797601496,7219.844781957323,7213.439571730095,6
2026-03-02,10,6255.0,7022.0,0,6592.260722258281,6471.780982983825,6674.697,6304.3445458578535,6652.355651424524,6592.260722258281,0
2026-03-03,10,5836.0,7295.0,0,6535.690424941677,6562.87056309214,6570.4263,6447.863624357062,6601.941281264346,6535.690424941677,1
2026-03-04,10,5808.0,7199.0,0,6247.2598606365445,6876.243216272848,6715.189,6688.741431317605,6396.703916450831,6247.2598606365445,2
2026-03-05,10,6099.0,7107.0,0,6439.407799049762,7139.256473267188,6801.736,7093.278597094606,6585.117500125332,6439.407799049762,3
2026-03-06,10,6804.0,6898.0,0,6832.830304271364,7450.692584792964,7253.0845,7350.148853622787,6981.1296307948205,6832.830304271364,4
2026-03-07,10,7626.0,7746.0,0,8051.613355134691,7730.926992614293,7870.8184,7783.229460141889,7892.765274136634,8051.613355134691,5
2026-03-08,10,7092.0,7849.0,0,7743.369505368783,7422.977976947376,7479.119,7509.4674032602625,7546.02332796439,7743.369505368783,6
2026-03-09,10,6789.0,7348.0,0,6933.253183118547,7011.9156762468965,6990.006,6914.699133559795,6983.144695814001,6933.253183118547,0
2026-03-10,10,6851.0,7111.0,0,6895.125209781138,7000.408393626628,7019.135,6918.627943398561,6822.384496880947,6895.125209781138,1
2026-03-11,10,6909.0,7133.0,0,7183.727639163026,7078.654118496361,7137.824,7105.017666298289,7064.168419501598,7183.727639163026,2
2026-03-12,10,6995.0,7565.0,0,7367.182492450293,7351.424342199777,7278.46,7387.5998944472285,7361.2090201744795,7367.182492450293,3
2026-03-13,10,7478.0,7111.0,0,7439.636080179252,7432.535208584269,7524.0474,7478.932933218884,7455.8931818307,7439.636080179252,4
2026-03-14,10,8041.0,6638.0,0,7936.086546479408,7496.522281713412,7693.191,7644.166196936392,7872.751816178388,7936.086546479408,5
2026-03-15,10,7248.0,7262.0,0,7425.355930348164,7284.8493626621175,7370.3867,7440.34385217855,7439.316283706751,7425.355930348164,6
2026-03-16,10,6605.0,7107.0,0,6803.7393782722465,6810.468232387041,6890.0767,6785.92968430409,6903.121344790841,6803.7393782722465,0
2026-03-17,10,7018.0,6507.0,0,6765.358313851003,6750.85382160156,6860.935,6805.165054578715,6879.670009447447,6765.358313851003,1
2026-03-18,10,7236.0,7211.0,0,6886.7568848546,6926.6845625889955,6974.5635,6916.384501855703,6969.589913515258,6886.7568848546,2
2026-03-19,10,7244.0,7791.0,0,7202.743137416721,7252.845555895567,7084.057,7135.776850091757,7222.06742174245,7202.743137416721,3
2026-03-20,10,7336.0,7607.0,0,7444.560061969238,7284.830422472709,7271.3857,7347.697777011316,7430.971798901985,7444.560061969238,4
2026-03-21,10,7576.0,7612.0,0,7918.577715304536,7700.027095344973,7652.2183,7795.553157000221,8010.558516311886,7918.577715304536,5
2026-03-22,10,6941.0,7978.0,0,7372.73360275958,7273.020410861296,7138.0796,7378.923896367931,7349.192052279446,7372.73360275958,6
2026-03-23,10,6779.0,6837.0,0,6708.044500689097,6909.643164367239,6519.1763,6730.815081626308,6698.647619312306,6708.044500689097,0
2026-03-24,10,6916.0,6832.0,0,6897.1268860355885,6933.421326700009,6821.0225,6752.615981726608,6734.06467326892,6897.1268860355885,1
2026-03-25,10,6997.0,7046.0,0,6998.957489147067,6926.573728998125,6973.3984,6950.144572233679,6812.718126487084,6998.957489147067,2
2026-03-26,10,6924.0,7312.0,0,6706.096255966129,7141.407804928631,6969.0737,7113.983262814846,6741.692818399803,6706.096255966129,3
2026-03-27,10,6814.0,6936.0,0,7298.442802539289,7304.906979167241,7284.8535,7384.869010531631,7242.108624736279,7298.442802539289,4
2026-03-28,10,7429.0,7674.0,0,7733.504715894171,7714.747260601919,7762.7485,7778.506090086102,7782.517836809013,7733.504715894171,5
2026-03-01,11,7091.0,7870.0,0,7144.708925224497,7139.180013021169,7155.448,7127.995825513518,7131.786609809228,7144.708925224497,6
2026-03-02,11,6255.0,7022.0,0,6330.163483860506,6533.578746142688,6536.767,6348.595238922578,6532.885351201029,6330.163483860506,0
2026-03-03,11,5836.0,7295.0,0,6504.185293416395,6531.87086284595,6476.562,6491.824419948231,6659.796458271873,6504.185293416395,1
2026-03-04,11,5808.0,7199.0,0,6250.187303490808,6918.60594355357,6696.727,6822.441554913858,6516.4540627467795,6250.187303490808,2
2026-03-05,11,6099.0,7107.0,0,6462.479914350578,7088.8164039446465,6978.722,7035.412871671702,6708.686155799343,6462.479914350578,3
2026-03-06,11,6804.0,6898.0,0,6755.247749976516,7257.148555080213,7150.6255,7253.396100211026,6971.809428995417,6755.247749976516,4
2026-03-07,11,7626.0,7746.0,0,7974.475130919881,7890.276158846592,7762.0767,7761.073198179019,7942.7795039936655,7974.475130919881,5
2026-03-08,11,7092.0,7849.0,0,7578.060936698245,7472.3780087834875,7295.311,7579.781529204726,7520.286032764206,7578.060936698245,6
2026-03-09,11,6789.0,7348.0,0,6897.271013467902,6929.507320602638,6786.584,6808.626047044327,6924.087828300094,6897.271013467902,0
2026-03-10,11,6851.0,7111.0,0,6781.267338065671,6945.206485669316,6854.8823,6868.649463059113,6835.266393237284,6781.267338065671,1
2026-03-11,11,6909.0,7133.0,0,7081.102585619901,7205.531408572824,7052.54,7079.981946949189,7143.111240079509,7081.102585619901,2
2026-03-12,11,6995.0,7565.0,0,7340.012775804606,7341.72789747931,7248.762,7403.480771973811,7393.190056606539,7340.012775804606,3
2026-03-13,11,7478.0,7111.0,0,7483.320103462391,7442.316006231687,7386.3164,7489.542224973796,7437.984664490978,7483.320103462391,4
2026-03-14,11,8041.0,6638.0,0,7957.547641026031,7560.280499481223,7531.3496,7693.651840857161,7818.553566927418,7957.547641026031,5
2026-03-15,11,7248.0,7262.0,0,7389.6805720884895,7304.318915436426,7302.1353,7361.76123307068,7335.011217369668,7389.6805720884895,6
2026-03-16,11,6605.0,7107.0,0,6939.359042778749,6856.510104888014,6850.849,6810.597343934415,6928.469553586255,6939.359042778749,0
2026-03-17,11,7018.0,6507.0,0,6835.837489376258,6821.095230959463,6894.161,6862.301932377726,6921.025258611404,6835.837489376258,1
2026-03-18,11,7236.0,7211.0,0,6915.367744856837,6927.006949685441,6924.833,6899.750876591513,6986.706211342214,6915.367744856837,2
2026-03-19,11,7244.0,7791.0,0,7069.251719075071,7171.034782328892,7100.115,7194.099052788101,7259.874678944649,7069.251719075071,3
2026-03-20,11,7336.0,7607.0,0,7349.916210169943,7234.294715693191,7294.9937,7337.0613367558635,7319.154155408229,7349.916210169943,4
2026-03-21,11,7576.0,7612.0,0,8023.28438939775,7638.31620313328,7626.1494,7733.764481896694,7944.345791096554,8023.28438939775,5
2026-03-22,11,6941.0,7978.0,0,7423.321824046931,7194.088331925711,7156.3325,7350.671852249527,7348.850486690841,7423.321824046931,6
2026-03-23,11,6779.0,6837.0,0,6735.847482875987,6723.966412008584,6669.1978,6749.6614988945,6755.898082850573,6735.847482875987,0
2026-03-24,11,6916.0,6832.0,0,6920.734873360763,6797.026180684237,6700.9644,6808.593545463677,6824.310170292727,6920.734873360763,1
2026-03-25,11,6997.0,7046.0,0,6918.5359015534605,6987.563601458216,6871.7695,7014.911260128794,6946.474300663057,6918.5359015534605,2
2026-03-26,11,6924.0,7312.0,0,6604.350969812751,7127.039600323997,6854.1074,7157.180850231628,6849.9319948863895,6604.350969812751,3
2026-03-27,11,6814.0,6936.0,0,7404.674387137427,7436.898590534985,7248.542,7456.505990783288,7316.771819434206,7404.674387137427,4
2026-03-28,11,7429.0,7674.0,0,8126.190322191724,7830.963091023516,7776.8286,7839.035049297045,7992.320701398166,8126.190322191724,5
2026-03-01,12,7091.0,7870.0,0,6921.38581088314,7111.879790242114,6954.7563,7167.508449764959,7137.463684395272,6921.38581088314,6
2026-03-02,12,6255.0,7022.0,0,6346.145994439113,6567.955812502428,6451.0996,6482.560695430819,6450.539220630018,6346.145994439113,0
2026-03-03,12,5836.0,7295.0,0,6159.33235251584,6624.324070345662,6412.3657,6604.249371770634,6299.30873676325,6159.33235251584,1
2026-03-04,12,5808.0,7199.0,0,6308.490661613969,6944.782309322833,6422.3994,6639.038216516228,6461.680157897249,6308.490661613969,2
2026-03-05,12,6099.0,7107.0,0,6664.742080026638,7098.465723267179,6978.2236,7045.834913007068,6947.669104032012,6664.742080026638,3
2026-03-06,12,6804.0,6898.0,0,6706.013427834881,7350.490921892235,7121.3784,7219.639304263859,6981.892622243293,6706.013427834881,4
2026-03-07,12,7626.0,7746.0,0,7782.40945284039,7782.471188993474,7602.8657,7621.26552181902,7841.095072609514,7782.40945284039,5
2026-03-08,12,7092.0,7849.0,0,7488.436638471702,7435.929171626609,7377.887,7441.629003872743,7563.842709874772,7488.436638471702,6
2026-03-09,12,6789.0,7348.0,0,6982.821120387344,6995.617587799162,7047.917,6841.042927005282,6999.8234575849265,6982.821120387344,0
2026-03-10,12,6851.0,7111.0,0,6833.652567932316,6791.876549082986,6930.018,6836.001003804576,6770.861356039054,6833.652567932316,1
2026-03-11,12,6909.0,7133.0,0,7235.566770983903,7114.518129474306,6983.283,7052.838009523207,7055.491140745079,7235.566770983903,2
2026-03-12,12,6995.0,7565.0,0,7414.366179094047,7375.441388366164,7153.551,7310.851278302641,7328.062447676195,7414.366179094047,3
2026-03-13,12,7478.0,7111.0,0,7486.167228279651,7452.096379891584,7313.741,7528.3618671733375,7460.15865481998,7486.167228279651,4
2026-03-14,12,8041.0,6638.0,0,7823.578703464194,7610.335082894873,7443.05,7625.457743756271,7767.464119887059,7823.578703464194,5
2026-03-15,12,7248.0,7262.0,0,7361.850656832162,7287.881082891413,7252.6895,7445.35021019819,7308.149773777784,7361.850656832162,6
2026-03-16,12,6605.0,7107.0,0,6919.450218821727,6900.147627960035,6816.686,6793.9615524478595,6957.564918837862,6919.450218821727,0
2026-03-17,12,7018.0,6507.0,0,6855.815381857433,6767.7743250391495,6884.93,6781.284657226075,6933.248168486641,6855.815381857433,1
2026-03-18,12,7236.0,7211.0,0,6914.982907394221,6905.025286048566,6971.2314,6825.46271562517,6977.155469101327,6914.982907394221,2
2026-03-19,12,7244.0,7791.0,0,7250.411687402374,7150.297106924681,7088.3267,7155.766868686494,7237.614794740781,7250.411687402374,3
2026-03-20,12,7336.0,7607.0,0,7401.271563732325,7342.4605169474735,7275.887,7280.711129643983,7346.101752094301,7401.271563732325,4
2026-03-21,12,7576.0,7612.0,0,7968.109893347468,7705.912132635002,7660.435,7776.474539340082,7951.187309944408,7968.109893347468,5
2026-03-22,12,6941.0,7978.0,0,7410.443313625002,7231.975034946874,7238.4917,7305.782412961228,7371.722243495402,7410.443313625002,6
2026-03-23,12,6779.0,6837.0,0,6563.315563469142,6754.656949807109,6711.7837,6773.980254442257,6634.596196891406,6563.315563469142,0
2026-03-24,12,6916.0,6832.0,0,6704.427162837587,6799.673563682674,6771.637,6757.294432335312,6760.108532982064,6704.427162837587,1
2026-03-25,12,6997.0,7046.0,0,6829.155744596883,6902.448254286045,6977.9106,6824.277125091757,6922.013981304205,6829.155744596883,2
2026-03-26,12,6924.0,7312.0,0,6440.629432967552,7190.874542334805,6868.6562,7015.867800276273,6826.487861099168,6440.629432967552,3
2026-03-27,12,6814.0,6936.0,0,7111.32985136864,7296.7582794331,7150.6543,7296.542617641555,7148.504620204137,7111.32985136864,4
2026-03-28,12,7429.0,7674.0,0,7671.005752314501,7759.196810169402,7620.7812,7706.870691043002,7748.78324685009,7671.005752314501,5
2026-03-01,13,7091.0,7870.0,0,6907.585709210557,7096.169537940182,7075.4463,7144.607399611634,7068.8368685044225,6907.585709210557,6
2026-03-02,13,6255.0,7022.0,0,6467.643137964544,6471.366397213124,6533.344,6428.905987550343,6552.703796584027,6467.643137964544,0
2026-03-03,13,5836.0,7295.0,0,6208.217898642862,6561.914676710859,6268.7866,6598.553815811573,6268.573677511209,6208.217898642862,1
2026-03-04,13,5808.0,7199.0,0,5884.875279051549,6904.316279047227,6388.0376,6714.254983243561,6110.967413718382,5884.875279051549,2
2026-03-05,13,6099.0,7107.0,0,6480.525899454656,7065.1125299733485,6863.2856,7042.6732021325015,6507.489749329042,6480.525899454656,3
2026-03-06,13,6804.0,6898.0,0,6888.335323037463,7321.434221746813,7265.205,7296.533925685803,6999.807285673796,6888.335323037463,4
2026-03-07,13,7626.0,7746.0,0,7979.968961290423,7731.121545279376,7674.09,7708.36728202566,7967.927693810342,7979.968961290423,5
2026-03-08,13,7092.0,7849.0,0,7461.435896974468,7432.348138330113,7409.6587,7446.739835099288,7574.519668281194,7461.435896974468,6
2026-03-09,13,6789.0,7348.0,0,6963.450423106348,6963.498259131213,6897.765,6913.5956287360705,7054.337238292946,6963.450423106348,0
2026-03-10,13,6851.0,7111.0,0,6933.631770625506,7012.209207777171,6959.981,6983.301333883635,7054.160801537226,6933.631770625506,1
2026-03-11,13,6909.0,7133.0,0,7131.849255760112,7112.9297364807735,7109.782,7176.106967648727,7200.8089826253645,7131.849255760112,2
2026-03-12,13,6995.0,7565.0,0,7377.08599025134,7266.077114797693,7215.597,7337.514344879078,7426.947292380636,7377.08599025134,3
2026-03-13,13,7478.0,7111.0,0,7599.757734940254,7397.138231272718,7401.335,7484.741291938479,7600.999247447341,7599.757734940254,4
2026-03-14,13,8041.0,6638.0,0,8020.199619601003,7650.639100274591,7630.7295,7781.101136181747,7911.177748507348,8020.199619601003,5
2026-03-15,13,7248.0,7262.0,0,7299.841135627822,7278.51030836974,7313.6646,7401.829877135914,7326.772760045052,7299.841135627822,6
2026-03-16,13,6605.0,7107.0,0,6843.235559933064,6758.87068936976,6836.4194,6855.917412852861,6914.310299108981,6843.235559933064,0
2026-03-17,13,7018.0,6507.0,0,6813.826511196278,6783.823847723783,6844.636,6819.161924772559,6886.824114435859,6813.826511196278,1
2026-03-18,13,7236.0,7211.0,0,6801.749119061355,6942.973824054032,7026.04,6904.871262815124,6990.021187546008,6801.749119061355,2
2026-03-19,13,7244.0,7791.0,0,7173.019969259047,7154.287878497712,7086.2705,7117.227320607201,7296.695742985658,7173.019969259047,3
2026-03-20,13,7336.0,7607.0,0,7342.102770409598,7353.2548731570505,7261.215,7220.977403482,7379.064051979861,7342.102770409598,4
2026-03-21,13,7576.0,7612.0,0,7858.233564502661,7764.162785832163,7604.2324,7673.4006495647955,8018.700273648011,7858.233564502661,5
2026-03-22,13,6941.0,7978.0,0,7317.652170202498,7341.878120915226,7173.594,7346.670310079118,7357.958516066051,7317.652170202498,6
2026-03-23,13,6779.0,6837.0,0,6645.612575907425,6891.584225281682,6809.974,6817.6277740283995,6705.286383349558,6645.612575907425,0
2026-03-24,13,6916.0,6832.0,0,6863.55859557191,6916.6246824579075,6602.2124,6842.25448810925,6900.982761509731,6863.55859557191,1
2026-03-25,13,6997.0,7046.0,0,7014.11674281036,6766.678705905263,6624.2705,6899.651894628554,6952.029958804687,7014.11674281036,2
2026-03-26,13,6924.0,7312.0,0,6670.138282758007,7043.667047404915,6879.3174,7023.981579241354,6782.595344164373,6670.138282758007,3
2026-03-27,13,6814.0,6936.0,0,7372.8864265158345,7278.231408704302,7061.9487,7334.505211574645,7239.155061507058,7372.8864265158345,4
2026-03-28,13,7429.0,7674.0,0,7863.730325309422,7838.660679084232,7787.8906,7829.661936955603,7831.768098168594,7863.730325309422,5
2026-03-01,14,7091.0,7870.0,0,6870.178075121754,7063.728011075479,7235.4272,7208.129235076607,7209.828934121237,6870.178075121754,6
2026-03-02,14,6255.0,7022.0,0,6036.3824571286195,6579.5464440439255,6468.057,6310.8477195013165,6252.017456904056,6036.3824571286195,0
2026-03-03,14,5836.0,7295.0,0,6123.58789750359,6569.468611349201,6313.4004,6373.949911193784,6426.099389130394,6123.58789750359,1
2026-03-04,14,5808.0,7199.0,0,5907.040474563279,6582.628260549114,6306.808,6523.38514448732,6380.566184049999,5907.040474563279,2
2026-03-05,14,6099.0,7107.0,0,6410.419039274494,6757.2366130545515,6566.7715,6680.448391414106,6611.4517781328295,6410.419039274494,3
2026-03-06,14,6804.0,6898.0,0,7281.886767226054,7209.47814171802,7019.852,7053.117633657583,7187.202495999332,7281.886767226054,4
2026-03-07,14,7626.0,7746.0,0,8039.190048716698,7653.519272285398,7583.156,7369.938928503037,7990.365466802604,8039.190048716698,5
2026-03-08,14,7092.0,7849.0,0,7547.3818499756235,7478.16275888347,7332.8784,7185.743702669042,7573.865894284262,7547.3818499756235,6
2026-03-09,14,6789.0,7348.0,0,6901.663151174169,6981.933493842662,6907.258,6658.675912640472,7030.78152648641,6901.663151174169,0
2026-03-10,14,6851.0,7111.0,0,6808.002966160292,6880.764523529851,6905.974,6750.395055385993,6992.438168901731,6808.002966160292,1
2026-03-11,14,6909.0,7133.0,0,7139.972012898815,7098.873125705312,7042.877,7146.589024112078,7203.813915588384,7139.972012898815,2
2026-03-12,14,6995.0,7565.0,0,7411.5357267480085,7295.717201815803,7129.6533,7323.274088920392,7459.615614717309,7411.5357267480085,3
2026-03-13,14,7478.0,7111.0,0,7605.287294974134,7542.641326560863,7295.161,7428.742730598745,7522.1906747481235,7605.287294974134,4
2026-03-14,14,8041.0,6638.0,0,7924.858279176862,7676.52297857501,7517.398,7710.663466124159,7864.574907432024,7924.858279176862,5
2026-03-15,14,7248.0,7262.0,0,7512.417123917654,7519.259385535945,7377.0703,7482.3089091676775,7434.549051727566,7512.417123917654,6
2026-03-16,14,6605.0,7107.0,0,6968.2573059035885,6905.315647010804,6937.125,7001.596910320868,7010.44400463398,6968.2573059035885,0
2026-03-17,14,7018.0,6507.0,0,6891.232852017232,6834.707826155591,6825.19,6867.73556675647,6865.769527019961,6891.232852017232,1
2026-03-18,14,7236.0,7211.0,0,6754.062885685897,6859.273912051054,6908.8315,6956.200757016913,6997.048424419253,6754.062885685897,2
2026-03-19,14,7244.0,7791.0,0,7165.210645321862,7192.212293234419,7012.601,7224.422074570515,7245.116972388013,7165.210645321862,3
2026-03-20,14,7336.0,7607.0,0,7402.225260204952,7347.347730453758,7234.8633,7333.59888266861,7401.101038325446,7402.225260204952,4
2026-03-21,14,7576.0,7612.0,0,7819.055927171118,7564.097325545776,7619.754,7674.866220825145,7849.487301376132,7819.055927171118,5
2026-03-22,14,6941.0,7978.0,0,7200.183534408692,7245.973825635026,7175.9277,7236.450072140437,7212.785698503248,7200.183534408692,6
2026-03-23,14,6779.0,6837.0,0,6516.263570322262,6829.847691432146,6844.8267,6800.101613694038,6686.7944983084935,6516.263570322262,0
2026-03-24,14,6916.0,6832.0,0,6755.52519807164,6837.244247092704,6902.03,6801.749034303767,6805.971088984227,6755.52519807164,1
2026-03-25,14,6997.0,7046.0,0,6942.418558207113,6960.950430052783,6913.1074,6924.824675292029,7004.676549087727,6942.418558207113,2
2026-03-26,14,6924.0,7312.0,0,6938.842694468802,7073.597634166022,6862.4155,6872.89084058515,7088.947999524563,6938.842694468802,3
2026-03-27,14,6814.0,6936.0,0,7212.124693230731,7350.3741658589015,7130.312,7315.848034578245,7163.6316100348095,7212.124693230731,4
2026-03-28,14,7429.0,7674.0,0,7769.111954712898,7728.535853720014,7616.718,7778.694087862438,7764.180175374885,7769.111954712898,5
2026-03-01,15,7091.0,7870.0,0,6872.455229763169,7128.235314324137,7163.0054,7338.585915829649,7017.042112394879,6872.455229763169,6
2026-03-02,15,6255.0,7022.0,0,6170.902716350871,6584.602427373704,6337.7397,6476.0162950725535,6450.797928663179,6170.902716350871,0
2026-03-03,15,5836.0,7295.0,0,5966.7357906101615,6630.617438411818,6348.82,6645.676627816518,6337.623464650752,5966.7357906101615,1
2026-03-04,15,5808.0,7199.0,0,6143.570562142814,6706.005888994995,6208.3877,6672.689112597199,6399.234738417082,6143.570562142814,2
2026-03-05,15,6099.0,7107.0,0,6478.051779744671,6710.610554298377,6283.789,6790.650525174833,6629.418297879179,6478.051779744671,3
2026-03-06,15,6804.0,6898.0,0,6965.186241471478,7038.716447007815,6907.682,7028.454817657359,7067.386944575751,6965.186241471478,4
2026-03-07,15,7626.0,7746.0,0,7939.969237322601,7673.40063495215,7626.667,7646.158236978316,7969.42282515769,7939.969237322601,5
2026-03-08,15,7092.0,7849.0,0,7524.724125432597,7484.0439865867,7394.215,7447.425562282155,7573.028809304793,7524.724125432597,6
2026-03-09,15,6789.0,7348.0,0,7028.399234074296,7005.630457619795,7032.62,6851.445814115681,7049.707717811575,7028.399234074296,0
2026-03-10,15,6851.0,7111.0,0,7006.197146363911,7033.951321871622,7109.195,6914.134512364499,7032.999471924118,7006.197146363911,1
2026-03-11,15,6909.0,7133.0,0,7215.958758275211,7117.812701385467,7217.874,7125.749788508826,7246.670445993245,7215.958758275211,2
2026-03-12,15,6995.0,7565.0,0,7383.010517027581,7287.993218767867,7264.9053,7395.790890978722,7473.036903317428,7383.010517027581,3
2026-03-13,15,7478.0,7111.0,0,7427.790949386512,7337.708658450865,7476.2974,7413.848786228288,7497.136872243224,7427.790949386512,4
2026-03-14,15,8041.0,6638.0,0,7922.373694375975,7473.377586765993,7762.614,7612.8848918958965,7857.5258038678,7922.373694375975,5
2026-03-15,15,7248.0,7262.0,0,7412.462047732117,7290.879080727962,7426.279,7469.773005484439,7409.550116332827,7412.462047732117,6
2026-03-16,15,6605.0,7107.0,0,6872.003028490652,6970.19041316983,6945.8535,6971.871011105974,6986.866117415279,6872.003028490652,0
2026-03-17,15,7018.0,6507.0,0,7037.124125476902,6982.847175173528,6995.6094,6899.959711289185,7036.302793313481,7037.124125476902,1
2026-03-18,15,7236.0,7211.0,0,7001.709096464923,7142.133371742933,7025.6636,6951.324203467719,7044.372088039617,7001.709096464923,2
2026-03-19,15,7244.0,7791.0,0,7177.214637600236,7159.179109273451,7093.979,7210.271623529941,7120.238503637142,7177.214637600236,3
2026-03-20,15,7336.0,7607.0,0,7392.160525664223,7307.137062224122,7327.4146,7386.194962974694,7303.9020697136,7392.160525664223,4
2026-03-21,15,7576.0,7612.0,0,7879.716293268554,7647.089742566251,7606.864,7590.683331680457,7807.304720320771,7879.716293268554,5
2026-03-22,15,6941.0,7978.0,0,7119.292417311441,7241.048650632257,7215.055,7250.556467098729,7158.750646392808,7119.292417311441,6
2026-03-23,15,6779.0,6837.0,0,6405.029848574661,6972.20036312694,7051.287,6764.683422620145,6694.881002841052,6405.029848574661,0
2026-03-24,15,6916.0,6832.0,0,6574.160488419641,6904.919101303172,6869.942,6753.159926818849,6686.543466817672,6574.160488419641,1
2026-03-25,15,6997.0,7046.0,0,6800.817914738539,7037.109032854975,6885.883,6846.189355684865,6953.743046205596,6800.817914738539,2
2026-03-26,15,6924.0,7312.0,0,6919.440825045971,7073.90586973011,6857.9272,6994.323942781077,7066.667251016136,6919.440825045971,3
2026-03-27,15,6814.0,6936.0,0,7058.1590433505335,7328.179440189571,7105.1265,7244.977315442137,7083.082615639524,7058.1590433505335,4
2026-03-28,15,7429.0,7674.0,0,7661.74918019414,7650.5106140405815,7691.4478,7580.954323975208,7757.717495961592,7661.74918019414,5
2026-03-01,16,7091.0,7870.0,0,6970.940548636921,7258.337795225596,7225.193,7491.46150437102,7052.889766864115,6970.940548636921,6
2026-03-02,16,6255.0,7022.0,0,6376.369051265538,6686.624512223923,6442.994,6663.5316115863625,6413.155467777479,6376.369051265538,0
2026-03-03,16,5836.0,7295.0,0,6474.02148961722,6765.268183874105,6487.8613,6779.664511136666,6527.751211900221,6474.02148961722,1
2026-03-04,16,5808.0,7199.0,0,6259.266480475405,6797.566271074514,6418.08,6875.29796947847,6318.037539380293,6259.266480475405,2
2026-03-05,16,6099.0,7107.0,0,6643.308086638116,6894.170361916323,6613.471,6925.307539023495,6597.894079783781,6643.308086638116,3
2026-03-06,16,6804.0,6898.0,0,7075.870520631254,6958.648274858608,7025.7495,6969.599462098827,6916.00283257978,7075.870520631254,4
2026-03-07,16,7626.0,7746.0,0,7953.986164134172,7459.874585413307,7491.451,7553.242270108728,7837.732967350126,7953.986164134172,5
2026-03-08,16,7092.0,7849.0,0,7502.363709686282,7416.832073865045,7383.707,7411.886429326419,7569.266755097632,7502.363709686282,6
2026-03-09,16,6789.0,7348.0,0,7027.491314066622,7061.428944783351,7013.116,6904.636571879491,6987.145265960188,7027.491314066622,0
2026-03-10,16,6851.0,7111.0,0,7118.245091586656,7037.444769914898,7095.3613,7025.567746058427,7036.816328551885,7118.245091586656,1
2026-03-11,16,6909.0,7133.0,0,7439.333164750386,7064.768544562142,7170.513,7252.197164974275,7215.885476215223,7439.333164750386,2
2026-03-12,16,6995.0,7565.0,0,7507.7904034673165,7203.399125326142,7263.437,7309.019881810436,7449.637090183321,7507.7904034673165,3
2026-03-13,16,7478.0,7111.0,0,7444.74634558809,7338.2412408068485,7432.5703,7335.982583493775,7449.14717049832,7444.74634558809,4
2026-03-14,16,8041.0,6638.0,0,8009.816340347453,7449.43350821201,7713.52,7516.666513962134,7871.82338609723,8009.816340347453,5
2026-03-15,16,7248.0,7262.0,0,7436.444782350423,7366.4792983269945,7441.198,7411.432205377525,7456.955044212162,7436.444782350423,6
2026-03-16,16,6605.0,7107.0,0,6891.746611343053,6980.0641391844465,6908.4355,6905.0069306725945,6975.608759797896,6891.746611343053,0
2026-03-17,16,7018.0,6507.0,0,6965.078190911223,6988.896720805616,6938.0435,6874.045891148651,7028.64132239977,6965.078190911223,1
2026-03-18,16,7236.0,7211.0,0,7219.08245995211,7109.634645284389,7091.558,7083.763145585343,7164.336307199897,7219.08245995211,2
2026-03-19,16,7244.0,7791.0,0,7291.504769826939,7246.648950245262,7149.559,7268.446291666244,7318.486648443886,7291.504769826939,3
2026-03-20,16,7336.0,7607.0,0,7527.790854213978,7371.484036200777,7304.9985,7325.418018562446,7399.062476483351,7527.790854213978,4
2026-03-21,16,7576.0,7612.0,0,7806.914534306933,7648.647271606405,7549.426,7574.91785504195,7841.607352404183,7806.914534306933,5
2026-03-22,16,6941.0,7978.0,0,7064.094192610691,7265.978163678677,7159.251,7222.755314852234,7101.578102961305,7064.094192610691,6
2026-03-23,16,6779.0,6837.0,0,6752.275422812839,6935.042365881734,6942.0693,6804.817026045259,6736.799701541604,6752.275422812839,0
2026-03-24,16,6916.0,6832.0,0,6626.877395891734,6912.355600431666,6879.9834,6768.812236750337,6695.237606645292,6626.877395891734,1
2026-03-25,16,6997.0,7046.0,0,6815.967190842494,6898.891503258971,6858.024,6954.673365878574,6855.367531256885,6815.967190842494,2
2026-03-26,16,6924.0,7312.0,0,6939.712136062464,6968.712643403482,6962.8403,7035.001785973271,6986.735087423743,6939.712136062464,3
2026-03-27,16,6814.0,6936.0,0,7085.474436906189,7305.504840335223,7225.389,7237.002065628888,7049.937993354263,7085.474436906189,4
2026-03-28,16,7429.0,7674.0,0,7721.200694739366,7653.447713483739,7654.544,7498.17795097976,7677.461997027807,7721.200694739366,5
2026-03-01,17,7091.0,7870.0,0,7316.146887965183,7399.235048551663,7293.7017,7402.083399807199,7439.793205720712,7316.146887965183,6
2026-03-02,17,6255.0,7022.0,0,6443.357016067138,6653.768800287705,6411.3447,6646.800929970339,6636.970633877071,6443.357016067138,0
2026-03-03,17,5836.0,7295.0,0,6421.749885949515,6748.755985357385,6371.3247,6756.656969222839,6599.826805746074,6421.749885949515,1
2026-03-04,17,5808.0,7199.0,0,6766.740475228035,6840.677453768941,6512.3037,6883.452105554826,6751.848007698277,6766.740475228035,2
2026-03-05,17,6099.0,7107.0,0,6625.28438811918,6855.4350198100265,6478.7837,6968.51246727957,6630.776822653534,6625.28438811918,3
2026-03-06,17,6804.0,6898.0,0,6937.217136798787,7167.144592463018,7022.353,7017.878217084433,6904.481394479889,6937.217136798787,4
2026-03-07,17,7626.0,7746.0,0,7754.903206315069,7531.761463227028,7365.465,7570.85323834918,7724.10127233198,7754.903206315069,5
2026-03-08,17,7092.0,7849.0,0,7414.550419921678,7445.922894096738,7328.654,7414.597949906401,7418.326582903948,7414.550419921678,6
2026-03-09,17,6789.0,7348.0,0,7016.753381593616,6991.521704180533,7042.2314,6852.541615428353,7062.467977757452,7016.753381593616,0
2026-03-10,17,6851.0,7111.0,0,6947.810441107126,7106.170787789196,7143.4785,6793.343910290498,7073.825090016245,6947.810441107126,1
2026-03-11,17,6909.0,7133.0,0,7392.092155143072,7210.12877249499,7264.4756,7027.382532302801,6923.891481058131,7392.092155143072,2
2026-03-12,17,6995.0,7565.0,0,7616.064147033611,7301.413982405543,7394.749,7282.434719857603,7513.428991638258,7616.064147033611,3
2026-03-13,17,7478.0,7111.0,0,7520.408375115241,7363.689599863246,7470.8027,7281.017440662632,7439.797935525,7520.408375115241,4
2026-03-14,17,8041.0,6638.0,0,7943.5931570515995,7582.915219790867,7506.1035,7536.128194883246,7768.048984073678,7943.5931570515995,5
2026-03-15,17,7248.0,7262.0,0,7413.667210252104,7347.60753093029,7361.426,7332.283903765769,7394.540807825536,7413.667210252104,6
2026-03-16,17,6605.0,7107.0,0,7023.747238425692,6910.83116196321,6968.4043,6817.583755734465,6953.891836321182,7023.747238425692,0
2026-03-17,17,7018.0,6507.0,0,6885.661839106367,6920.668108184173,7026.916,6843.255334831939,6933.634445055835,6885.661839106367,1
2026-03-18,17,7236.0,7211.0,0,7245.93547945919,7138.069130501973,7208.1577,7021.984768040488,7201.6878833997225,7245.93547945919,2
2026-03-19,17,7244.0,7791.0,0,7324.0569700786245,7181.741617317152,7326.63,7253.845772076008,7398.958829437527,7324.0569700786245,3
2026-03-20,17,7336.0,7607.0,0,7293.791557723559,7405.9724542941685,7479.0127,7348.187678385758,7406.545030571313,7293.791557723559,4
2026-03-21,17,7576.0,7612.0,0,7898.250539429151,7718.841691458846,7642.325,7663.388208082835,7946.76194954364,7898.250539429151,5
2026-03-22,17,6941.0,7978.0,0,7303.437794057991,7250.641423350265,7214.447,7265.930085844893,7295.434915677524,7303.437794057991,6
2026-03-23,17,6779.0,6837.0,0,6833.70631662888,6994.176124289002,7036.647,6646.326289178071,6934.392533853333,6833.70631662888,0
2026-03-24,17,6916.0,6832.0,0,6926.060363953881,7037.492184935797,6954.2314,6703.630451740409,6963.925212547208,6926.060363953881,1
2026-03-25,17,6997.0,7046.0,0,6923.704853513592,7058.123268845754,6991.0728,6890.034603245677,6981.7714065224345,6923.704853513592,2
2026-03-26,17,6924.0,7312.0,0,6994.921331282965,7284.321029142026,7065.467,6980.971605771269,7123.305134915326,6994.921331282965,3
2026-03-27,17,6814.0,6936.0,0,7420.812082264185,7325.892699624886,7353.6753,7189.292497843569,7283.1269906665975,7420.812082264185,4
2026-03-28,17,7429.0,7674.0,0,7927.726748249504,7721.117222116917,7651.1533,7769.6656116234735,7846.47819799681,7927.726748249504,5
2026-03-01,18,7091.0,7870.0,0,7445.284185214815,7438.735015032989,7338.9336,7107.170423323484,7348.6743411141315,7445.284185214815,6
2026-03-02,18,6255.0,7022.0,0,6701.890382273286,6701.090874380266,6704.9736,6486.839047296442,6744.658377871274,6701.890382273286,0
2026-03-03,18,5836.0,7295.0,0,6688.435377482618,6707.924196489982,6647.474,6776.143777231862,6657.337698444221,6688.435377482618,1
2026-03-04,18,5808.0,7199.0,0,6681.482258549806,6810.805010658725,6676.592,6878.069110963811,6503.09819059577,6681.482258549806,2
2026-03-05,18,6099.0,7107.0,0,6935.713749596615,6899.323092839409,6753.831,6919.40580600584,6930.6267597976985,6935.713749596615,3
2026-03-06,18,6804.0,6898.0,0,7015.709979649339,7119.700865551423,6969.772,7074.510437865545,7015.1240904057995,7015.709979649339,4
2026-03-07,18,7626.0,7746.0,0,7874.989334704155,7587.480992281502,7295.639,7682.482877556301,7817.2942977591,7874.989334704155,5
2026-03-08,18,7092.0,7849.0,0,7472.300574571654,7494.918343478405,7154.6846,7458.349557328066,7496.969040768926,7472.300574571654,6
2026-03-09,18,6789.0,7348.0,0,6992.052338436447,7066.292111234728,6887.8613,6800.916761084421,7045.032323071556,6992.052338436447,0
2026-03-10,18,6851.0,7111.0,0,6975.786296669638,7186.617164575058,6984.157,6980.687488808297,7114.973427807002,6975.786296669638,1
2026-03-11,18,6909.0,7133.0,0,7223.528164365744,7377.8631243033415,7208.59,7193.340193175948,7246.693883219746,7223.528164365744,2
2026-03-12,18,6995.0,7565.0,0,7452.268909439386,7396.482727076484,7316.8833,7399.510930050739,7527.091454517779,7452.268909439386,3
2026-03-13,18,7478.0,7111.0,0,7577.504198603832,7559.02379275508,7440.3623,7457.549703792368,7567.2815102811355,7577.504198603832,4
2026-03-14,18,8041.0,6638.0,0,8111.470553991521,7716.07034114913,7870.804,7690.029559073216,7900.222481727479,8111.470553991521,5
2026-03-15,18,7248.0,7262.0,0,7388.897205103138,7405.269104750771,7339.0107,7409.220340721553,7382.818473914154,7388.897205103138,6
2026-03-16,18,6605.0,7107.0,0,6953.771202990215,7024.888314862114,6799.554,6761.497083766591,6968.798506814284,6953.771202990215,0
2026-03-17,18,7018.0,6507.0,0,6962.933353241065,7054.224965703236,6945.793,6805.9942886803,6953.789797617537,6962.933353241065,1
2026-03-18,18,7236.0,7211.0,0,6992.544400397658,7168.45775530661,7071.0786,7003.795239394925,7107.8378931015295,6992.544400397658,2
2026-03-19,18,7244.0,7791.0,0,7174.11074947239,7250.478226354087,7337.7544,7173.182907326855,7396.388372801837,7174.11074947239,3
2026-03-20,18,7336.0,7607.0,0,7420.932565464291,7396.199559481148,7473.055,7376.8918700669665,7498.836468446644,7420.932565464291,4
2026-03-21,18,7576.0,7612.0,0,7805.561228827708,7665.435492474391,7675.799,7678.229026821604,7869.067753792784,7805.561228827708,5
2026-03-22,18,6941.0,7978.0,0,7316.241741949549,7267.934663405022,7221.8887,7246.4510244406065,7359.617063989293,7316.241741949549,6
2026-03-23,18,6779.0,6837.0,0,6893.859835918835,7189.942958737591,7017.949,6673.520802464756,7011.9103557451535,6893.859835918835,0
2026-03-24,18,6916.0,6832.0,0,7103.543019283359,7087.56343174152,6956.303,6714.806649227879,7062.475999990015,7103.543019283359,1
2026-03-25,18,6997.0,7046.0,0,7090.880442973733,7118.358916991026,6905.8086,6907.959779639473,7103.714629168938,7090.880442973733,2
2026-03-26,18,6924.0,7312.0,0,7268.886281209329,7378.856736585767,6992.56,7198.305500313852,7265.25470135068,7268.886281209329,3
2026-03-27,18,6814.0,6936.0,0,7339.4118272996875,7496.12903932488,7410.2734,7294.4687875600985,7357.539050724354,7339.4118272996875,4
2026-03-28,18,7429.0,7674.0,0,8051.372761124406,7792.010240642371,7689.166,7791.423640173927,7984.4434318770445,8051.372761124406,5
2026-03-01,19,7091.0,7870.0,0,7133.5820011306,7372.57425875364,7323.3022,7223.2335712148915,7158.981094309638,7133.5820011306,6
2026-03-02,19,6255.0,7022.0,0,6804.3816757867635,6688.771888943427,6536.284,6500.826109496107,6774.304168909078,6804.3816757867635,0
2026-03-03,19,5836.0,7295.0,0,6521.38698441748,6880.312462512157,6702.791,6542.0543890497565,6572.349855423558,6521.38698441748,1
2026-03-04,19,5808.0,7199.0,0,6495.619976440203,6725.81900092455,6730.067,6713.935030289325,6493.639718584568,6495.619976440203,2
2026-03-05,19,6099.0,7107.0,0,6607.294984466542,6939.549771519405,6770.0913,6776.09073668658,6651.689670980377,6607.294984466542,3
2026-03-06,19,6804.0,6898.0,0,6856.410381410324,7175.754499274129,6994.4497,7030.915197954025,6915.246257179714,6856.410381410324,4
2026-03-07,19,7626.0,7746.0,0,7660.8830964269,7647.044147495605,7482.261,7597.963650059173,7701.237282229268,7660.8830964269,5
2026-03-08,19,7092.0,7849.0,0,7373.756852102173,7503.676625622647,7272.345,7303.801159762021,7337.7155556991665,7373.756852102173,6
2026-03-09,19,6789.0,7348.0,0,7044.0747514862405,7053.644122351371,6877.742,6757.315709932967,7036.414197069101,7044.0747514862405,0
2026-03-10,19,6851.0,7111.0,0,7148.996492525109,7027.58357532388,7063.9297,6795.1704877745515,7069.240193284447,7148.996492525109,1
2026-03-11,19,6909.0,7133.0,0,7383.523466311088,7291.711872248889,7195.632,7149.917846277418,7258.051331579508,7383.523466311088,2
2026-03-12,19,6995.0,7565.0,0,7413.642964433133,7436.255270906068,7377.6597,7292.237070427979,7409.58409481918,7413.642964433133,3
2026-03-13,19,7478.0,7111.0,0,7316.154107750101,7437.012995217329,7471.581,7361.251502591967,7348.933462293852,7316.154107750101,4
2026-03-14,19,8041.0,6638.0,0,8013.040896481827,7700.11964718812,7528.964,7692.618674083893,7829.337322828109,8013.040896481827,5
2026-03-15,19,7248.0,7262.0,0,7410.684316670088,7541.618515943924,7497.4814,7450.491998163443,7334.812818838015,7410.684316670088,6
2026-03-16,19,6605.0,7107.0,0,6803.347984801204,6953.264460583381,6901.1987,6835.039282386971,6840.655453956242,6803.347984801204,0
2026-03-17,19,7018.0,6507.0,0,6941.619828970093,6949.658909457785,6993.601,6901.242311467668,6931.8704998314615,6941.619828970093,1
2026-03-18,19,7236.0,7211.0,0,7206.882856160021,7104.057650925894,7040.1143,7017.870936945748,7067.798227117194,7206.882856160021,2
2026-03-19,19,7244.0,7791.0,0,7179.258797951461,7264.869039764032,7130.6353,7284.248809659804,7253.414060957298,7179.258797951461,3
2026-03-20,19,7336.0,7607.0,0,7319.923942591511,7389.8089460653855,7371.8726,7353.071786044249,7409.167668927781,7319.923942591511,4
2026-03-21,19,7576.0,7612.0,0,7762.769638893086,7682.928618930681,7821.9653,7629.675512085458,7902.534815277421,7762.769638893086,5
2026-03-22,19,6941.0,7978.0,0,7284.61802795389,7273.337099612052,7188.1304,7189.045915124075,7244.041824640796,7284.61802795389,6
2026-03-23,19,6779.0,6837.0,0,6893.674852769243,7088.980671199614,6953.8823,6792.422827302811,6930.934879111359,6893.674852769243,0
2026-03-24,19,6916.0,6832.0,0,7078.3627176617465,7062.099714538794,6967.7334,6778.977730768398,6944.37398309483,7078.3627176617465,1
2026-03-25,19,6997.0,7046.0,0,7165.60001796566,7117.4669104820305,6938.5083,6714.702944962152,7016.558928492814,7165.60001796566,2
2026-03-26,19,6924.0,7312.0,0,7179.91133910441,7175.629000739199,7002.621,7021.8933324163545,7168.834074821643,7179.91133910441,3
2026-03-27,19,6814.0,6936.0,0,7220.70697918392,7358.223703233466,7262.924,7157.180265449003,7225.105389214903,7220.70697918392,4
2026-03-28,19,7429.0,7674.0,0,7708.050823755795,7660.632280110115,7714.4272,7630.910595067475,7753.5875884513125,7708.050823755795,5
2026-03-01,20,7091.0,7870.0,0,7237.7942096140305,7408.540308559691,7300.344,7136.004230114062,7309.868836192573,7237.7942096140305,6
2026-03-02,20,6255.0,7022.0,0,6575.59926828885,6576.086628749371,6557.048,6567.461906829321,6686.647012754838,6575.59926828885,0
2026-03-03,20,5836.0,7295.0,0,6716.440389851269,6652.068787488216,6653.8115,6658.674015725686,6828.50494233076,6716.440389851269,1
2026-03-04,20,5808.0,7199.0,0,6111.592902845023,6898.5495696197995,6536.893,6830.571987078015,6227.981766663795,6111.592902845023,2
2026-03-05,20,6099.0,7107.0,0,6317.255677037211,6834.915637098507,6421.375,6832.086067231553,6147.308242084756,6317.255677037211,3
2026-03-06,20,6804.0,6898.0,0,6868.2399385108065,7085.44033412145,6742.583,6947.744189803265,6911.37462228238,6868.2399385108065,4
2026-03-07,20,7626.0,7746.0,0,7656.945710824849,7709.023049901056,7453.164,7646.011909197134,7691.5133469420825,7656.945710824849,5
2026-03-08,20,7092.0,7849.0,0,7415.580668577094,7559.888102325924,7294.4487,7600.393398368967,7442.247685678446,7415.580668577094,6
2026-03-09,20,6789.0,7348.0,0,6955.6746496505275,6960.550188119641,6840.146,6783.657913042368,7048.903295771449,6955.6746496505275,0
2026-03-10,20,6851.0,7111.0,0,7043.029920966063,6995.1999331262305,6955.8945,6861.4234328871335,7103.257422787655,7043.029920966063,1
2026-03-11,20,6909.0,7133.0,0,7207.353055795956,7279.347374549452,7136.776,7084.5920215692295,7172.667837569443,7207.353055795956,2
2026-03-12,20,6995.0,7565.0,0,7364.257954431113,7339.450652352909,7445.751,7341.266899324403,7410.776677856734,7364.257954431113,3
2026-03-13,20,7478.0,7111.0,0,7474.588880919701,7413.722585606879,7531.497,7480.6315745114,7469.475804711627,7474.588880919701,4
2026-03-14,20,8041.0,6638.0,0,7945.609309776044,7566.817513592252,7756.6562,7802.574504467631,7900.710805855369,7945.609309776044,5
2026-03-15,20,7248.0,7262.0,0,7251.25946139505,7362.990564663303,7422.4194,7429.939312743969,7289.05681165401,7251.25946139505,6
2026-03-16,20,6605.0,7107.0,0,6860.883436192872,6818.535371796081,6961.246,6836.172882488431,6951.4109940091585,6860.883436192872,0
2026-03-17,20,7018.0,6507.0,0,6830.216869195282,6905.732728190235,6990.714,6849.443776247916,6927.745302722485,6830.216869195282,1
2026-03-18,20,7236.0,7211.0,0,7120.094225948493,7178.656240381406,7066.9067,7067.007697932813,7142.41435487774,7120.094225948493,2
2026-03-19,20,7244.0,7791.0,0,7203.9455079544,7289.295093270266,7229.921,7242.73065791604,7263.697209138743,7203.9455079544,3
2026-03-20,20,7336.0,7607.0,0,7199.39308233582,7319.781207874718,7343.997,7389.175896391211,7303.686875656607,7199.39308233582,4
2026-03-21,20,7576.0,7612.0,0,7794.739984757622,7776.025913159027,7742.358,7681.407812687392,7811.999423707271,7794.739984757622,5
2026-03-22,20,6941.0,7978.0,0,7138.731718665369,7281.381504146869,7241.822,7204.411804020108,7247.751784276473,7138.731718665369,6
2026-03-23,20,6779.0,6837.0,0,6706.214295041687,6836.17881017069,6865.0483,6722.68367111922,6819.702886078348,6706.214295041687,0
2026-03-24,20,6916.0,6832.0,0,6986.875805762415,6979.369474454767,6796.6406,6805.268525369289,7017.67942463408,6986.875805762415,1
2026-03-25,20,6997.0,7046.0,0,7049.762190874972,7068.766571270411,6792.6304,6870.762724112486,7075.083545300816,7049.762190874972,2
2026-03-26,20,6924.0,7312.0,0,7153.537856570047,7197.289582037018,6831.759,6981.085553654052,7188.886012836246,7153.537856570047,3
2026-03-27,20,6814.0,6936.0,0,7142.797996867341,7387.743110223433,7185.2812,7179.497926663542,7199.931118062166,7142.797996867341,4
2026-03-28,20,7429.0,7674.0,0,7709.064029836258,7781.172970824283,7605.2085,7754.480604751673,7723.05300597442,7709.064029836258,5
2026-03-01,21,7091.0,7870.0,0,7414.13798260792,7540.727261333089,7458.372,7181.69992136785,7382.296606080374,7414.13798260792,6
2026-03-02,21,6255.0,7022.0,0,6930.237725054392,6921.314968483622,6847.8984,6530.797523243315,6926.8750372199975,6930.237725054392,0
2026-03-03,21,5836.0,7295.0,0,6307.213134213207,6906.816003483611,6832.7485,6624.901480476432,6510.198043128726,6307.213134213207,1
2026-03-04,21,5808.0,7199.0,0,6397.653018403914,6920.534726656025,6813.293,6742.662492966856,6501.718425595354,6397.653018403914,2
2026-03-05,21,6099.0,7107.0,0,6216.439220827994,6936.744131889398,6767.4683,6756.65539708588,6533.580266095993,6216.439220827994,3
2026-03-06,21,6804.0,6898.0,0,6466.385176158232,7195.295730040349,6940.6787,6916.95940182794,6695.6357976957925,6466.385176158232,4
2026-03-07,21,7626.0,7746.0,0,7473.5260560792285,7654.467201728187,7643.8213,7798.077296592287,7673.041058633015,7473.5260560792285,5
2026-03-08,21,7092.0,7849.0,0,6953.352966837414,7575.969387866505,7599.408,7517.443799474869,7243.488976424316,6953.352966837414,6
2026-03-09,21,6789.0,7348.0,0,6809.227803027305,7192.722209718811,7046.67,6879.038293928121,7054.245306366348,6809.227803027305,0
2026-03-10,21,6851.0,7111.0,0,6780.70735843244,7187.111434231536,7118.315,6943.882826965265,7070.392026703866,6780.70735843244,1
2026-03-11,21,6909.0,7133.0,0,7199.899643639891,7330.488827507714,7270.693,7036.3294369823125,7274.211451630926,7199.899643639891,2
2026-03-12,21,6995.0,7565.0,0,7405.183786883847,7223.577357752501,7358.128,7229.049491706919,7431.154555150443,7405.183786883847,3
2026-03-13,21,7478.0,7111.0,0,7589.0801375367355,7446.86357353086,7482.9185,7420.451034262052,7524.635326249321,7589.0801375367355,4
2026-03-14,21,8041.0,6638.0,0,8166.604046086282,7739.138993390041,7837.3896,7633.469509343876,7942.633658351723,8166.604046086282,5
2026-03-15,21,7248.0,7262.0,0,7397.037240543824,7433.7974609514995,7372.621,7260.8906857381235,7374.589921206989,7397.037240543824,6
2026-03-16,21,6605.0,7107.0,0,6810.702817848941,6859.614826817011,6733.4385,6813.423887532266,6837.196587269132,6810.702817848941,0
2026-03-17,21,7018.0,6507.0,0,6824.636960341937,7035.354194089864,6926.7705,6964.792640388065,6900.279119821474,6824.636960341937,1
2026-03-18,21,7236.0,7211.0,0,7087.196932571299,7122.267656949919,6984.0044,7100.786151454076,7043.602475231634,7087.196932571299,2
2026-03-19,21,7244.0,7791.0,0,7212.785674900665,7153.340320738329,7102.5635,7276.852267526438,7179.457849697261,7212.785674900665,3
2026-03-20,21,7336.0,7607.0,0,7221.481586981033,7375.815303960748,7334.2227,7345.092445870229,7246.433223363088,7221.481586981033,4
2026-03-21,21,7576.0,7612.0,0,7540.1829910006045,7709.601978740097,7517.0435,7716.916027034653,7613.2849279144975,7540.1829910006045,5
2026-03-22,21,6941.0,7978.0,0,7179.554410959198,7304.5897249280115,7163.4146,7219.615367289605,7158.503724363597,7179.554410959198,6
2026-03-23,21,6779.0,6837.0,0,6731.939432188626,6895.305865228075,6893.4746,6852.703514863602,6794.352166328782,6731.939432188626,0
2026-03-24,21,6916.0,6832.0,0,6970.2506667837115,6943.140239612825,6909.452,6844.273196862871,6962.040101831805,6970.2506667837115,1
2026-03-25,21,6997.0,7046.0,0,7043.844261838276,7091.063486763372,6986.285,6979.837110504505,7030.419269951427,7043.844261838276,2
2026-03-26,21,6924.0,7312.0,0,7144.15189044079,7143.707477934413,7107.9097,7100.702552286188,7185.5470553659325,7144.15189044079,3
2026-03-27,21,6814.0,6936.0,0,7073.148670303821,7426.72663097897,7350.2983,7052.053570570128,7183.258904085894,7073.148670303821,4
2026-03-28,21,7429.0,7674.0,0,7579.559995392165,7762.680513585836,7770.521,7850.0156365434,7719.0166285410805,7579.559995392165,5
2026-03-01,22,7091.0,7870.0,0,7299.79831552205,7352.167472645037,7453.149,7393.413660901575,7300.148738037606,7299.79831552205,6
2026-03-02,22,6255.0,7022.0,0,6750.033906958003,6730.530261942121,6818.9644,6682.66883500799,6809.412207416285,6750.033906958003,0
2026-03-03,22,5836.0,7295.0,0,6983.707839998956,7178.985347897523,7085.7715,7091.616165849514,7011.177193548843,6983.707839998956,1
2026-03-04,22,5808.0,7199.0,0,6770.872047466711,6986.487457003745,7003.646,7108.710140448205,6513.408408465461,6770.872047466711,2
2026-03-05,22,6099.0,7107.0,0,6336.091199999038,6889.382574829125,6918.3647,7034.100395045546,6393.557512524273,6336.091199999038,3
2026-03-06,22,6804.0,6898.0,0,6800.9138406711445,7318.474106266549,7227.625,7205.79918461976,6739.935713749209,6800.9138406711445,4
2026-03-07,22,7626.0,7746.0,0,7574.548595198011,7619.192841898402,7651.085,7752.8311656882215,7606.570651962866,7574.548595198011,5
2026-03-08,22,7092.0,7849.0,0,7287.5301758391415,7476.8426213108,7611.916,7502.662339068418,7295.261345692305,7287.5301758391415,6
2026-03-09,22,6789.0,7348.0,0,7134.70567317002,7214.817913581715,7260.1636,7050.271560780259,7001.849873789681,7134.70567317002,0
2026-03-10,22,6851.0,7111.0,0,7171.154752822581,7319.897024247887,7348.22,7138.672551918643,7108.531356271583,7171.154752822581,1
2026-03-11,22,6909.0,7133.0,0,7524.406763443051,7417.992851136841,7362.856,7283.706352391743,7264.691186814328,7524.406763443051,2
2026-03-12,22,6995.0,7565.0,0,7540.995856460993,7496.67755360385,7379.0366,7356.435867427205,7492.293340589349,7540.995856460993,3
2026-03-13,22,7478.0,7111.0,0,7579.793598046943,7395.798591323889,7551.5776,7408.111703349738,7520.663577567063,7579.793598046943,4
2026-03-14,22,8041.0,6638.0,0,7907.889398820641,7589.557940149978,7754.1255,7579.681274528732,7901.234476883411,7907.889398820641,5
2026-03-15,22,7248.0,7262.0,0,7283.179769622255,7239.059083242186,7225.055,7262.658037925967,7270.254218777365,7283.179769622255,6
2026-03-16,22,6605.0,7107.0,0,6857.728637105124,6833.684402150439,6777.0674,6838.374992672044,6883.662710577092,6857.728637105124,0
2026-03-17,22,7018.0,6507.0,0,6966.006810070315,6951.944773903275,6871.643,6658.722805024683,6962.653674186844,6966.006810070315,1
2026-03-18,22,7236.0,7211.0,0,7149.666496902535,7062.14458069475,7074.776,7061.8235339555295,7138.495936894724,7149.666496902535,2
2026-03-19,22,7244.0,7791.0,0,7107.709333984517,7032.73017947608,7073.6543,7264.293891438062,7180.859448711138,7107.709333984517,3
2026-03-20,22,7336.0,7607.0,0,7290.704241815325,7196.582947983458,7262.857,7381.188671669417,7322.607054707514,7290.704241815325,4
2026-03-21,22,7576.0,7612.0,0,7703.4702142526985,7469.769993225598,7575.087,7716.929184086665,7784.700085328087,7703.4702142526985,5
2026-03-22,22,6941.0,7978.0,0,7212.071104599745,7062.525689928498,7161.566,7235.854649806175,7167.134869859081,7212.071104599745,6
2026-03-23,22,6779.0,6837.0,0,6753.579837628029,6736.909237060593,6898.4707,6701.492194036495,6834.571548857115,6753.579837628029,0
2026-03-24,22,6916.0,6832.0,0,7088.527740962321,7025.573803838978,7079.5938,6846.650789064523,7144.840065028039,7088.527740962321,1
2026-03-25,22,6997.0,7046.0,0,7060.76249298285,7120.677769551755,7054.891,6986.761582003796,7084.309777818977,7060.76249298285,2
2026-03-26,22,6924.0,7312.0,0,7231.554269142937,7454.693927647591,7157.8716,7169.963524021409,7237.602228341476,7231.554269142937,3
2026-03-27,22,6814.0,6936.0,0,7375.4599336419915,7522.854577898472,7423.0117,7333.365525699115,7349.373777826423,7375.4599336419915,4
2026-03-28,22,7429.0,7674.0,0,7729.773280049781,7782.4107929589245,7718.8745,7813.607338052884,7802.119792855433,7729.773280049781,5
2026-03-01,23,7091.0,7870.0,0,7342.735050481361,7601.407318721766,7332.911,7469.3854412554865,7389.812307986495,7342.735050481361,6
2026-03-02,23,6255.0,7022.0,0,6889.839741511821,6835.569050690424,6688.8657,6829.9616135941105,6930.056044843058,6889.839741511821,0
2026-03-03,23,5836.0,7295.0,0,6915.941829101748,6976.296198214358,6850.24,6955.513283080118,7005.636666086914,6915.941829101748,1
2026-03-04,23,5808.0,7199.0,0,7061.116957520368,7086.75255873753,7045.8716,7147.4149752942785,7098.27679158638,7061.116957520368,2
2026-03-05,23,6099.0,7107.0,0,7060.245607950863,7273.420040763319,6900.7705,7175.417341273519,7102.210309613853,7060.245607950863,3
2026-03-06,23,6804.0,6898.0,0,7110.018523223485,7359.653855297175,7312.5537,7348.191486704467,7106.85790911904,7110.018523223485,4
2026-03-07,23,7626.0,7746.0,0,7953.2658463650605,7911.476345471124,7794.658,7855.227369084888,7958.939517646868,7953.2658463650605,5
2026-03-08,23,7092.0,7849.0,0,7302.951435505735,7640.025591947948,7386.3813,7567.442877447899,7413.530883059506,7302.951435505735,6
2026-03-09,23,6789.0,7348.0,0,6983.9029629313945,7168.112986233429,6950.937,6862.196283231973,6970.515139775335,6983.9029629313945,0
2026-03-10,23,6851.0,7111.0,0,7080.966244825263,7261.751722723917,7055.2637,6999.972787422201,7055.044918049539,7080.966244825263,1
2026-03-11,23,6909.0,7133.0,0,7397.4186664987465,7528.844163980369,7383.707,7163.462447484188,7310.480021315481,7397.4186664987465,2
2026-03-12,23,6995.0,7565.0,0,7472.1868117579315,7449.098925256594,7340.5273,7224.727568393127,7407.876940823314,7472.1868117579315,3
2026-03-13,23,7478.0,7111.0,0,7479.360630030627,7613.642982892717,7623.2305,7353.186537019187,7552.431266294298,7479.360630030627,4
2026-03-14,23,8041.0,6638.0,0,8025.423662629766,7748.948781256389,7815.1313,7765.894754154831,7992.237500691598,8025.423662629766,5
2026-03-15,23,7248.0,7262.0,0,7285.249051044236,7431.65916315512,7330.8984,7481.191434457773,7302.280782714114,7285.249051044236,6
2026-03-16,23,6605.0,7107.0,0,6822.835734338385,6822.001171163314,6812.001,6868.176191081574,6819.599881542184,6822.835734338385,0
2026-03-17,23,7018.0,6507.0,0,6944.948363044708,6900.259230142312,6954.9795,6948.667451667647,6915.162228453003,6944.948363044708,1
2026-03-18,23,7236.0,7211.0,0,6993.08892895918,7105.597878140935,7003.735,7033.8800291238995,7012.367244522914,6993.08892895918,2
2026-03-19,23,7244.0,7791.0,0,6985.182324592791,7291.263079934135,7015.8184,7196.345288146949,7126.158564599859,6985.182324592791,3
2026-03-20,23,7336.0,7607.0,0,7284.106286740983,7198.090750845999,7216.9526,7309.789869018342,7176.169391403317,7284.106286740983,4
2026-03-21,23,7576.0,7612.0,0,7788.328461151145,7636.638554556109,7483.0215,7695.265159283867,7726.417734846359,7788.328461151145,5
2026-03-22,23,6941.0,7978.0,0,7192.091894249152,7198.016809100253,7154.2197,7333.904314991008,7155.063340028578,7192.091894249152,6
2026-03-23,23,6779.0,6837.0,0,6820.53659215291,6635.009287890372,6834.7236,6795.5437545455525,6731.166847766693,6820.53659215291,0
2026-03-24,23,6916.0,6832.0,0,7069.042264788398,6817.05165741542,6875.793,6903.16212116844,6943.199092344294,7069.042264788398,1
2026-03-25,23,6997.0,7046.0,0,7157.820798453357,7029.847619546301,7060.5293,6961.415550831619,7066.590286276201,7157.820798453357,2
2026-03-26,23,6924.0,7312.0,0,7209.204634349359,7365.031083463102,7067.395,7055.490683183408,7224.069209635901,7209.204634349359,3
2026-03-27,23,6814.0,6936.0,0,7498.999456163951,7427.6942706699,7293.848,7150.151321403648,7348.043844492298,7498.999456163951,4
2026-03-28,23,7429.0,7674.0,0,7804.352693478808,7705.17004897968,7734.1694,7590.07651975111,7840.771358579587,7804.352693478808,5
2026-03-01,24,7091.0,7870.0,0,7565.544672847668,7465.258369976784,7408.458,7332.60287408582,7536.817581622244,7565.544672847668,6
2026-03-02,24,6255.0,7022.0,0,6996.3685353398905,6905.5321251110145,6863.7227,6867.817097594412,7026.908616806121,6996.3685353398905,0
2026-03-03,24,5836.0,7295.0,0,6827.0774949107235,6941.8184526309315,6894.206,6931.144240307033,6911.885767645718,6827.0774949107235,1
2026-03-04,24,5808.0,7199.0,0,7089.386503138712,7073.156428133718,7056.692,7043.075776734144,7029.2080221426995,7089.386503138712,2
2026-03-05,24,6099.0,7107.0,0,7260.752683235072,7215.921483483748,7122.127,7109.64179255284,7291.079001236743,7260.752683235072,3
2026-03-06,24,6804.0,6898.0,0,7427.730411350326,7539.851344994454,7439.538,7357.338809849767,7460.323726353807,7427.730411350326,4
2026-03-07,24,7626.0,7746.0,0,7928.466369376892,7871.760706205059,7859.523,7782.012754563422,8011.420427376111,7928.466369376892,5
2026-03-08,24,7092.0,7849.0,0,7430.729989322045,7518.651457500418,7635.024,7459.196060422691,7446.788311254088,7430.729989322045,6
2026-03-09,24,6789.0,7348.0,0,6862.488841215869,6811.225109372837,7045.779,6826.628115251926,6900.189435438067,6862.488841215869,0
2026-03-10,24,6851.0,7111.0,0,6763.856930358466,6985.024446099013,7141.5347,6971.443314320482,6872.230899685589,6763.856930358466,1
2026-03-11,24,6909.0,7133.0,0,7257.068346369671,7385.597692799222,7356.23,7275.391358572047,7281.321025584929,7257.068346369671,2
2026-03-12,24,6995.0,7565.0,0,7384.408005693677,7388.236255209702,7397.864,7295.0120926796735,7413.146276815929,7384.408005693677,3
2026-03-13,24,7478.0,7111.0,0,7444.435108416251,7473.074665467213,7604.7275,7433.43313155483,7479.288611682779,7444.435108416251,4
2026-03-14,24,8041.0,6638.0,0,8062.99948972726,7743.165972362103,7935.817,7811.074720062014,8036.379061558148,8062.99948972726,5
2026-03-15,24,7248.0,7262.0,0,7395.134944071891,7329.33746554867,7484.1875,7425.738729093736,7426.379720452452,7395.134944071891,6
2026-03-16,24,6605.0,7107.0,0,6930.113216666195,6760.7582206023635,6924.2744,6869.425547580204,6965.441679718485,6930.113216666195,0
2026-03-17,24,7018.0,6507.0,0,6985.0456074349095,6979.117896976912,7093.773,6919.684125719211,7004.340504171166,6985.0456074349095,1
2026-03-18,24,7236.0,7211.0,0,6988.3338538615635,6976.608554324671,6980.815,7008.316972087419,6981.174320279412,6988.3338538615635,2
2026-03-19,24,7244.0,7791.0,0,7003.108022371798,7114.148548290497,7110.5474,7183.079495209941,7145.968796922523,7003.108022371798,3
2026-03-20,24,7336.0,7607.0,0,7187.475745641017,7285.9536800205,7293.1953,7312.589339354687,7260.348963260018,7187.475745641017,4
2026-03-21,24,7576.0,7612.0,0,7598.346841247321,7524.95759254501,7630.309,7701.036920486868,7735.0599155177,7598.346841247321,5
2026-03-22,24,6941.0,7978.0,0,7061.429539284167,7108.037252122888,7170.74,7288.051527342111,7159.151768297568,7061.429539284167,6
2026-03-23,24,6779.0,6837.0,0,6788.510878958413,6762.895535109925,6841.6465,6753.743192628122,6748.153581480433,6788.510878958413,0
2026-03-24,24,6916.0,6832.0,0,7060.849996733382,6925.698923801226,6951.062,6873.968396543756,6945.612232544891,7060.849996733382,1
2026-03-25,24,6997.0,7046.0,0,6978.982845054607,6942.998246345755,6936.3994,7021.391702326927,6948.506684566073,6978.982845054607,2
2026-03-26,24,6924.0,7312.0,0,7291.81527450771,7200.307709671444,6990.066,6931.726282540587,7185.65179793115,7291.81527450771,3
2026-03-27,24,6814.0,6936.0,0,7331.755646373341,7329.182006722997,7319.7354,7206.607550368662,7343.067908566421,7331.755646373341,4
2026-03-28,24,7429.0,7674.0,0,7911.857298254816,7855.8910708790845,7722.825,7664.105861399116,7874.356597891975,7911.857298254816,5
2026-03-01,25,7091.0,7870.0,0,7411.11512023167,7522.589046371246,7393.6255,7247.147460213323,7400.05676173163,7411.11512023167,6
2026-03-02,25,6255.0,7022.0,0,6850.3382856087355,6966.261304583876,6814.8477,6724.340944072173,6845.728208533445,6850.3382856087355,0
2026-03-03,25,5836.0,7295.0,0,6950.501096251832,6964.520598434481,6834.6206,6829.284362322516,6973.644506978734,6950.501096251832,1
2026-03-04,25,5808.0,7199.0,0,6998.4084123762095,7142.2840901858945,6919.9824,7120.368668003969,6967.73188430919,6998.4084123762095,2
2026-03-05,25,6099.0,7107.0,0,7161.3035338981745,7093.666050242815,7062.764,7034.541742506156,7145.765872398407,7161.3035338981745,3
2026-03-06,25,6804.0,6898.0,0,7394.97595215974,7494.346874547604,7307.9194,7200.84119905566,7387.860583804508,7394.97595215974,4
2026-03-07,25,7626.0,7746.0,0,8003.707910646345,7889.300758513933,7931.661,7901.374060744011,8025.669494537939,8003.707910646345,5
2026-03-08,25,7092.0,7849.0,0,7419.425545413818,7486.015548690386,7512.523,7461.32701222309,7443.503332393616,7419.425545413818,6
2026-03-09,25,6789.0,7348.0,0,6944.912211251226,6802.768662113705,6884.3545,6713.405962111286,6902.785687355136,6944.912211251226,0
2026-03-10,25,6851.0,7111.0,0,6951.312913069591,6898.469890978335,7013.02,6938.535877407202,6826.579065820515,6951.312913069591,1
2026-03-11,25,6909.0,7133.0,0,7342.086500126467,7151.370719136512,7209.9473,7097.386961401946,7140.262979234546,7342.086500126467,2
2026-03-12,25,6995.0,7565.0,0,7536.143559918768,7324.693252530845,7275.622,7263.827545272344,7369.1709035775275,7536.143559918768,3
2026-03-13,25,7478.0,7111.0,0,7507.518947015648,7454.141073461581,7538.2905,7314.9491093637425,7454.087145700953,7507.518947015648,4
2026-03-14,25,8041.0,6638.0,0,8114.5571258705395,7703.728355123776,7863.661,7741.802278238716,7956.191028873373,8114.5571258705395,5
2026-03-15,25,7248.0,7262.0,0,7572.019198698058,7441.357505229283,7599.762,7455.561689206333,7481.505553169012,7572.019198698058,6
2026-03-16,25,6605.0,7107.0,0,7002.760751399036,6817.906532616465,6906.563,6763.3220948406115,6938.994006374454,7002.760751399036,0
2026-03-17,25,7018.0,6507.0,0,7116.782365260248,6930.922010534566,7091.6816,6718.931829368105,7013.801170462301,7116.782365260248,1
2026-03-18,25,7236.0,7211.0,0,7217.427375562762,7104.992387991494,6935.704,6923.362112746461,7147.468426125481,7217.427375562762,2
2026-03-19,25,7244.0,7791.0,0,6738.3237746153,7051.664863173994,7093.721,7074.677396827417,6956.841805837451,6738.3237746153,3
2026-03-20,25,7336.0,7607.0,0,7172.862913911374,7235.873906952539,7329.695,7210.097631726671,7192.610001038523,7172.862913911374,4
2026-03-21,25,7576.0,7612.0,0,7770.973072989752,7694.676082152328,7684.755,7645.2746745375,7779.091825157161,7770.973072989752,5
2026-03-22,25,6941.0,7978.0,0,7221.801077488943,7221.565883637545,7208.406,7231.3167654753015,7242.58981164295,7221.801077488943,6
2026-03-23,25,6779.0,6837.0,0,6820.623709749053,6848.260644600832,6862.17,6687.190491062764,6865.77222483349,6820.623709749053,0
2026-03-24,25,6916.0,6832.0,0,7097.818500016336,7004.9552895303095,6833.674,6778.635894805881,7046.807644656317,7097.818500016336,1
2026-03-25,25,6997.0,7046.0,0,7252.748619727707,7051.1261149101065,6880.3896,6962.713378074075,7134.792855724339,7252.748619727707,2
2026-03-26,25,6924.0,7312.0,0,7338.82485190108,7075.958419362227,7063.9116,7137.6330425307215,7291.624420694454,7338.82485190108,3
2026-03-27,25,6814.0,6936.0,0,7276.679467803078,7234.011167637145,7383.166,7187.425491862131,7265.895565905669,7276.679467803078,4
2026-03-28,25,7429.0,7674.0,0,7631.548331420359,7697.8280844965175,7672.0283,7688.271449076169,7720.560708988972,7631.548331420359,5
2026-03-01,26,7091.0,7870.0,0,7316.632190710315,7290.427843587546,7286.965,7161.203100952511,7350.77512464862,7316.632190710315,6
2026-03-02,26,6255.0,7022.0,0,6749.060888730445,6867.511802102944,6648.304,6686.165911548211,6781.734287173425,6749.060888730445,0
2026-03-03,26,5836.0,7295.0,0,6620.576338114001,6930.176693081093,6254.729,6766.051015396878,6703.219415947112,6620.576338114001,1
2026-03-04,26,5808.0,7199.0,0,6892.232342285662,7087.872044350987,6776.971,6955.321340071846,6901.597759540028,6892.232342285662,2
2026-03-05,26,6099.0,7107.0,0,7112.055072661446,7098.948604998735,6835.0254,7080.748348300613,7118.053145754241,7112.055072661446,3
2026-03-06,26,6804.0,6898.0,0,7432.443863536203,7464.97717100841,7353.2227,7283.8344036781855,7358.761326080044,7432.443863536203,4
2026-03-07,26,7626.0,7746.0,0,7939.423683572832,7820.810509887137,7846.184,7755.858103845949,7975.983512497552,7939.423683572832,5
2026-03-08,26,7092.0,7849.0,0,7410.956309526062,7568.646717482467,7522.009,7421.657130379796,7418.716597633923,7410.956309526062,6
2026-03-09,26,6789.0,7348.0,0,6809.159519016469,6843.35814466054,6871.4175,6832.026965616599,6901.424738062821,6809.159519016469,0
2026-03-10,26,6851.0,7111.0,0,6696.50405926825,6983.853849399308,6973.8027,6962.361973661326,6820.826774146414,6696.50405926825,1
2026-03-11,26,6909.0,7133.0,0,7010.275190748174,7195.45500398595,7165.051,7201.873992007397,7082.815622702703,7010.275190748174,2
2026-03-12,26,6995.0,7565.0,0,7178.971974338489,7244.311048642871,7260.491,7267.495957987852,7179.1040852507895,7178.971974338489,3
2026-03-13,26,7478.0,7111.0,0,7137.0340821879545,7358.672414344769,7519.78,7385.887478193604,7340.758299744734,7137.0340821879545,4
2026-03-14,26,8041.0,6638.0,0,7783.716578051859,7542.617470916009,7932.4834,7680.1065265791185,7843.964754034569,7783.716578051859,5
2026-03-15,26,7248.0,7262.0,0,7314.485306330552,7369.005933993753,7566.9033,7352.578288484496,7386.517693902903,7314.485306330552,6
2026-03-16,26,6605.0,7107.0,0,6920.226342693791,6925.927278787219,6914.5254,6752.589350825618,6951.67226230575,6920.226342693791,0
2026-03-17,26,7018.0,6507.0,0,7007.5572476267525,7058.599153426989,7068.5986,6833.363726630332,7047.921563240264,7007.5572476267525,1
2026-03-18,26,7236.0,7211.0,0,7139.590015409201,7146.027655703944,7138.9653,7087.424315076225,7151.549543625821,7139.590015409201,2
2026-03-19,26,7244.0,7791.0,0,7139.132453602154,7194.988574597571,7127.1606,7208.663496183998,7235.983541966812,7139.132453602154,3
2026-03-20,26,7336.0,7607.0,0,6947.463099152082,7218.596171447054,7224.217,7206.48680802761,7097.781122217297,6947.463099152082,4
2026-03-21,26,7576.0,7612.0,0,7599.743969418159,7501.277200669622,7565.4297,7624.4454899702705,7665.194105454666,7599.743969418159,5
2026-03-22,26,6941.0,7978.0,0,7204.542177493691,7158.032058366165,7227.8257,7249.239348234995,7218.330474636499,7204.542177493691,6
2026-03-23,26,6779.0,6837.0,0,6825.825614266714,6785.823288012454,6980.4893,6779.715569100498,6833.495201535062,6825.825614266714,0
2026-03-24,26,6916.0,6832.0,0,6910.58495218266,6941.007133435796,6993.072,6840.4597534251825,6973.163132291488,6910.58495218266,1
2026-03-25,26,6997.0,7046.0,0,7163.980771615448,7052.733691619326,6996.898,6955.018091572361,7142.032954421531,7163.980771615448,2
2026-03-26,26,6924.0,7312.0,0,7207.869919038506,7099.205368916788,7098.594,7134.584473251626,7314.094358852649,7207.869919038506,3
2026-03-27,26,6814.0,6936.0,0,7227.198713485382,7257.283717134108,7282.8696,7280.789012431253,7289.217605033034,7227.198713485382,4
2026-03-28,26,7429.0,7674.0,0,7550.923864680651,7619.99526536267,7743.6343,7708.52180911429,7675.46964965314,7550.923864680651,5
2026-03-01,27,7091.0,7870.0,0,7313.319406742085,7219.432157992121,7197.7983,7232.994664315314,7278.51744567637,7313.319406742085,6
2026-03-02,27,6255.0,7022.0,0,6849.57236401519,6435.401285131855,6496.266,6564.531719724165,6783.794925579173,6849.57236401519,0
2026-03-03,27,5836.0,7295.0,0,6946.351006357894,6529.488818942613,6663.9165,6756.007758738174,6876.087213509509,6946.351006357894,1
2026-03-04,27,5808.0,7199.0,0,7149.917317846254,6900.928479474645,6757.0615,6908.823659932978,6890.779164357556,7149.917317846254,2
2026-03-05,27,6099.0,7107.0,0,7229.898718238696,6932.94144334997,6736.0107,6980.397623028678,7085.260725628378,7229.898718238696,3
2026-03-06,27,6804.0,6898.0,0,7400.624901170754,7228.712240952096,7190.7485,7152.864285462911,7290.40486477759,7400.624901170754,4
2026-03-07,27,7626.0,7746.0,0,8016.77168028785,7792.0536418782485,7877.3696,7667.543440538647,7999.849023945757,8016.77168028785,5
2026-03-08,27,7092.0,7849.0,0,7468.678857446845,7361.7380090010965,7383.671,7383.068508021557,7376.384361357487,7468.678857446845,6
2026-03-09,27,6789.0,7348.0,0,6977.905683610091,6801.637633321665,6861.2593,6815.284517201243,6952.811364896236,6977.905683610091,0
2026-03-10,27,6851.0,7111.0,0,6875.149243574708,6841.071963080805,6902.5835,6929.566012101504,6934.739026427189,6875.149243574708,1
2026-03-11,27,6909.0,7133.0,0,7178.064250603021,7087.6580355573715,7036.256,7116.8001253006205,7091.968755570415,7178.064250603021,2
2026-03-12,27,6995.0,7565.0,0,7183.623551584412,7130.738530307204,7106.9023,7214.359892311713,7192.903477647942,7183.623551584412,3
2026-03-13,27,7478.0,7111.0,0,7172.395578730274,7140.317775229446,7288.416,7292.39071745815,7246.058099665202,7172.395578730274,4
2026-03-14,27,8041.0,6638.0,0,8073.948293725299,7588.942612126897,7753.387,7554.982466174666,7914.653404011711,8073.948293725299,5
2026-03-15,27,7248.0,7262.0,0,7518.44580031552,7208.658813281764,7388.065,7393.690980434414,7383.653551797049,7518.44580031552,6
2026-03-16,27,6605.0,7107.0,0,7027.596646745281,6861.424195093187,6955.047,6673.8702273337585,6934.193454188371,7027.596646745281,0
2026-03-17,27,7018.0,6507.0,0,7112.565478717518,6949.160734537163,7063.9834,6770.904619073615,7003.374384325186,7112.565478717518,1
2026-03-18,27,7236.0,7211.0,0,7186.40850312797,6927.872074029086,7074.4575,7000.646418738314,7152.562495202001,7186.40850312797,2
2026-03-19,27,7244.0,7791.0,0,7019.307463476424,7097.1728745156215,6921.447,7021.924725751957,7113.490435771736,7019.307463476424,3
2026-03-20,27,7336.0,7607.0,0,7132.758111145626,7245.821173844363,7239.024,7141.697302314518,7223.595312910621,7132.758111145626,4
2026-03-21,27,7576.0,7612.0,0,7624.086067758121,7625.224163613555,7554.6494,7523.382544532309,7728.6712388388005,7624.086067758121,5
2026-03-22,27,6941.0,7978.0,0,7043.849939075188,7114.803484648035,7074.3438,7166.331707055736,7125.702474987426,7043.849939075188,6
2026-03-23,27,6779.0,6837.0,0,6628.777313369022,6804.640193726691,6843.192,6688.356668799305,6758.9337264145215,6628.777313369022,0
2026-03-24,27,6916.0,6832.0,0,6904.5885279271215,6916.622607727758,6849.4614,6778.289470873197,6950.302581927625,6904.5885279271215,1
2026-03-25,27,6997.0,7046.0,0,7014.155003652069,7090.658168624141,6943.219,6888.506629540996,7100.27509741493,7014.155003652069,2
2026-03-26,27,6924.0,7312.0,0,7221.637369300618,7101.4942182186005,7003.5044,6992.945931830013,7191.387898143851,7221.637369300618,3
2026-03-27,27,6814.0,6936.0,0,7121.66571728475,7191.793547576659,7153.527,7127.300991028488,7194.586218414279,7121.66571728475,4
2026-03-28,27,7429.0,7674.0,0,7520.276906738812,7671.975227946294,7600.7554,7609.509685704155,7670.371818728719,7520.276906738812,5
2026-03-01,28,7091.0,7870.0,0,7231.247227379321,6982.942690124122,7207.036,7176.937236142741,7305.341685389867,7231.247227379321,6
2026-03-02,28,6255.0,7022.0,0,6785.829310775806,6510.449983551147,6644.303,6635.4641620741995,6792.492246473091,6785.829310775806,0
2026-03-03,28,5836.0,7295.0,0,6905.143786310918,6501.363530263285,6832.3564,6725.346897839051,6859.073673559294,6905.143786310918,1
2026-03-04,28,5808.0,7199.0,0,6896.990521016987,6824.2637668447505,7039.2407,6957.640919394701,6884.366163542265,6896.990521016987,2
2026-03-05,28,6099.0,7107.0,0,7089.866781031716,7083.390309686705,7075.319,7066.851335755636,7138.060405171146,7089.866781031716,3
2026-03-06,28,6804.0,6898.0,0,7296.614728581215,7169.292749447539,7243.747,7207.825457529215,7287.5328470557,7296.614728581215,4
2026-03-07,28,7626.0,7746.0,0,7946.985430057349,7731.833502043564,7786.1143,7688.994847372625,7974.313192965176,7946.985430057349,5
2026-03-08,28,7092.0,7849.0,0,7377.200382431628,7312.483749601039,7386.1963,7350.404474342732,7385.524822454011,7377.200382431628,6
2026-03-09,28,6789.0,7348.0,0,6904.751327996713,6685.441419139201,6767.2485,6860.241342932962,6837.95377579493,6904.751327996713,0
2026-03-10,28,6851.0,7111.0,0,6804.481635976829,6893.155571224767,6818.3584,6759.637288009846,6754.160813706784,6804.481635976829,1
2026-03-11,28,6909.0,7133.0,0,6979.993601966181,7030.609021866763,7084.84,6988.31745230809,6973.983095466909,6979.993601966181,2
2026-03-12,28,6995.0,7565.0,0,7097.367995741538,7116.03427235419,7029.1973,7146.0871906802695,7091.663726057464,7097.367995741538,3
2026-03-13,28,7478.0,7111.0,0,7219.78973666336,7240.240908355101,7229.4043,7270.206660004143,7179.0443368211445,7219.78973666336,4
2026-03-14,28,8041.0,6638.0,0,7751.242989029859,7700.21895442408,7649.739,7666.364690520096,7835.481797805077,7751.242989029859,5
2026-03-15,28,7248.0,7262.0,0,7266.91640511691,7266.514433711535,7329.8643,7484.158172555667,7293.692161049227,7266.91640511691,6
2026-03-16,28,6605.0,7107.0,0,7103.84147505761,6844.671464752256,6868.6953,6841.88155547237,6937.127809469709,7103.84147505761,0
2026-03-17,28,7018.0,6507.0,0,6999.482112774873,6976.934345087313,6960.82,6909.213531560499,6962.412668972701,6999.482112774873,1
2026-03-18,28,7236.0,7211.0,0,7063.965991357562,7017.635078716467,7050.057,7153.167123929826,7070.758716008683,7063.965991357562,2
2026-03-19,28,7244.0,7791.0,0,7066.307921899466,7142.6809494444815,6936.28,7051.992239558583,7052.079852191239,7066.307921899466,3
2026-03-20,28,7336.0,7607.0,0,7080.856578019155,7193.96466756532,7169.925,7178.6493760574895,7131.239361538462,7080.856578019155,4
2026-03-21,28,7576.0,7612.0,0,7697.39894008589,7590.894762970809,7620.464,7532.701031732244,7704.91801902686,7697.39894008589,5
2026-03-22,28,6941.0,7978.0,0,6963.610918153314,7109.385291236099,7004.605,7045.1387772921,7085.169298806075,6963.610918153314,6
2026-03-23,28,6779.0,6837.0,0,6586.309657169544,6684.66787929822,6655.0156,6729.496129727218,6726.538492672948,6586.309657169544,0
2026-03-24,28,6916.0,6832.0,0,6851.8678718154415,6812.757727746918,6836.7954,6780.430902956179,6896.69539530923,6851.8678718154415,1
2026-03-25,28,6997.0,7046.0,0,7003.343105676428,6945.01737141122,6999.7783,6924.094147349462,7036.671209978377,7003.343105676428,2
2026-03-26,28,6924.0,7312.0,0,7253.502443470202,6995.874588266285,6990.326,7135.573898837457,7172.710938913627,7253.502443470202,3
2026-03-27,28,6814.0,6936.0,0,7238.121165623649,7193.881693713412,7167.574,7221.843006718702,7154.437885951086,7238.121165623649,4
2026-03-28,28,7429.0,7674.0,0,7591.323515750064,7603.260927303974,7597.6655,7600.246460785453,7663.755248317181,7591.323515750064,5
