target_date,horizon,y,lag_365,is_hol,lgbm_l2,lgbm_q,xgb,cat,lgbm_bag,v3_2stage,dow
2026-05-01,1,8653.0,8349.0,1,7765.513770594968,7710.773441243523,7394.866,7518.205296857418,7832.364858439246,7812.814995670582,4
2026-05-02,1,8249.0,8293.0,1,7901.868232864414,7953.42870940328,7824.4517,7773.336913022654,7859.4828484743875,7919.893685223861,5
2026-05-03,1,7780.0,8042.0,1,7567.9972073178105,7570.4429903405035,7377.9336,7369.06376904447,7465.219425856271,7581.88684360155,6
2026-05-04,1,7153.0,7302.0,1,6793.888398501795,6820.495755971828,7035.4917,6681.476737541406,6800.347513566286,6783.827900468491,0
2026-05-05,1,6694.0,6521.0,1,6742.667161045874,6751.014855745889,6669.297,6747.188026997468,6712.953363035973,6752.345665021826,1
2026-05-06,1,6063.0,5434.0,0,6695.94801903431,7035.124518156045,6841.2456,6774.756234818423,6672.702580343226,6695.94801903431,2
2026-05-07,1,6236.0,5558.0,0,6801.102880162518,7112.103844685222,7026.336,6983.509124414507,6824.209078330253,6801.102880162518,3
2026-05-08,1,6738.0,5714.0,0,6355.6270226434135,6712.542230671911,6648.2446,6812.17791390107,6514.290188788932,6355.6270226434135,4
2026-05-09,1,7120.0,6367.0,0,6620.527050293856,7074.238593190095,7059.556,7074.554481269393,6861.703247973069,6620.527050293856,5
2026-05-10,1,6714.0,7017.0,0,6956.813652286707,7187.386184486999,7086.9746,7193.224764662688,6973.9379253111665,6956.813652286707,6
2026-05-11,1,6780.0,6694.0,0,6503.898226102711,6534.295427086897,6551.993,6590.326707597151,6555.052648885877,6503.898226102711,0
2026-05-12,1,6903.0,6179.0,0,6559.348768708407,6589.482695187076,6584.177,6649.477894722196,6583.843599825913,6559.348768708407,1
2026-05-13,1,6671.0,6607.0,0,6877.681770063277,6695.293370509087,6681.9414,6808.853138916995,6838.149666261658,6877.681770063277,2
2026-05-14,1,6955.0,6881.0,0,6974.495578291746,6918.661689159546,6897.3813,7022.779033021911,6975.979969696028,6974.495578291746,3
2026-05-15,1,6995.0,6513.0,0,7155.578575551589,7103.831728595909,7144.0713,7219.812408934866,7156.173158077319,7155.578575551589,4
2026-05-16,1,7815.0,7172.0,0,7843.183953239612,7753.003074825408,7728.9805,7720.425881361792,7934.916426773078,7843.183953239612,5
2026-05-17,1,7158.0,7825.0,0,7313.463951757741,7332.379023791138,7220.5146,7322.069730474656,7286.035166731711,7313.463951757741,6
2026-05-18,1,6839.0,7222.0,0,6708.210611955422,6644.882240965673,6716.0806,6740.031986170739,6769.52531771098,6708.210611955422,0
2026-05-19,1,6924.0,6469.0,0,6733.464928011722,6866.663424667223,6774.8604,6765.1187161636035,6777.904707166778,6733.464928011722,1
2026-05-20,1,6769.0,6681.0,0,6930.402307104032,6989.812800241449,6874.633,6923.041355335733,6901.620886319219,6930.402307104032,2
2026-05-21,1,6588.0,6789.0,0,7022.950890741039,7066.301513516822,7149.252,7051.9919642515415,7024.101617144643,7022.950890741039,3
2026-05-22,1,6874.0,6774.0,0,7092.6451265271335,7238.932031991275,7225.9233,7193.776462579597,7160.542318608542,7092.6451265271335,4
2026-05-23,1,7710.0,7253.0,0,7715.328294655706,7602.766346269602,7560.593,7599.347794105683,7656.338829957601,7715.328294655706,5
2026-05-24,1,7045.0,7557.0,0,7032.330465938407,7183.093952117911,7181.6367,7155.076689800582,7044.118116082939,7032.330465938407,6
2026-05-25,1,6625.0,7089.0,0,6587.498285930298,6678.5961613590825,6697.3955,6652.437040584749,6684.398943732324,6587.498285930298,0
2026-05-26,1,6877.0,6557.0,0,6712.64187683042,6712.646461637919,6716.5215,6694.064209084431,6693.278519524082,6712.64187683042,1
2026-05-27,1,7120.0,6787.0,0,6812.337572680231,6768.7555537473645,6715.2275,6755.717530790115,6804.200661810996,6812.337572680231,2
2026-05-28,1,6993.0,6669.0,0,6921.343309751429,6826.04374099432,6817.418,6860.274706304899,6859.891731793388,6921.343309751429,3
2026-05-01,2,8653.0,8349.0,1,7826.003703941949,7885.227921774959,7550.0586,7720.687495087142,7866.941652877045,7900.028787648039,4
2026-05-02,2,8249.0,8293.0,1,7797.747505950692,7840.076138079826,7879.7793,7790.640777275098,7856.835038555809,7790.863020272375,5
2026-05-03,2,7780.0,8042.0,1,7673.367763801202,7573.240978378611,7365.0464,7403.102026974587,7595.633000784743,7718.155702091867,6
2026-05-04,2,7153.0,7302.0,1,6898.531916289564,6753.496273889831,6745.3535,6775.678709991827,6894.7390578882405,6899.585201027699,0
2026-05-05,2,6694.0,6521.0,1,6815.74172081563,6828.568874679237,6747.771,6617.689087386599,6783.3654361283725,6811.365467868343,1
2026-05-06,2,6063.0,5434.0,0,6428.394614519872,6740.683309926515,6392.691,6503.8097134773825,6377.226908308046,6428.394614519872,2
2026-05-07,2,6236.0,5558.0,0,6818.8050208588065,6921.569697731097,6969.1987,6899.906363793986,6719.532686278003,6818.8050208588065,3
2026-05-08,2,6738.0,5714.0,0,6860.54661345365,7172.697127889323,7040.6187,7111.54068504249,6856.3105471426925,6860.54661345365,4
2026-05-09,2,7120.0,6367.0,0,7031.807014231284,7231.630270637646,7126.581,7127.278962475978,7060.502898919684,7031.807014231284,5
2026-05-10,2,6714.0,7017.0,0,7049.741790243168,7251.914671680683,6996.3677,6946.875398366927,7049.645091767307,7049.741790243168,6
2026-05-11,2,6780.0,6694.0,0,6638.401295311587,6590.001742962185,6481.9087,6386.44667022961,6579.922440197076,6638.401295311587,0
2026-05-12,2,6903.0,6179.0,0,6628.9812386715785,6722.658932872221,6692.508,6596.086299539179,6673.770798480964,6628.9812386715785,1
2026-05-13,2,6671.0,6607.0,0,6859.082556715511,6703.105413456028,6696.9854,6682.015383713311,6806.168098472145,6859.082556715511,2
2026-05-14,2,6955.0,6881.0,0,6971.447954711936,6928.056489776277,7010.574,6914.62881367891,6956.002537941374,6971.447954711936,3
2026-05-15,2,6995.0,6513.0,0,7308.047561456671,7246.396178467154,7307.092,7207.758400604202,7322.174586619437,7308.047561456671,4
2026-05-16,2,7815.0,7172.0,0,7781.67514684092,7769.640508355909,7684.415,7730.1731834152,7896.366440942948,7781.67514684092,5
2026-05-17,2,7158.0,7825.0,0,7187.275445529654,7425.8874582547305,7340.16,7269.091757053172,7380.690457875821,7187.275445529654,6
2026-05-18,2,6839.0,7222.0,0,6601.330905402032,6623.660314373741,6772.4927,6674.086158676606,6688.165889307847,6601.330905402032,0
2026-05-19,2,6924.0,6469.0,0,6845.991706116078,6798.196646855867,6825.027,6746.280741556861,6832.467053868731,6845.991706116078,1
2026-05-20,2,6769.0,6681.0,0,6862.997274867593,6826.23862153202,6637.4565,6814.208443403871,6810.055012375298,6862.997274867593,2
2026-05-21,2,6588.0,6789.0,0,7048.387340488652,7026.927922775225,7035.6924,6990.700413247408,7014.741632572583,7048.387340488652,3
2026-05-22,2,6874.0,6774.0,0,7103.519514327028,7271.663688895588,7195.686,7204.083429997188,7139.331347262149,7103.519514327028,4
2026-05-23,2,7710.0,7253.0,0,7675.2321715403,7720.925303060637,7651.986,7759.264424517633,7661.584852584424,7675.2321715403,5
2026-05-24,2,7045.0,7557.0,0,7065.29886517649,7263.720209066672,7215.3975,7150.982665597699,7013.661975583161,7065.29886517649,6
2026-05-25,2,6625.0,7089.0,0,6640.193162392266,6615.323579406547,6681.8984,6634.523881172599,6591.3248207292045,6640.193162392266,0
2026-05-26,2,6877.0,6557.0,0,6799.612744085661,6746.01307858524,6722.18,6733.654489915643,6823.259698914545,6799.612744085661,1
2026-05-27,2,7120.0,6787.0,0,6713.724506775488,6636.164134604228,6679.788,6708.138856332961,6730.117665923383,6713.724506775488,2
2026-05-28,2,6993.0,6669.0,0,6793.331727353039,6817.647126708826,6768.912,6761.0966068439575,6792.7823933514555,6793.331727353039,3
2026-05-01,3,8653.0,8349.0,1,7962.765017039518,7814.428395384611,7492.118,7554.388614018408,7773.401717123238,8003.3653049145405,4
2026-05-02,3,8249.0,8293.0,1,7811.223864407718,7911.422861278911,7830.547,7721.964423250501,7799.413344620521,7834.788518395317,5
2026-05-03,3,7780.0,8042.0,1,7543.039488849903,7453.419272902557,7317.53,7239.302415481141,7443.861244765318,7578.841077978163,6
2026-05-04,3,7153.0,7302.0,1,6890.129476768332,6717.428122811909,6687.837,6818.132234490431,6905.346769054974,6914.234362985911,0
2026-05-05,3,6694.0,6521.0,1,6725.796904455199,6726.711312513714,6788.348,6914.702025944732,6735.167378688668,6745.427801917296,1
2026-05-06,3,6063.0,5434.0,0,6251.683983254551,6715.061029481897,6634.0977,6658.175160163731,6359.18068388816,6251.683983254551,2
2026-05-07,3,6236.0,5558.0,0,6354.208188415818,6829.018631211979,6731.1294,6781.854460856349,6518.465407104741,6354.208188415818,3
2026-05-08,3,6738.0,5714.0,0,6834.149662183125,7185.620643073431,7182.121,7126.247800388479,6907.416101103366,6834.149662183125,4
2026-05-09,3,7120.0,6367.0,0,6993.542761260664,7439.314181877763,7289.78,7323.236107500622,7097.584197966127,6993.542761260664,5
2026-05-10,3,6714.0,7017.0,0,7096.076844905566,7127.355837357403,7053.7715,7256.923742926712,7045.469260639785,7096.076844905566,6
2026-05-11,3,6780.0,6694.0,0,6634.0425219420695,6516.542257329269,6448.6646,6532.933944249908,6603.535455856744,6634.0425219420695,0
2026-05-12,3,6903.0,6179.0,0,6563.5086989174215,6668.779771212828,6609.5083,6626.421516237784,6680.002035682536,6563.5086989174215,1
2026-05-13,3,6671.0,6607.0,0,6786.997378497348,6705.893562055543,6692.066,6737.817926208335,6839.772841927882,6786.997378497348,2
2026-05-14,3,6955.0,6881.0,0,7017.895290112798,6896.856671288719,6902.3633,6873.473713808405,6909.85785326895,7017.895290112798,3
2026-05-15,3,6995.0,6513.0,0,7247.358266530046,7221.867805016689,7240.1343,7176.003170312256,7168.791840582932,7247.358266530046,4
2026-05-16,3,7815.0,7172.0,0,7947.255895282661,7766.084210485573,7652.197,7716.820896214661,7911.029451144156,7947.255895282661,5
2026-05-17,3,7158.0,7825.0,0,7329.664345433919,7333.659977348906,7291.923,7260.895407805366,7297.587821503582,7329.664345433919,6
2026-05-18,3,6839.0,7222.0,0,6683.400444252417,6758.4164420377765,6809.674,6639.268479252609,6636.7942219340885,6683.400444252417,0
2026-05-19,3,6924.0,6469.0,0,6762.859126553531,6800.4703456647085,6747.2876,6776.5525820414005,6669.645028420771,6762.859126553531,1
2026-05-20,3,6769.0,6681.0,0,6831.377009433786,6913.635951618348,6851.7417,6881.479392678626,6832.844481894063,6831.377009433786,2
2026-05-21,3,6588.0,6789.0,0,7060.479916959673,6975.411800496202,7002.504,7063.680646320032,6999.319159764621,7060.479916959673,3
2026-05-22,3,6874.0,6774.0,0,7161.991832713842,7205.883005118806,7154.0386,7271.312648117862,7142.428018277676,7161.991832713842,4
2026-05-23,3,7710.0,7253.0,0,7820.800653486648,7739.315960896584,7791.447,7740.7645249294255,7802.6624017129425,7820.800653486648,5
2026-05-24,3,7045.0,7557.0,0,7173.620327533024,7246.604950925457,7234.2324,7237.84984017126,7159.009387650887,7173.620327533024,6
2026-05-25,3,6625.0,7089.0,0,6672.722975891388,6742.326745111702,6730.0977,6724.637091051596,6647.655992955687,6672.722975891388,0
2026-05-26,3,6877.0,6557.0,0,6805.3877830432575,6744.6724039216315,6737.4473,6745.086233916694,6720.67870018127,6805.3877830432575,1
2026-05-27,3,7120.0,6787.0,0,6739.332176181024,6696.8685629739275,6695.4004,6729.959258094476,6723.085286868107,6739.332176181024,2
2026-05-28,3,6993.0,6669.0,0,6883.07873941129,6804.830972499612,6807.5083,6813.317831542119,6804.226902192317,6883.07873941129,3
2026-05-01,4,8653.0,8349.0,1,7809.041240597973,7560.705335643593,7478.4126,7751.73461409356,7836.003043723799,7868.178195602296,4
2026-05-02,4,8249.0,8293.0,1,7762.9241178641005,7643.044927869663,7788.155,7740.447859975236,7807.341278858342,7766.045476043809,5
2026-05-03,4,7780.0,8042.0,1,7474.407657345265,7281.537627456956,7292.56,7254.470370312078,7454.840407126372,7505.988933765395,6
2026-05-04,4,7153.0,7302.0,1,6701.741566113477,6449.463622406674,6604.9497,6670.197196514855,6703.0310206904505,6749.637323846039,0
2026-05-05,4,6694.0,6521.0,1,6915.780368358613,6503.408034664382,6803.8047,6715.608108593901,6866.452238687619,6894.047871739886,1
2026-05-06,4,6063.0,5434.0,0,6352.1318787847185,6639.788338509599,6557.8726,6747.580608825744,6449.7973540391895,6352.1318787847185,2
2026-05-07,4,6236.0,5558.0,0,6476.156163562519,6713.84711730077,6901.33,6908.527870560634,6571.741435191735,6476.156163562519,3
2026-05-08,4,6738.0,5714.0,0,6605.781246789065,6840.950447430232,6947.1997,7114.03401567424,6729.2414842755925,6605.781246789065,4
2026-05-09,4,7120.0,6367.0,0,7129.793178097309,7335.095976879365,7388.2896,7390.5474905335805,7153.939692826753,7129.793178097309,5
2026-05-10,4,6714.0,7017.0,0,7206.265105924818,7249.475374702457,7208.1333,7313.748968320116,7177.523028924422,7206.265105924818,6
2026-05-11,4,6780.0,6694.0,0,6492.043515574745,6446.898767206571,6611.098,6648.208735484825,6575.078887758097,6492.043515574745,0
2026-05-12,4,6903.0,6179.0,0,6532.401446081074,6596.2599225433605,6739.3774,6744.663552483501,6605.832975506196,6532.401446081074,1
2026-05-13,4,6671.0,6607.0,0,6790.365111916422,6719.9569308801265,6684.7188,6579.115758300178,6733.413470880051,6790.365111916422,2
2026-05-14,4,6955.0,6881.0,0,6916.584300570568,6900.557489194057,7052.0415,6895.480725048317,6930.947613100573,6916.584300570568,3
2026-05-15,4,6995.0,6513.0,0,7205.161136914681,7136.478916407371,7237.487,7104.799896512942,7218.451356328703,7205.161136914681,4
2026-05-16,4,7815.0,7172.0,0,7992.731753706636,7818.039716455692,7775.6284,7621.408146524544,7887.384426006186,7992.731753706636,5
2026-05-17,4,7158.0,7825.0,0,7291.621516095885,7308.381656024861,7339.369,7229.768159403917,7253.794957418767,7291.621516095885,6
2026-05-18,4,6839.0,7222.0,0,6747.641764246832,6609.784921914483,6703.444,6735.080483904954,6697.274833110543,6747.641764246832,0
2026-05-19,4,6924.0,6469.0,0,6792.582759285008,6841.6612468355725,6755.06,6762.200863157174,6769.312461189576,6792.582759285008,1
2026-05-20,4,6769.0,6681.0,0,6776.691921379063,6859.482701149082,6783.551,6800.792405413764,6758.264209059652,6776.691921379063,2
2026-05-21,4,6588.0,6789.0,0,6940.232996915996,6988.26828687124,7031.038,6990.301895388825,6942.996567538133,6940.232996915996,3
2026-05-22,4,6874.0,6774.0,0,7056.184470399987,7174.219722597398,7086.4155,7103.990320366818,7098.285665778694,7056.184470399987,4
2026-05-23,4,7710.0,7253.0,0,7758.8537000757005,7751.437683015635,7641.61,7700.550391779421,7756.111059816304,7758.8537000757005,5
2026-05-24,4,7045.0,7557.0,0,7172.2863320912,7239.439655443338,7244.983,7201.95408081731,7104.690128712074,7172.2863320912,6
2026-05-25,4,6625.0,7089.0,0,6670.78451720394,6701.333547659757,6688.1426,6677.3602826968145,6650.269803470808,6670.78451720394,0
2026-05-26,4,6877.0,6557.0,0,6739.79018192249,6777.086049308768,6709.838,6722.204577121372,6693.228652989597,6739.79018192249,1
2026-05-27,4,7120.0,6787.0,0,6542.751932540831,6667.6988661111245,6560.267,6672.477902786239,6668.772682798102,6542.751932540831,2
2026-05-28,4,6993.0,6669.0,0,6837.727798969522,6800.175468895141,6770.7563,6788.0884437161285,6811.919467551114,6837.727798969522,3
2026-05-01,5,8653.0,8349.0,1,7869.394574159526,7455.791433772996,7537.614,7674.117022542201,7844.392650681678,7948.006272272194,4
2026-05-02,5,8249.0,8293.0,1,7698.337724290271,7766.788304893543,7904.47,7700.025789449525,7731.214640491409,7724.45568092881,5
2026-05-03,5,7780.0,8042.0,1,7476.506381948786,7484.784070940029,7342.522,7162.014479847115,7426.757255135252,7481.271260124979,6
2026-05-04,5,7153.0,7302.0,1,6767.470701439154,6683.165229012421,6622.059,6759.175947425093,6775.194056538843,6809.973395030428,0
2026-05-05,5,6694.0,6521.0,1,6778.686271790743,6637.115593908517,6700.855,6552.442281372617,6778.231835260027,6785.245637400867,1
2026-05-06,5,6063.0,5434.0,0,6714.713458317408,6738.069855417969,6718.8496,6779.645279984822,6700.076876566934,6714.713458317408,2
2026-05-07,5,6236.0,5558.0,0,6391.5075409472465,6838.240302875005,6775.3623,7030.574168175254,6564.066663467048,6391.5075409472465,3
2026-05-08,5,6738.0,5714.0,0,6643.994168174268,6995.924618725118,7204.144,7224.668716217755,6738.176133902464,6643.994168174268,4
2026-05-09,5,7120.0,6367.0,0,7019.707815183071,7285.017983816672,7220.8105,7412.869938290539,7018.91182991215,7019.707815183071,5
2026-05-10,5,6714.0,7017.0,0,7106.515581681438,7284.278156664433,7355.728,7244.011927369725,7199.431348219816,7106.515581681438,6
2026-05-11,5,6780.0,6694.0,0,6621.136421535768,6635.638027056876,6632.3315,6622.2435255545615,6624.568825910966,6621.136421535768,0
2026-05-12,5,6903.0,6179.0,0,6563.851861818952,6692.56024122808,6665.813,6603.481790227543,6546.765116910529,6563.851861818952,1
2026-05-13,5,6671.0,6607.0,0,6683.642630280157,6731.108257909471,6547.77,6709.021158129575,6659.787044826353,6683.642630280157,2
2026-05-14,5,6955.0,6881.0,0,6893.590483925537,6900.620903766178,6872.3564,6951.023592415456,6866.983082867438,6893.590483925537,3
2026-05-15,5,6995.0,6513.0,0,7204.467260711269,7142.98783658783,7280.273,7142.864815762056,7171.73478031034,7204.467260711269,4
2026-05-16,5,7815.0,7172.0,0,7742.9122851166285,7801.970747659197,7752.5864,7740.207984245881,7813.989853931773,7742.9122851166285,5
2026-05-17,5,7158.0,7825.0,0,7238.339547918279,7391.9150420720125,7352.554,7241.635997269706,7302.9012634292385,7238.339547918279,6
2026-05-18,5,6839.0,7222.0,0,6669.404189425687,6757.59367620979,6735.549,6681.183548455858,6700.312559727866,6669.404189425687,0
2026-05-19,5,6924.0,6469.0,0,6741.147714986638,6858.746579538793,6828.5967,6757.795921442703,6731.161283814024,6741.147714986638,1
2026-05-20,5,6769.0,6681.0,0,6707.647045041356,6860.918559528557,6709.6064,6670.51039569812,6738.173944409081,6707.647045041356,2
2026-05-21,5,6588.0,6789.0,0,6942.60724909554,7018.321324700245,6980.0205,7028.993581180464,6950.589992512617,6942.60724909554,3
2026-05-22,5,6874.0,6774.0,0,7049.973881003557,7216.247616949376,7137.3486,7159.701068026501,7068.4788463651785,7049.973881003557,4
2026-05-23,5,7710.0,7253.0,0,7614.997398978287,7768.299962283225,7720.142,7726.07921779612,7649.9639327803225,7614.997398978287,5
2026-05-24,5,7045.0,7557.0,0,7075.420275658301,7258.3720830480315,7264.2534,7220.017537146107,7087.948249165896,7075.420275658301,6
2026-05-25,5,6625.0,7089.0,0,6581.480313180242,6603.520422842708,6700.0356,6759.626363500689,6654.078593183464,6581.480313180242,0
2026-05-26,5,6877.0,6557.0,0,6699.627053921964,6818.793027606373,6722.695,6795.401983448865,6729.071530560213,6699.627053921964,1
2026-05-27,5,7120.0,6787.0,0,6579.823186354645,6656.838109271195,6626.7534,6671.81171122211,6652.1676745307805,6579.823186354645,2
2026-05-28,5,6993.0,6669.0,0,6783.594759765624,6837.448308241274,6738.7837,6763.404343919834,6732.443609099672,6783.594759765624,3
2026-05-01,6,8653.0,8349.0,1,7864.125759943231,7664.5461388395,7415.6064,7551.634310714049,7934.024827311681,7925.612347804618,4
2026-05-02,6,8249.0,8293.0,1,7714.868003488585,7777.407401033518,7706.4224,7730.4432079161725,7802.515901711969,7739.574558562494,5
2026-05-03,6,7780.0,8042.0,1,7369.087516812648,7352.253743302216,7207.2305,7172.980631701774,7431.128383755607,7365.342776926204,6
2026-05-04,6,7153.0,7302.0,1,6769.079157445392,6678.713113583351,6629.669,6655.7017655638865,6794.649129199304,6814.618190026662,0
2026-05-05,6,6694.0,6521.0,1,6719.010484389368,6781.63868959628,6812.84,6724.092165139241,6716.833819337793,6728.115722801252,1
2026-05-06,6,6063.0,5434.0,0,6522.141451982323,6704.278757923072,6629.263,6671.915253990885,6539.740713281249,6522.141451982323,2
2026-05-07,6,6236.0,5558.0,0,6685.180889327925,6986.932923348308,6975.804,6814.409282925469,6710.1926552577925,6685.180889327925,3
2026-05-08,6,6738.0,5714.0,0,6653.852548200922,7045.809821729634,7275.995,7069.05216822722,6739.852398170998,6653.852548200922,4
2026-05-09,6,7120.0,6367.0,0,6982.504583319327,7362.214508015575,7432.167,7351.111934623005,6955.5302050627215,6982.504583319327,5
2026-05-10,6,6714.0,7017.0,0,7125.550641853569,7285.740034631575,7190.141,7166.475610799301,7100.037216209127,7125.550641853569,6
2026-05-11,6,6780.0,6694.0,0,6519.074053851505,6675.795889979102,6594.363,6634.744765107628,6609.530366253956,6519.074053851505,0
2026-05-12,6,6903.0,6179.0,0,6526.558772520379,6787.218923316374,6720.7734,6734.869559756816,6624.547271501197,6526.558772520379,1
2026-05-13,6,6671.0,6607.0,0,6707.294041564528,6888.213076682186,6714.5137,6751.258373979692,6738.578906670121,6707.294041564528,2
2026-05-14,6,6955.0,6881.0,0,6831.3469413913945,6984.766678148325,7017.7783,6877.09221438633,6911.242413291276,6831.3469413913945,3
2026-05-15,6,6995.0,6513.0,0,7210.716646134329,7095.983703623623,7332.803,7154.734195238081,7174.7264067461765,7210.716646134329,4
2026-05-16,6,7815.0,7172.0,0,8003.816914007002,7830.643855991529,7805.686,7737.280610816111,7937.5709413179975,8003.816914007002,5
2026-05-17,6,7158.0,7825.0,0,7336.693234390901,7323.608698727816,7294.5625,7356.876033310644,7215.71571473289,7336.693234390901,6
2026-05-18,6,6839.0,7222.0,0,6684.342503646254,6721.9544243148175,6807.1855,6724.261117767066,6647.994740110999,6684.342503646254,0
2026-05-19,6,6924.0,6469.0,0,6658.061513144741,6838.625430362524,6831.2134,6760.881532482205,6657.09707299191,6658.061513144741,1
2026-05-20,6,6769.0,6681.0,0,6741.0250450089425,6794.741674056825,6753.2773,6799.07745198643,6681.540832616641,6741.0250450089425,2
2026-05-21,6,6588.0,6789.0,0,6839.761060120103,7035.589538639389,7042.603,7014.5798505040575,6855.770196957488,6839.761060120103,3
2026-05-22,6,6874.0,6774.0,0,7134.043821546309,7190.432132984843,7174.9507,7148.590541329744,7026.1202929325345,7134.043821546309,4
2026-05-23,6,7710.0,7253.0,0,7697.072479176566,7759.260406197167,7661.386,7672.358104347024,7644.081339906902,7697.072479176566,5
2026-05-24,6,7045.0,7557.0,0,7006.537875215476,7248.312239538233,7208.6235,7142.823714441649,7039.324716765291,7006.537875215476,6
2026-05-25,6,6625.0,7089.0,0,6607.111787172833,6679.208616634306,6639.599,6641.188673671784,6651.396457775445,6607.111787172833,0
2026-05-26,6,6877.0,6557.0,0,6758.3448992081385,6784.889468288423,6758.6606,6742.700430944432,6710.749844252144,6758.3448992081385,1
2026-05-27,6,7120.0,6787.0,0,6695.192662463421,6620.476775739908,6637.553,6714.0534439335925,6647.804058976585,6695.192662463421,2
2026-05-28,6,6993.0,6669.0,0,6730.285352355873,6804.053311824498,6714.281,6780.147971711158,6720.875526257306,6730.285352355873,3
2026-05-01,7,8653.0,8349.0,1,7916.74729458687,7384.674348791143,7251.5737,7560.6610020267135,7820.190636590717,7954.313341754967,4
2026-05-02,7,8249.0,8293.0,1,7713.577112281122,7747.073488576225,7665.1846,7600.013825162894,7778.269966199817,7733.206606877651,5
2026-05-03,7,7780.0,8042.0,1,7487.7102619455045,7513.655205512386,7242.9756,7391.912723737438,7396.860461389847,7523.065920254623,6
2026-05-04,7,7153.0,7302.0,1,6684.148779083353,6878.440808039531,6748.5435,6710.879937060808,6778.591748037906,6732.021813405946,0
2026-05-05,7,6694.0,6521.0,1,6821.69207506781,6774.16869027211,6803.386,6589.436130407511,6819.622738760979,6855.425453838403,1
2026-05-06,7,6063.0,5434.0,0,6603.802736533315,6761.732074845177,6706.4805,6713.717217914166,6645.723498942512,6603.802736533315,2
2026-05-07,7,6236.0,5558.0,0,6648.930452658138,6851.2767708205665,6782.284,6836.1650624622125,6674.3049337418925,6648.930452658138,3
2026-05-08,7,6738.0,5714.0,0,6815.074755280719,7062.668416739414,7129.072,7110.205159925816,6882.610417435408,6815.074755280719,4
2026-05-09,7,7120.0,6367.0,0,6831.1140577461365,7236.8099555131585,7336.377,7192.134951581788,6959.905072694012,6831.1140577461365,5
2026-05-10,7,6714.0,7017.0,0,6902.224507527008,7131.732232711047,7109.247,7054.266900750748,6968.388865575454,6902.224507527008,6
2026-05-11,7,6780.0,6694.0,0,6389.2156033905085,6573.413303892497,6450.7314,6450.53828093488,6447.164787943594,6389.2156033905085,0
2026-05-12,7,6903.0,6179.0,0,6518.606469224334,6735.185436968017,6770.1846,6737.800060591549,6585.631073174724,6518.606469224334,1
2026-05-13,7,6671.0,6607.0,0,6836.522064225979,6933.677412137706,6982.676,6906.891815153834,6824.997060972802,6836.522064225979,2
2026-05-14,7,6955.0,6881.0,0,6984.277608028558,7128.597959761202,6994.687,6928.359873846019,6970.325601240472,6984.277608028558,3
2026-05-15,7,6995.0,6513.0,0,7134.487065920232,7273.877877504238,7262.067,7079.61099517659,7134.320405875697,7134.487065920232,4
2026-05-16,7,7815.0,7172.0,0,7828.333970993559,7829.475970502367,7859.2954,7873.493316705331,7876.5646569514865,7828.333970993559,5
2026-05-17,7,7158.0,7825.0,0,7214.274625038654,7384.381514773799,7354.5723,7345.151107299844,7264.807968055829,7214.274625038654,6
2026-05-18,7,6839.0,7222.0,0,6617.298662380916,6678.753999567576,6737.0527,6743.184760847462,6617.096384060576,6617.298662380916,0
2026-05-19,7,6924.0,6469.0,0,6553.071885759622,6671.940315625527,6855.955,6793.635014432362,6579.4941374190785,6553.071885759622,1
2026-05-20,7,6769.0,6681.0,0,6615.773692557065,6847.155465589522,6830.5405,6848.846007213189,6628.34284016063,6615.773692557065,2
2026-05-21,7,6588.0,6789.0,0,6797.047883858138,6960.581424872128,6942.368,6998.246362409627,6812.056001891655,6797.047883858138,3
2026-05-22,7,6874.0,6774.0,0,6935.56974722782,7158.553207975441,7092.3145,7220.318128301888,6939.201578202114,6935.56974722782,4
2026-05-23,7,7710.0,7253.0,0,7652.4778558208045,7757.443227803678,7639.2974,7727.345217742263,7662.033636607609,7652.4778558208045,5
2026-05-24,7,7045.0,7557.0,0,7045.548360081497,7242.34993712495,7193.6045,7240.700324507256,7105.315325711676,7045.548360081497,6
2026-05-25,7,6625.0,7089.0,0,6684.460359888938,6693.383385570816,6658.873,6679.02147655167,6670.648487061294,6684.460359888938,0
2026-05-26,7,6877.0,6557.0,0,6701.963879689237,6773.101653705952,6740.1694,6760.605177381826,6687.832515693434,6701.963879689237,1
2026-05-27,7,7120.0,6787.0,0,6553.997046729725,6747.580436507395,6674.251,6767.876776472226,6652.421867609246,6553.997046729725,2
2026-05-28,7,6993.0,6669.0,0,6807.180928789759,6879.85116171,6850.415,6784.307588860047,6706.108353236409,6807.180928789759,3
2026-05-01,8,8653.0,8349.0,1,7880.419970267596,7552.706986252282,7330.7197,7606.432275139484,7858.5758126088285,7953.500505332004,4
2026-05-02,8,8249.0,8293.0,1,7699.42397682881,7742.1559785013405,7729.423,7612.790046350702,7814.851802341196,7734.7220256494875,5
2026-05-03,8,7780.0,8042.0,1,7402.246712862484,7440.9994919444025,7318.7715,7250.472104864474,7504.132962510029,7394.814922163122,6
2026-05-04,8,7153.0,7302.0,1,6876.582099582763,6761.376984200342,6752.615,6741.010931390569,6908.22478176183,6920.383885412716,0
2026-05-05,8,6694.0,6521.0,1,6919.033188075242,6992.269161893563,6894.2295,6535.075009146309,6877.584442726286,6986.2607056477045,1
2026-05-06,8,6063.0,5434.0,0,6733.2258701826795,6724.504260204687,6710.976,6759.573020072819,6720.539422149327,6733.2258701826795,2
2026-05-07,8,6236.0,5558.0,0,6766.596929168073,6872.6418713048915,6773.3506,6852.231786593131,6762.414365997742,6766.596929168073,3
2026-05-08,8,6738.0,5714.0,0,6935.04802878785,7088.255843081481,7058.228,7090.63672816194,6891.813166263023,6935.04802878785,4
2026-05-09,8,7120.0,6367.0,0,7085.406385169628,7434.8581367564375,7430.8735,7348.410562471567,7065.566399758143,7085.406385169628,5
2026-05-10,8,6714.0,7017.0,0,6780.812363628845,7148.383711272016,7038.2314,7142.265043834083,6872.931684251717,6780.812363628845,6
2026-05-11,8,6780.0,6694.0,0,6399.2601919187255,6434.257350343986,6501.635,6501.497299757908,6380.955097559393,6399.2601919187255,0
2026-05-12,8,6903.0,6179.0,0,6524.5148976034325,6772.78806651596,6801.506,6755.959193924902,6465.321862207061,6524.5148976034325,1
2026-05-13,8,6671.0,6607.0,0,6829.359178013118,6979.679822234592,7007.967,6930.900060592972,6770.256142530209,6829.359178013118,2
2026-05-14,8,6955.0,6881.0,0,6958.146179012909,7021.605522264795,7085.116,7050.95120754582,6927.61808451215,6958.146179012909,3
2026-05-15,8,6995.0,6513.0,0,7118.832390676004,7172.340820674384,7340.2637,7164.571978279685,7077.148277459654,7118.832390676004,4
2026-05-16,8,7815.0,7172.0,0,7726.608852231013,7858.470067715692,7913.472,7883.941737119471,7827.945628020745,7726.608852231013,5
2026-05-17,8,7158.0,7825.0,0,7126.542441320977,7400.719791994617,7383.7075,7296.078082611859,7182.404143190058,7126.542441320977,6
2026-05-18,8,6839.0,7222.0,0,6503.791276773269,6688.647598567663,6679.7334,6713.353033030436,6519.374136679559,6503.791276773269,0
2026-05-19,8,6924.0,6469.0,0,6522.924744719609,6924.505033705326,6872.7974,6820.83108140869,6560.875777227361,6522.924744719609,1
2026-05-20,8,6769.0,6681.0,0,6608.3861592976955,6826.021073164251,6794.275,6872.44125214254,6554.299560639521,6608.3861592976955,2
2026-05-21,8,6588.0,6789.0,0,6739.969078052114,7040.754809344055,6927.378,7061.940207504667,6743.997239088661,6739.969078052114,3
2026-05-22,8,6874.0,6774.0,0,6822.772261229057,7220.375275213411,7133.769,7217.765641900319,6893.895285405847,6822.772261229057,4
2026-05-23,8,7710.0,7253.0,0,7551.960673275417,7750.505786474142,7568.247,7696.432193335074,7603.3386533360235,7551.960673275417,5
2026-05-24,8,7045.0,7557.0,0,7102.218637023391,7288.482085629861,7253.434,7255.332452553451,7149.460642511433,7102.218637023391,6
2026-05-25,8,6625.0,7089.0,0,6541.757397472041,6618.918022615248,6597.1733,6711.290996929482,6559.074173922613,6541.757397472041,0
2026-05-26,8,6877.0,6557.0,0,6649.118308040262,6832.5273430336865,6792.1265,6788.602772345281,6686.027090039069,6649.118308040262,1
2026-05-27,8,7120.0,6787.0,0,6579.040869208675,6722.428211327355,6685.0596,6748.9717999385875,6639.311529241521,6579.040869208675,2
2026-05-28,8,6993.0,6669.0,0,6761.5035197466295,6956.334648361177,6843.0728,6914.436107590355,6733.603415932533,6761.5035197466295,3
2026-05-01,9,8653.0,8349.0,1,7884.643616587543,7895.4349368908215,7498.2505,7740.69762595547,7958.511237807881,7949.206293254281,4
2026-05-02,9,8249.0,8293.0,1,7796.397660534745,7949.4559014195665,7853.6094,7759.189211451655,7889.365797802533,7846.124399569217,5
2026-05-03,9,7780.0,8042.0,1,7447.009967033056,7567.625761821196,7387.2456,7374.67185666304,7491.685946206201,7516.225463649107,6
2026-05-04,9,7153.0,7302.0,1,6824.377218964005,6896.602405859956,6775.515,6840.428442966824,6913.033191917573,6872.735218304727,0
2026-05-05,9,6694.0,6521.0,1,6778.537126786476,6890.93871602987,6935.37,6688.537109698907,6883.02590520199,6814.391088585373,1
2026-05-06,9,6063.0,5434.0,0,6659.741524183139,6880.349116916305,6832.8457,6743.86684999633,6739.922862701117,6659.741524183139,2
2026-05-07,9,6236.0,5558.0,0,6680.359677681406,6925.051536599349,6827.3647,6868.326469775925,6713.237434437375,6680.359677681406,3
2026-05-08,9,6738.0,5714.0,0,6849.880521620574,7098.408590225492,7183.4443,7100.941432180215,6888.3334479060095,6849.880521620574,4
2026-05-09,9,7120.0,6367.0,0,7058.544970568323,7361.619083868145,7517.4546,7363.965126949604,7174.6966893660465,7058.544970568323,5
2026-05-10,9,6714.0,7017.0,0,7094.620814187876,7259.282023750234,7243.4233,7242.040226070431,7132.190984511722,7094.620814187876,6
2026-05-11,9,6780.0,6694.0,0,6226.906000183421,6527.099733026237,6504.191,6509.377803908972,6344.80193993611,6226.906000183421,0
2026-05-12,9,6903.0,6179.0,0,6275.523909646908,6826.283592573733,6868.6333,6696.223533053879,6474.581632032726,6275.523909646908,1
2026-05-13,9,6671.0,6607.0,0,6587.400707724381,6990.83493868987,7068.4277,6846.994934703113,6675.823034882884,6587.400707724381,2
2026-05-14,9,6955.0,6881.0,0,6825.237304877494,7047.279815213479,7099.539,7064.691611139701,6884.100776116302,6825.237304877494,3
2026-05-15,9,6995.0,6513.0,0,6995.758940892886,7145.506633736246,7299.2505,7214.618647539271,7030.063241002111,6995.758940892886,4
2026-05-16,9,7815.0,7172.0,0,7900.966112349426,7778.583718895614,7892.136,7937.3089817806185,7851.800412172524,7900.966112349426,5
2026-05-17,9,7158.0,7825.0,0,7047.6947699518205,7348.551567391888,7347.434,7329.834426728019,7095.753159907211,7047.6947699518205,6
2026-05-18,9,6839.0,7222.0,0,6289.281764705075,6550.97014895218,6673.922,6674.915719062608,6318.426185423985,6289.281764705075,0
2026-05-19,9,6924.0,6469.0,0,6321.4571052524025,6779.437506736808,6705.4253,6773.55680484872,6423.708961680953,6321.4571052524025,1
2026-05-20,9,6769.0,6681.0,0,6348.988499931007,6862.034285686826,6781.152,6893.710901859874,6525.439208952786,6348.988499931007,2
2026-05-21,9,6588.0,6789.0,0,6611.963480825993,7094.816869851597,6929.155,7057.80162174451,6704.8870618061555,6611.963480825993,3
2026-05-22,9,6874.0,6774.0,0,6731.18836456909,7173.29306853141,7118.0957,7218.111196284453,6823.541689209981,6731.18836456909,4
2026-05-23,9,7710.0,7253.0,0,7553.055414515172,7683.210319309223,7595.7837,7739.461746718276,7567.885679386957,7553.055414515172,5
2026-05-24,9,7045.0,7557.0,0,6921.856858875536,7231.87815023239,7270.296,7342.647156022308,6975.557212035652,6921.856858875536,6
2026-05-25,9,6625.0,7089.0,0,6636.242747401963,6666.106844644947,6689.9688,6757.166374539489,6643.668627075719,6636.242747401963,0
2026-05-26,9,6877.0,6557.0,0,6511.8116539122575,6694.3416195801,6702.127,6730.833023683548,6610.479089346295,6511.8116539122575,1
2026-05-27,9,7120.0,6787.0,0,6606.165150617867,6713.080687673813,6787.153,6753.825949621427,6643.5422015301665,6606.165150617867,2
2026-05-28,9,6993.0,6669.0,0,6717.7579001311005,6890.0973591518505,6829.1387,6794.913139902502,6740.664618868973,6717.7579001311005,3
2026-05-01,10,8653.0,8349.0,1,8070.911972435589,7777.57882789395,7594.822,7697.534122622601,7977.125666710733,8148.490714481698,4
2026-05-02,10,8249.0,8293.0,1,7880.405153795565,7906.224831281181,7817.4023,7744.97852177899,7819.25381547429,7953.359781587766,5
2026-05-03,10,7780.0,8042.0,1,7417.266348236262,7483.514959595529,7482.943,7267.301376831967,7503.976709601423,7511.396329453545,6
2026-05-04,10,7153.0,7302.0,1,6855.884639155158,6707.640903850947,6915.6235,6797.607560787106,6901.149046939198,6933.113165901233,0
2026-05-05,10,6694.0,6521.0,1,6898.849462800774,6826.752496219922,7039.181,6946.413358228541,6860.543195519013,6941.704666386582,1
2026-05-06,10,6063.0,5434.0,0,6641.4040364055545,6807.234972950664,6809.745,6828.659835348063,6650.245021872009,6641.4040364055545,2
2026-05-07,10,6236.0,5558.0,0,6745.592102664021,6878.678354848444,6998.4087,6965.284345248845,6797.238135853881,6745.592102664021,3
2026-05-08,10,6738.0,5714.0,0,6930.206593656363,7128.819383276988,7131.4946,7093.793864023533,6912.693915946441,6930.206593656363,4
2026-05-09,10,7120.0,6367.0,0,7109.650731042181,7337.796159861577,7509.421,7425.488262905876,7081.99891812048,7109.650731042181,5
2026-05-10,10,6714.0,7017.0,0,7168.414844106417,7248.367490961535,7261.0947,7264.704929666353,7111.581096708426,7168.414844106417,6
2026-05-11,10,6780.0,6694.0,0,6732.888477655022,6579.506090884221,6621.8667,6684.397268844466,6619.149723819263,6732.888477655022,0
2026-05-12,10,6903.0,6179.0,0,6358.70799974854,6753.201763212952,6864.1377,6759.48539897081,6417.123073332586,6358.70799974854,1
2026-05-13,10,6671.0,6607.0,0,6834.794177954692,6905.686320452795,7012.9546,6911.228905243763,6758.715635930043,6834.794177954692,2
2026-05-14,10,6955.0,6881.0,0,6864.078156896185,7005.003571588668,7092.4756,7011.211897334111,6875.7568813130965,6864.078156896185,3
2026-05-15,10,6995.0,6513.0,0,6966.965237534463,7193.882999949958,7295.9297,7186.940222330838,7088.005052026187,6966.965237534463,4
2026-05-16,10,7815.0,7172.0,0,7809.958867635306,7856.76732777577,7805.994,7824.967933109232,7845.013236235849,7809.958867635306,5
2026-05-17,10,7158.0,7825.0,0,7190.162827633844,7485.834118664588,7439.0317,7273.104200344681,7223.4452537209945,7190.162827633844,6
2026-05-18,10,6839.0,7222.0,0,6462.683665250156,6673.218208158407,6736.78,6736.597011843586,6552.726464472956,6462.683665250156,0
2026-05-19,10,6924.0,6469.0,0,6473.800289631473,6752.597719985293,6839.188,6783.555806553113,6575.848099382183,6473.800289631473,1
2026-05-20,10,6769.0,6681.0,0,6538.777137472123,6817.11874278925,6768.8164,6857.722932081874,6634.37903524817,6538.777137472123,2
2026-05-21,10,6588.0,6789.0,0,6787.82119678141,7027.516769030526,6923.097,7087.162151026133,6857.264308530927,6787.82119678141,3
2026-05-22,10,6874.0,6774.0,0,6977.629020274838,7169.763740969779,7198.368,7200.125961148591,7000.143522648698,6977.629020274838,4
2026-05-23,10,7710.0,7253.0,0,7546.224560243943,7616.617209681311,7615.8345,7674.958445609005,7571.547906811115,7546.224560243943,5
2026-05-24,10,7045.0,7557.0,0,7048.282811021047,7229.381505388559,7219.747,7269.570560118473,7062.800651401537,7048.282811021047,6
2026-05-25,10,6625.0,7089.0,0,6537.748335960385,6682.032083921207,6708.058,6740.897603643046,6581.71553771747,6537.748335960385,0
2026-05-26,10,6877.0,6557.0,0,6798.303183772556,6751.625507794887,6817.2344,6781.4653236927115,6740.339076312154,6798.303183772556,1
2026-05-27,10,7120.0,6787.0,0,6654.745849372034,6699.823847391656,6663.658,6712.277055848427,6618.867905889446,6654.745849372034,2
2026-05-28,10,6993.0,6669.0,0,6822.0132824413795,6922.472722223897,6770.239,6877.067315454334,6800.031938767155,6822.0132824413795,3
2026-05-01,11,8653.0,8349.0,1,8033.839556291665,7891.92408578107,7767.3706,7806.942221755346,8012.58559790335,8042.974331591326,4
2026-05-02,11,8249.0,8293.0,1,7889.6441549083065,8000.415167020228,7850.7246,7820.998278300921,7899.024917032613,7884.33688776393,5
2026-05-03,11,7780.0,8042.0,1,7465.121180851713,7510.154692851484,7380.8613,7397.5291771976335,7524.591866655604,7488.52214878245,6
2026-05-04,11,7153.0,7302.0,1,6868.346720120143,7009.874545086099,6854.8135,6713.565133660462,6908.624803959644,6923.499593950589,0
2026-05-05,11,6694.0,6521.0,1,6893.287429302885,7046.128675556464,7053.141,6828.575859556488,6856.596557231623,6918.522295522713,1
2026-05-06,11,6063.0,5434.0,0,6593.414192722967,6822.8420667614055,6749.5513,6807.915985564979,6645.734550764446,6593.414192722967,2
2026-05-07,11,6236.0,5558.0,0,6669.052225273581,6859.85706549626,6818.124,6956.177968162196,6732.423207175816,6669.052225273581,3
2026-05-08,11,6738.0,5714.0,0,6858.430840173594,7136.782946776938,7062.9033,7030.21950817996,6918.26203917641,6858.430840173594,4
2026-05-09,11,7120.0,6367.0,0,6934.60357639047,7419.6511798228275,7526.139,7472.609479876583,7080.274508728916,6934.60357639047,5
2026-05-10,11,6714.0,7017.0,0,7039.203845500151,7299.864532000708,7296.449,7267.9843132343585,7132.249491675975,7039.203845500151,6
2026-05-11,11,6780.0,6694.0,0,6593.063070562476,6677.117081140136,6675.331,6641.550867946539,6603.551008302337,6593.063070562476,0
2026-05-12,11,6903.0,6179.0,0,6721.31442487669,6873.068747754222,6964.1187,6858.63824570537,6774.609972992989,6721.31442487669,1
2026-05-13,11,6671.0,6607.0,0,6798.640200284798,7013.663458873882,7073.527,6983.64281851902,6793.41719423268,6798.640200284798,2
2026-05-14,11,6955.0,6881.0,0,6925.246562564078,7029.886606358465,7074.4272,7082.994107461695,6927.276987281039,6925.246562564078,3
2026-05-15,11,6995.0,6513.0,0,6916.809847306419,7145.2568840668255,7179.6255,7194.616427141257,7012.225588579742,6916.809847306419,4
2026-05-16,11,7815.0,7172.0,0,7792.398787592133,7891.522645882804,7830.254,7844.706465513143,7839.489226638637,7792.398787592133,5
2026-05-17,11,7158.0,7825.0,0,7055.949300017695,7419.723670743592,7332.093,7375.55819059241,7197.584790956359,7055.949300017695,6
2026-05-18,11,6839.0,7222.0,0,6501.958341262279,6729.6246578690725,6631.0503,6759.576886256929,6504.964165611857,6501.958341262279,0
2026-05-19,11,6924.0,6469.0,0,6582.374995831308,6909.289566480128,6816.8726,6770.42224014811,6555.728086837458,6582.374995831308,1
2026-05-20,11,6769.0,6681.0,0,6624.545231421335,6871.6978884578575,6867.635,6788.725523023567,6627.045301850806,6624.545231421335,2
2026-05-21,11,6588.0,6789.0,0,6920.571889714524,7053.092639921952,6929.3403,7053.948450443455,6866.462603785813,6920.571889714524,3
2026-05-22,11,6874.0,6774.0,0,7073.055741602025,7165.270685484809,7126.5737,7255.172980150859,7061.634199859497,7073.055741602025,4
2026-05-23,11,7710.0,7253.0,0,7713.255381084207,7744.179503447105,7716.8555,7663.171380407397,7721.8498280393,7713.255381084207,5
2026-05-24,11,7045.0,7557.0,0,7089.6613819951135,7160.752561910076,7213.7207,7271.681750790355,7114.923027807465,7089.6613819951135,6
2026-05-25,11,6625.0,7089.0,0,6631.834609645096,6696.128808979393,6689.1304,6774.051767734586,6664.336729436639,6631.834609645096,0
2026-05-26,11,6877.0,6557.0,0,6629.929440789434,6765.10659236788,6780.2085,6809.196817277863,6671.96439619056,6629.929440789434,1
2026-05-27,11,7120.0,6787.0,0,6611.455056156326,6722.712482311388,6771.6626,6695.519956486535,6665.3898796749845,6611.455056156326,2
2026-05-28,11,6993.0,6669.0,0,6822.366129912526,6795.488760110925,6743.3794,6844.6188625226905,6734.136150041714,6822.366129912526,3
2026-05-01,12,8653.0,8349.0,1,8144.552637807309,7876.035060792444,7807.807,7733.979671500352,8066.502943251436,8211.757894912598,4
2026-05-02,12,8249.0,8293.0,1,8050.93150553976,8115.27623649723,7899.5894,7832.173909241395,8008.453850577028,8072.946922145987,5
2026-05-03,12,7780.0,8042.0,1,7474.114105875007,7698.362121404412,7346.5063,7321.250523882999,7523.244799917742,7529.901471523117,6
2026-05-04,12,7153.0,7302.0,1,7012.68381319564,6864.981944397423,6954.275,6659.168607379772,6970.926720095736,7022.409079907662,0
2026-05-05,12,6694.0,6521.0,1,6922.21917663531,6902.232154214135,7056.6333,6694.760212726721,6883.593658350132,6950.479705431174,1
2026-05-06,12,6063.0,5434.0,0,6716.394284225777,6937.834927036167,6764.9663,6869.748853889936,6784.250926348621,6716.394284225777,2
2026-05-07,12,6236.0,5558.0,0,6772.45684883338,6908.310762499919,6839.313,6961.910930843912,6827.763963050099,6772.45684883338,3
2026-05-08,12,6738.0,5714.0,0,6881.730653173472,7110.305071408957,7086.3184,7054.333726858562,6969.401324287982,6881.730653173472,4
2026-05-09,12,7120.0,6367.0,0,7038.8514588717,7308.919234698082,7496.9683,7342.623744002385,7121.405568869465,7038.8514588717,5
2026-05-10,12,6714.0,7017.0,0,7113.126020352132,7250.205796782122,7221.3955,7173.483214057072,7126.386972850113,7113.126020352132,6
2026-05-11,12,6780.0,6694.0,0,6706.458458944249,6626.954516421151,6623.463,6589.040563338258,6665.98835490719,6706.458458944249,0
2026-05-12,12,6903.0,6179.0,0,6818.380525387192,6887.6794083278255,6876.452,6807.451745417436,6827.673917143948,6818.380525387192,1
2026-05-13,12,6671.0,6607.0,0,6994.256028493143,7006.720854185522,7004.055,6926.017767035751,6961.843060211127,6994.256028493143,2
2026-05-14,12,6955.0,6881.0,0,6950.212475904169,7054.496660192148,7027.399,6979.5191001527955,6885.315459481125,6950.212475904169,3
2026-05-15,12,6995.0,6513.0,0,6933.259420175973,7190.886582636117,7243.509,7126.775572478087,6989.2503272970425,6933.259420175973,4
2026-05-16,12,7815.0,7172.0,0,7744.375759898498,7816.455600326287,7781.1704,7689.733287615888,7832.021758865853,7744.375759898498,5
2026-05-17,12,7158.0,7825.0,0,7294.087302267079,7551.966532644266,7346.993,7344.130148668343,7270.458027013056,7294.087302267079,6
2026-05-18,12,6839.0,7222.0,0,6579.315477109615,6754.782517544266,6752.0806,6741.943190180535,6553.209496135528,6579.315477109615,0
2026-05-19,12,6924.0,6469.0,0,6562.56622924672,6808.414602676569,6761.5586,6795.757433142219,6565.946214888422,6562.56622924672,1
2026-05-20,12,6769.0,6681.0,0,6627.162329246401,6861.091081774265,6733.115,6840.433528026378,6595.522711182864,6627.162329246401,2
2026-05-21,12,6588.0,6789.0,0,6845.746883656953,7024.713012105638,6873.7236,6989.945580656499,6834.520382773019,6845.746883656953,3
2026-05-22,12,6874.0,6774.0,0,6901.9287699411,7123.467097601819,7146.2466,7162.854935105726,6992.537359652485,6901.9287699411,4
2026-05-23,12,7710.0,7253.0,0,7720.383582350905,7676.185006354994,7649.8867,7744.941849936038,7750.998019760281,7720.383582350905,5
2026-05-24,12,7045.0,7557.0,0,7171.456074721828,7177.240671337218,7270.361,7258.519544939986,7147.646068963254,7171.456074721828,6
2026-05-25,12,6625.0,7089.0,0,6657.91238017796,6737.383016993379,6630.677,6816.318545865843,6709.937134784789,6657.91238017796,0
2026-05-26,12,6877.0,6557.0,0,6640.2119795180315,6768.809450713478,6717.963,6824.604814814689,6675.981028289727,6640.2119795180315,1
2026-05-27,12,7120.0,6787.0,0,6572.61821687354,6736.325512086259,6698.789,6805.044498874839,6592.175947234319,6572.61821687354,2
2026-05-28,12,6993.0,6669.0,0,6792.841385989331,6844.950721666589,6769.609,6891.421133720125,6819.40805247928,6792.841385989331,3
2026-05-01,13,8653.0,8349.0,1,8087.075145719998,7944.379528780211,7610.1904,7853.744398639615,8090.034354993672,8134.231889797013,4
2026-05-02,13,8249.0,8293.0,1,8019.873147847069,8029.697510225991,7943.1006,7985.131953969107,8080.9044469344235,8011.401690090995,5
2026-05-03,13,7780.0,8042.0,1,7590.869704829686,7615.041093262769,7636.547,7481.141264757597,7624.916004177331,7597.723431914413,6
2026-05-04,13,7153.0,7302.0,1,6932.596455357877,7035.951372133617,6856.7935,6847.497927372259,6977.971588722234,6948.950164151551,0
2026-05-05,13,6694.0,6521.0,1,6924.188228421696,7070.128754026557,7099.965,6942.649448403263,6918.622951008937,6930.89410673201,1
2026-05-06,13,6063.0,5434.0,0,6744.828790689427,6951.222140797898,6804.1494,6970.047632745167,6777.730389126654,6744.828790689427,2
2026-05-07,13,6236.0,5558.0,0,6871.134224483264,7033.9121829798105,6899.547,7124.780783933048,6909.408667377116,6871.134224483264,3
2026-05-08,13,6738.0,5714.0,0,6995.766587911491,7133.932173928717,7117.2236,7162.502023793935,6978.522040134085,6995.766587911491,4
2026-05-09,13,7120.0,6367.0,0,6992.529306042858,7365.193044811046,7551.074,7458.369845392116,7170.41761447028,6992.529306042858,5
2026-05-10,13,6714.0,7017.0,0,7162.318493982215,7310.479152177204,7245.431,7312.900398435999,7162.418186259519,7162.318493982215,6
2026-05-11,13,6780.0,6694.0,0,6625.402152370106,6545.588160022344,6516.182,6539.808540076609,6634.91118997904,6625.402152370106,0
2026-05-12,13,6903.0,6179.0,0,6826.40722301825,6861.8467705834755,6861.81,6811.321322665632,6849.218853009149,6826.40722301825,1
2026-05-13,13,6671.0,6607.0,0,6974.967180406658,7069.960396001961,6983.023,6968.929740813157,7013.5305815563015,6974.967180406658,2
2026-05-14,13,6955.0,6881.0,0,7087.929010857889,7105.2590275138045,7054.2886,6992.833899502742,7061.411666463365,7087.929010857889,3
2026-05-15,13,6995.0,6513.0,0,6950.475317720778,7004.045709508678,7107.024,7029.225257174106,6921.268292250366,6950.475317720778,4
2026-05-16,13,7815.0,7172.0,0,7740.882256262553,7781.322788068369,7814.7734,7737.8620119637535,7697.601574194829,7740.882256262553,5
2026-05-17,13,7158.0,7825.0,0,7222.536155530661,7347.512056046372,7377.76,7266.516177911099,7170.992231373232,7222.536155530661,6
2026-05-18,13,6839.0,7222.0,0,6678.150887371231,6745.2575704052615,6740.2427,6709.550018734652,6635.6839085998445,6678.150887371231,0
2026-05-19,13,6924.0,6469.0,0,6604.548397112372,6779.91802244764,6552.2407,6756.142543796673,6583.9140493172235,6604.548397112372,1
2026-05-20,13,6769.0,6681.0,0,6704.853662234293,6793.96039081512,6636.794,6905.919229534323,6648.221254850687,6704.853662234293,2
2026-05-21,13,6588.0,6789.0,0,6906.787704317308,6964.231201498648,6737.2666,7040.62995081436,6858.460536250287,6906.787704317308,3
2026-05-22,13,6874.0,6774.0,0,7088.528531916615,7072.872163276821,7128.673,7160.872878253209,7005.9512003255595,7088.528531916615,4
2026-05-23,13,7710.0,7253.0,0,7778.72286884474,7677.4663904172585,7687.077,7686.348828971635,7832.342830190762,7778.72286884474,5
2026-05-24,13,7045.0,7557.0,0,7213.403786310275,7183.561772001808,7291.0723,7299.462409779637,7140.6104701379545,7213.403786310275,6
2026-05-25,13,6625.0,7089.0,0,6680.830578687604,6724.607462277924,6682.345,6743.738972039078,6639.9120332236125,6680.830578687604,0
2026-05-26,13,6877.0,6557.0,0,6765.453896144966,6780.069208732893,6719.3896,6754.669316536707,6714.658846161886,6765.453896144966,1
2026-05-27,13,7120.0,6787.0,0,6636.922662957661,6765.039652070398,6674.5894,6722.7887242544175,6614.397544691904,6636.922662957661,2
2026-05-28,13,6993.0,6669.0,0,6668.332815642612,6843.647804116153,6773.4585,6895.979324440916,6632.951525788068,6668.332815642612,3
2026-05-01,14,8653.0,8349.0,1,7974.622070839028,7883.436666899256,7537.5264,7601.278445995689,7930.1882618451955,8025.44352180859,4
2026-05-02,14,8249.0,8293.0,1,7862.382466103844,7951.4696635459195,7892.5156,7796.876061735573,7975.386798433875,7853.42462999595,5
2026-05-03,14,7780.0,8042.0,1,7611.020611878818,7718.927508643516,7458.9194,7511.819851533483,7682.152636776219,7603.75065962593,6
2026-05-04,14,7153.0,7302.0,1,6871.285778631051,6855.2351331040745,6962.5835,6784.962857615933,6895.07798132653,6892.839592938969,0
2026-05-05,14,6694.0,6521.0,1,6841.516157346489,6877.591360535462,6924.176,6759.934887938737,6829.054246339295,6851.861465422132,1
2026-05-06,14,6063.0,5434.0,0,6612.46277359878,6912.213070024134,6809.1777,6893.32028138769,6668.921372932488,6612.46277359878,2
2026-05-07,14,6236.0,5558.0,0,6758.123779860754,6922.161448493523,6889.344,6945.590809190599,6748.314103180323,6758.123779860754,3
2026-05-08,14,6738.0,5714.0,0,6996.930896912518,7194.324035127769,7262.461,7080.851985810438,6931.324278354409,6996.930896912518,4
2026-05-09,14,7120.0,6367.0,0,7011.140438729631,7338.491071461809,7508.8804,7347.528874153676,7059.153176391842,7011.140438729631,5
2026-05-10,14,6714.0,7017.0,0,7140.935181306108,7372.036189518529,7284.2676,7307.369122532418,7180.391128002558,7140.935181306108,6
2026-05-11,14,6780.0,6694.0,0,6727.211640695595,6751.50949928497,6754.4165,6735.901466125827,6751.0679739555235,6727.211640695595,0
2026-05-12,14,6903.0,6179.0,0,6844.153380073145,6857.2945176576695,6825.4707,6899.112474855683,6797.829910046577,6844.153380073145,1
2026-05-13,14,6671.0,6607.0,0,6899.156180332948,7102.06023509283,7033.7324,7106.416081445109,6982.590966153595,6899.156180332948,2
2026-05-14,14,6955.0,6881.0,0,6943.273360252007,7142.555873960999,7075.9883,7169.131317382323,7065.661548908048,6943.273360252007,3
2026-05-15,14,6995.0,6513.0,0,7182.345178306148,7222.375811650801,7240.037,7283.272395338956,7177.3989399657075,7182.345178306148,4
2026-05-16,14,7815.0,7172.0,0,7644.947179251493,7739.997283412524,7788.929,7732.691926742077,7627.982732513429,7644.947179251493,5
2026-05-17,14,7158.0,7825.0,0,6977.471866196528,7363.880211868554,7349.867,7264.433797610294,7043.317861238895,6977.471866196528,6
2026-05-18,14,6839.0,7222.0,0,6432.352097983343,6667.5898966860805,6669.5327,6685.931264996272,6412.006074892171,6432.352097983343,0
2026-05-19,14,6924.0,6469.0,0,6381.447161560649,6775.378794931252,6798.276,6780.419202860253,6466.201630629017,6381.447161560649,1
2026-05-20,14,6769.0,6681.0,0,6564.353019269119,6863.260852136959,6834.0996,6915.841319148097,6603.268120574173,6564.353019269119,2
2026-05-21,14,6588.0,6789.0,0,6619.154278918303,7050.071051725001,6807.6787,7057.491833015218,6812.78847524162,6619.154278918303,3
2026-05-22,14,6874.0,6774.0,0,6798.475907456077,7263.016048287571,7035.3926,7253.791746711587,6957.075340092,6798.475907456077,4
2026-05-23,14,7710.0,7253.0,0,7709.48656694192,7716.361325452969,7743.7183,7743.596447690932,7754.489901318462,7709.48656694192,5
2026-05-24,14,7045.0,7557.0,0,7155.827720215935,7229.351949932602,7267.511,7281.46325160233,7205.073260230279,7155.827720215935,6
2026-05-25,14,6625.0,7089.0,0,6604.660779507849,6735.933143858532,6716.84,6743.43258077604,6675.010485268108,6604.660779507849,0
2026-05-26,14,6877.0,6557.0,0,6758.716198677921,6854.800704877189,6743.25,6749.457766245611,6785.758888394571,6758.716198677921,1
2026-05-27,14,7120.0,6787.0,0,6793.3218878860425,6901.922494114437,6779.3394,6805.5655106728545,6831.339722762946,6793.3218878860425,2
2026-05-28,14,6993.0,6669.0,0,6819.2861002277905,6896.2546574716525,6806.043,6815.866932865948,6822.272343246852,6819.2861002277905,3
2026-05-01,15,8653.0,8349.0,1,8131.8061081453825,8017.163799904036,7592.621,7907.384243434795,8153.306347236176,8191.434364423423,4
2026-05-02,15,8249.0,8293.0,1,8004.4444692905545,8140.454801467449,7873.511,7746.435259328311,8069.215532762001,8023.797751634917,5
2026-05-03,15,7780.0,8042.0,1,7670.969786829507,7645.681154281291,7542.453,7364.747963164867,7657.950244667486,7695.683723218242,6
2026-05-04,15,7153.0,7302.0,1,6948.344621105603,6823.744364648836,6810.1655,6709.328569791331,6943.360426645207,6981.695292628723,0
2026-05-05,15,6694.0,6521.0,1,6789.381941475049,6639.846803317796,6958.46,6542.926491515547,6836.43006996523,6824.617977545477,1
2026-05-06,15,6063.0,5434.0,0,6626.517250928149,6759.897496216265,6833.214,6780.7113581011145,6652.273007436095,6626.517250928149,2
2026-05-07,15,6236.0,5558.0,0,6706.488799403993,6851.919528290608,6879.1055,6880.9106113408925,6750.799180968655,6706.488799403993,3
2026-05-08,15,6738.0,5714.0,0,6954.205819624128,7130.301432545687,7201.555,7159.175236105224,6933.163749860036,6954.205819624128,4
2026-05-09,15,7120.0,6367.0,0,6982.962425841359,7347.750368697513,7595.9424,7438.078413300791,7092.992163731229,6982.962425841359,5
2026-05-10,15,6714.0,7017.0,0,7185.288098563023,7354.411111840015,7299.5015,7336.994262435396,7147.283639674514,7185.288098563023,6
2026-05-11,15,6780.0,6694.0,0,6718.782197141397,6605.186880291235,6739.7554,6705.842319215838,6718.714133522412,6718.782197141397,0
2026-05-12,15,6903.0,6179.0,0,6855.4210445301205,6811.753463050427,6908.21,6912.062893081038,6838.417839209479,6855.4210445301205,1
2026-05-13,15,6671.0,6607.0,0,6983.289282079086,7022.648336794082,7011.013,7008.351986166939,6984.218115700431,6983.289282079086,2
2026-05-14,15,6955.0,6881.0,0,7066.920337029871,7174.748188744514,7074.6616,7103.205867801159,7082.407658968157,7066.920337029871,3
2026-05-15,15,6995.0,6513.0,0,7231.254663861476,7257.25109733116,7222.0654,7240.889536910477,7216.37039033123,7231.254663861476,4
2026-05-16,15,7815.0,7172.0,0,7961.790721359325,7890.363364603433,7845.421,7853.859621288432,7927.89738673032,7961.790721359325,5
2026-05-17,15,7158.0,7825.0,0,6946.077855404609,7409.038480963503,7306.8184,7213.731076380046,7007.546549275782,6946.077855404609,6
2026-05-18,15,6839.0,7222.0,0,6281.964468690355,6610.968636019018,6525.6523,6619.310494941958,6391.528043773452,6281.964468690355,0
2026-05-19,15,6924.0,6469.0,0,6322.861921482418,6807.329475760378,6756.716,6819.131673489362,6428.455900379505,6322.861921482418,1
2026-05-20,15,6769.0,6681.0,0,6524.434772123468,6934.708560290839,6969.451,6952.122116429517,6560.695933798913,6524.434772123468,2
2026-05-21,15,6588.0,6789.0,0,6618.801893226669,7044.865798326712,7019.519,6988.682197512171,6704.940368435295,6618.801893226669,3
2026-05-22,15,6874.0,6774.0,0,6751.795324905659,7159.445645418766,7179.0093,7206.811331552181,6822.763029926879,6751.795324905659,4
2026-05-23,15,7710.0,7253.0,0,7476.872364969298,7737.973505568144,7688.4175,7754.473240014391,7562.218693290969,7476.872364969298,5
2026-05-24,15,7045.0,7557.0,0,7203.312024314084,7100.280966375569,7277.848,7169.488116904409,7203.397897902574,7203.312024314084,6
2026-05-25,15,6625.0,7089.0,0,6678.19668586074,6812.871149346173,6859.359,6719.675938154244,6691.420737365258,6678.19668586074,0
2026-05-26,15,6877.0,6557.0,0,6809.622673564574,6830.2487584917135,6792.2007,6746.304184780039,6813.82280108967,6809.622673564574,1
2026-05-27,15,7120.0,6787.0,0,6844.834755277196,6818.997531549987,6787.465,6726.921881911872,6762.309547874964,6844.834755277196,2
2026-05-28,15,6993.0,6669.0,0,6910.277382874391,6922.997744913188,6881.213,6931.957948267852,6854.022287205182,6910.277382874391,3
2026-05-01,16,8653.0,8349.0,1,8104.964629438628,7911.118355217498,7560.572,7801.111398138996,8073.760487261668,8163.932698328855,4
2026-05-02,16,8249.0,8293.0,1,8021.215875918015,8014.552660843603,7946.8027,7803.349800059932,8015.3587843281275,8032.836112654558,5
2026-05-03,16,7780.0,8042.0,1,7643.4773725173745,7499.593149401752,7461.8574,7362.490510292773,7643.153049006792,7680.32682805161,6
2026-05-04,16,7153.0,7302.0,1,6939.115918859471,6876.954787092887,6726.988,6650.624316693034,6966.878031235211,6973.089998698713,0
2026-05-05,16,6694.0,6521.0,1,6808.9565729435535,6736.978819379977,6701.3613,6721.67576961477,6763.974346461905,6848.236211926699,1
2026-05-06,16,6063.0,5434.0,0,6758.248525746631,6800.854799076438,6644.5874,6655.152410990361,6680.287872753203,6758.248525746631,2
2026-05-07,16,6236.0,5558.0,0,6815.838471837105,6818.401808696034,6741.471,6726.0109999545775,6751.682590903634,6815.838471837105,3
2026-05-08,16,6738.0,5714.0,0,7043.366543045967,7048.768506341676,7278.999,7042.862236757987,7001.191120022439,7043.366543045967,4
2026-05-09,16,7120.0,6367.0,0,7083.018601957979,7293.897750042234,7597.674,7380.2218581373345,7114.36216491112,7083.018601957979,5
2026-05-10,16,6714.0,7017.0,0,7223.543008992483,7174.162419292201,7303.4175,7293.632579739423,7163.058242387388,7223.543008992483,6
2026-05-11,16,6780.0,6694.0,0,6687.4447142208855,6600.765846199284,6636.047,6605.457950207708,6717.677221947763,6687.4447142208855,0
2026-05-12,16,6903.0,6179.0,0,6894.228028436613,6834.8379369212125,6933.4497,6724.174675902988,6868.020683987386,6894.228028436613,1
2026-05-13,16,6671.0,6607.0,0,7078.402370489602,6982.733268887752,7069.7197,7025.688026196289,7070.101983413854,7078.402370489602,2
2026-05-14,16,6955.0,6881.0,0,7073.611106274902,7053.104908423633,6995.565,7036.776065986305,7089.3424571177175,7073.611106274902,3
2026-05-15,16,6995.0,6513.0,0,7275.110708605759,7220.332970362484,7239.0635,7288.1302780696,7233.973600366832,7275.110708605759,4
2026-05-16,16,7815.0,7172.0,0,7998.426653188688,7782.183678920298,7775.8735,7835.467563023123,7963.497468312688,7998.426653188688,5
2026-05-17,16,7158.0,7825.0,0,7431.326896605803,7375.982754402129,7308.911,7357.48795015871,7374.660472138458,7431.326896605803,6
2026-05-18,16,6839.0,7222.0,0,6156.79214406906,6505.753284449232,6574.103,6588.234167182954,6280.0317472135,6156.79214406906,0
2026-05-19,16,6924.0,6469.0,0,6182.95671269607,6710.3013216695845,6772.5176,6814.390169001102,6396.738835699279,6182.95671269607,1
2026-05-20,16,6769.0,6681.0,0,6293.68206404063,6878.570559793345,6905.3545,6918.988848198035,6491.302086522061,6293.68206404063,2
2026-05-21,16,6588.0,6789.0,0,6559.641627394841,6911.043432394264,6965.0967,7003.284637338448,6632.842105240667,6559.641627394841,3
2026-05-22,16,6874.0,6774.0,0,6740.601584277418,7196.201794025045,7196.819,7212.4593456191105,6759.160356360048,6740.601584277418,4
2026-05-23,16,7710.0,7253.0,0,7371.746865444008,7763.570465938428,7634.2266,7749.425234196455,7442.955105256345,7371.746865444008,5
2026-05-24,16,7045.0,7557.0,0,6811.93722052605,7235.605525960282,7172.0386,7196.720449709794,6834.445294893609,6811.93722052605,6
2026-05-25,16,6625.0,7089.0,0,6672.0589468484995,6743.67643751726,6710.64,6629.103466345885,6646.7745212954005,6672.0589468484995,0
2026-05-26,16,6877.0,6557.0,0,6745.4386448397745,6686.624069439734,6790.147,6753.4058882585205,6678.821411404006,6745.4386448397745,1
2026-05-27,16,7120.0,6787.0,0,6816.422746013526,6652.869473996893,6744.985,6694.251133394771,6742.974410167341,6816.422746013526,2
2026-05-28,16,6993.0,6669.0,0,6877.164395338916,6855.519278120623,6806.0264,6787.222828747302,6814.36652097966,6877.164395338916,3
2026-05-01,17,8653.0,8349.0,1,8224.25272865559,7768.260044840532,7581.763,7712.220802796315,8124.7057165559245,8309.035111491652,4
2026-05-02,17,8249.0,8293.0,1,8068.128315559942,7967.79327574681,7902.892,7652.891566657453,8100.541975378376,8084.446480532706,5
2026-05-03,17,7780.0,8042.0,1,7630.439751728169,7571.205936980936,7461.715,7395.42950082464,7706.48475880187,7656.42371145666,6
2026-05-04,17,7153.0,7302.0,1,7013.1750372185925,6855.593762716967,6854.4956,6747.632226809097,7042.568998237129,7006.497043443,0
2026-05-05,17,6694.0,6521.0,1,6758.022060968221,6851.918216556312,6803.045,6676.051077866065,6798.61403305925,6802.734073169306,1
2026-05-06,17,6063.0,5434.0,0,6519.271144168748,6749.086239357613,6688.8916,6755.046702528512,6563.446612482573,6519.271144168748,2
2026-05-07,17,6236.0,5558.0,0,6640.8068385962415,6746.606010468749,6778.5264,6779.009124115586,6682.332593182214,6640.8068385962415,3
2026-05-08,17,6738.0,5714.0,0,6819.0346935572525,7011.089671362015,7144.8096,7157.47540202567,6866.805599005674,6819.0346935572525,4
2026-05-09,17,7120.0,6367.0,0,6959.126656468208,7310.223946854697,7481.508,7193.08980168174,7037.758219671032,6959.126656468208,5
2026-05-10,17,6714.0,7017.0,0,7096.546784150646,7213.029873824701,7307.4756,7245.8873584186795,7120.676156045832,7096.546784150646,6
2026-05-11,17,6780.0,6694.0,0,6637.576659741964,6675.668076967377,6774.8154,6629.960040014824,6698.672387132802,6637.576659741964,0
2026-05-12,17,6903.0,6179.0,0,6811.426727941295,6886.95886054139,6968.6187,6806.835909553848,6850.957869695082,6811.426727941295,1
2026-05-13,17,6671.0,6607.0,0,6998.032665867278,7030.261511313449,7125.374,6976.257270387347,7032.883514124439,6998.032665867278,2
2026-05-14,17,6955.0,6881.0,0,7174.021848931511,7200.133833916614,7177.9067,7030.221967270579,7218.918173041075,7174.021848931511,3
2026-05-15,17,6995.0,6513.0,0,7306.134249493653,7224.673823681499,7305.125,7175.122343484362,7323.068576233271,7306.134249493653,4
2026-05-16,17,7815.0,7172.0,0,7978.7998105583,7826.829897210772,7802.2534,7803.91548998671,7973.214530155002,7978.7998105583,5
2026-05-17,17,7158.0,7825.0,0,7352.513327350869,7447.731467935541,7385.432,7295.431454897608,7397.5346279646465,7352.513327350869,6
2026-05-18,17,6839.0,7222.0,0,6776.029928811667,6603.637455194937,6645.063,6722.514259151494,6754.0604784735,6776.029928811667,0
2026-05-19,17,6924.0,6469.0,0,6536.564561449841,6828.1344647935275,6838.868,6792.095943103738,6621.7863865996305,6536.564561449841,1
2026-05-20,17,6769.0,6681.0,0,6513.343416338126,6918.965659962812,6853.6494,6908.949894134684,6570.49632345263,6513.343416338126,2
2026-05-21,17,6588.0,6789.0,0,6674.96316877402,6987.990311258502,6954.66,6963.312744682482,6729.54121861493,6674.96316877402,3
2026-05-22,17,6874.0,6774.0,0,6836.551486106914,7194.109985272956,7166.1997,7232.782060827721,6894.197820570921,6836.551486106914,4
2026-05-23,17,7710.0,7253.0,0,7505.942333984945,7686.936552658751,7756.9253,7733.854604996751,7557.8921028080695,7505.942333984945,5
2026-05-24,17,7045.0,7557.0,0,6892.668897691947,7171.627075801593,7168.114,7195.838641879115,6911.325553345599,6892.668897691947,6
2026-05-25,17,6625.0,7089.0,0,6427.893586182119,6656.625407297343,6618.9683,6637.881180912878,6494.195420992178,6427.893586182119,0
2026-05-26,17,6877.0,6557.0,0,6755.256087915721,6681.3383196942905,6666.866,6622.540282437543,6684.833933726142,6755.256087915721,1
2026-05-27,17,7120.0,6787.0,0,6601.306732974817,6667.69332103801,6656.005,6677.4347563669235,6601.173638282344,6601.306732974817,2
2026-05-28,17,6993.0,6669.0,0,6680.429296317026,6693.6460558593835,6696.823,6714.026555755168,6660.377853408268,6680.429296317026,3
2026-05-01,18,8653.0,8349.0,1,8152.48374372074,7787.533086584229,7864.8984,8017.3724032392565,8085.1656893052395,8230.14934918649,4
2026-05-02,18,8249.0,8293.0,1,7993.633186873114,7943.265300651187,7910.5527,7810.099978301247,8007.504558009291,8066.317435191596,5
2026-05-03,18,7780.0,8042.0,1,7564.335665434223,7695.342615200664,7482.3413,7444.234248895811,7581.586039334402,7627.731520996226,6
2026-05-04,18,7153.0,7302.0,1,7015.376749274549,6879.645596875721,6818.887,6706.329260453934,7025.005138419576,7066.038268120677,0
2026-05-05,18,6694.0,6521.0,1,6902.133235712451,6885.953929035507,6946.954,6838.1560977170375,6832.677649649694,6990.384451505903,1
2026-05-06,18,6063.0,5434.0,0,6592.066744740115,6823.256494243295,6680.3755,6714.643183051985,6537.790719424484,6592.066744740115,2
2026-05-07,18,6236.0,5558.0,0,6603.311939353138,6808.769660998512,6739.5737,6767.68373343872,6662.25509613935,6603.311939353138,3
2026-05-08,18,6738.0,5714.0,0,6840.81362945676,7003.281381603987,7076.219,7103.060757690568,6826.460489580571,6840.81362945676,4
2026-05-09,18,7120.0,6367.0,0,7094.486063225473,7350.089173548509,7458.7554,7361.362029621574,7108.085552582765,7094.486063225473,5
2026-05-10,18,6714.0,7017.0,0,7183.161265073584,7267.911589828186,7307.7886,7344.608098501959,7145.556257719054,7183.161265073584,6
2026-05-11,18,6780.0,6694.0,0,6731.610849424426,6808.352682067269,6735.984,6623.520602743761,6720.839003822999,6731.610849424426,0
2026-05-12,18,6903.0,6179.0,0,6659.663472992907,6840.706085878197,6911.816,6824.309749037331,6745.24733981182,6659.663472992907,1
2026-05-13,18,6671.0,6607.0,0,7004.9934254238715,7041.648547257849,7101.308,7062.070616284633,7018.905534011406,7004.9934254238715,2
2026-05-14,18,6955.0,6881.0,0,7090.458047403467,7114.135528389127,7114.1606,7056.903217434979,7103.016169568269,7090.458047403467,3
2026-05-15,18,6995.0,6513.0,0,7290.410342496242,7256.289708575755,7286.869,7245.9758093910295,7270.775823940015,7290.410342496242,4
2026-05-16,18,7815.0,7172.0,0,7958.330568402114,7855.150675977618,7791.093,7734.014949599282,7893.014946504166,7958.330568402114,5
2026-05-17,18,7158.0,7825.0,0,7365.636971699816,7354.345768102826,7344.762,7317.336746038606,7373.4308523710315,7365.636971699816,6
2026-05-18,18,6839.0,7222.0,0,6622.375145316702,6647.232201439903,6667.763,6606.680206154897,6571.767331112035,6622.375145316702,0
2026-05-19,18,6924.0,6469.0,0,6904.388103445573,6961.745244848153,6939.0317,6908.173689512658,6929.505656664627,6904.388103445573,1
2026-05-20,18,6769.0,6681.0,0,6782.733422073573,6911.3798579539425,6891.819,6919.487158735225,6800.305542281512,6782.733422073573,2
2026-05-21,18,6588.0,6789.0,0,6881.199898034844,6927.030371062694,7052.243,7076.051970394303,6968.537324536056,6881.199898034844,3
2026-05-22,18,6874.0,6774.0,0,7004.654377456275,7113.6869937797255,7144.227,7209.684001820538,7058.345236797027,7004.654377456275,4
2026-05-23,18,7710.0,7253.0,0,7644.857242281485,7752.693748079169,7739.472,7789.586219144399,7735.354458928578,7644.857242281485,5
2026-05-24,18,7045.0,7557.0,0,7020.292034688291,7147.477935940526,7202.4536,7204.660372538502,7103.678043723087,7020.292034688291,6
2026-05-25,18,6625.0,7089.0,0,6440.063513696274,6569.816874735475,6580.5894,6612.479128817414,6588.424127647354,6440.063513696274,0
2026-05-26,18,6877.0,6557.0,0,6462.372950824429,6631.098328983917,6633.1333,6581.146061501293,6562.962450553474,6462.372950824429,1
2026-05-27,18,7120.0,6787.0,0,6445.499102775985,6636.371762923843,6618.236,6705.0495690588,6471.555705815287,6445.499102775985,2
2026-05-28,18,6993.0,6669.0,0,6598.094810815429,6749.554586726024,6693.4873,6728.179591397019,6707.644490601809,6598.094810815429,3
2026-05-01,19,8653.0,8349.0,1,8173.432621970545,7953.778250607349,7756.505,7657.564577774807,8077.3301096524,8238.45725176307,4
2026-05-02,19,8249.0,8293.0,1,7954.34556531248,7998.346921267196,7835.8774,7790.133169123814,8003.575096163625,8017.447380141256,5
2026-05-03,19,7780.0,8042.0,1,7709.2397725134915,7559.785393365147,7509.543,7381.885615185388,7681.574819910475,7764.513094055053,6
2026-05-04,19,7153.0,7302.0,1,6963.114122522494,6928.757975458224,6835.373,6799.585741992851,7038.585542824275,7065.025713516234,0
2026-05-05,19,6694.0,6521.0,1,6776.742260651469,6765.121947427235,6892.567,6739.529372343895,6753.584303970343,6823.070091479165,1
2026-05-06,19,6063.0,5434.0,0,6333.9539020086,6733.639159441213,6550.7964,6777.1696755370895,6459.863004430398,6333.9539020086,2
2026-05-07,19,6236.0,5558.0,0,6515.08184835428,6784.69064400518,6635.1343,6827.426572997889,6593.988259384928,6515.08184835428,3
2026-05-08,19,6738.0,5714.0,0,6713.558227322964,7082.195888064246,7043.017,7143.428453099035,6804.150182942238,6713.558227322964,4
2026-05-09,19,7120.0,6367.0,0,7047.901007942111,7308.00326244129,7459.1143,7168.186201930577,7063.618276188969,7047.901007942111,5
2026-05-10,19,6714.0,7017.0,0,7149.360044519472,7282.868012267852,7260.223,7272.332165019389,7123.771932625724,7149.360044519472,6
2026-05-11,19,6780.0,6694.0,0,6718.606872376238,6691.501835305712,6783.4067,6720.519670979048,6733.393930017453,6718.606872376238,0
2026-05-12,19,6903.0,6179.0,0,6834.037867354967,6875.737442281378,6992.358,6913.025889374943,6801.6585495721365,6834.037867354967,1
2026-05-13,19,6671.0,6607.0,0,7048.121578400287,7030.171652474924,7108.833,7085.3733442974835,7010.9972171401105,7048.121578400287,2
2026-05-14,19,6955.0,6881.0,0,7147.474749017431,7190.6596074501595,7186.0645,7150.011873499356,7099.859189273196,7147.474749017431,3
2026-05-15,19,6995.0,6513.0,0,7274.032026869206,7226.549079233787,7311.2593,7261.217490999364,7290.888960446345,7274.032026869206,4
2026-05-16,19,7815.0,7172.0,0,7917.463234039402,7824.225280020595,7921.2217,7868.577540451212,7885.837135927202,7917.463234039402,5
2026-05-17,19,7158.0,7825.0,0,7335.297068553375,7162.05371745921,7309.277,7217.369795386628,7373.462145390654,7335.297068553375,6
2026-05-18,19,6839.0,7222.0,0,6743.839385216451,6620.1710429508,6642.2935,6693.376169299006,6728.45010574285,6743.839385216451,0
2026-05-19,19,6924.0,6469.0,0,6783.630641027791,6816.409487082615,6738.6357,6785.582587002775,6709.606682451563,6783.630641027791,1
2026-05-20,19,6769.0,6681.0,0,6981.926083735672,7054.725670872891,7000.06,7008.581243616762,6994.055704574716,6981.926083735672,2
2026-05-21,19,6588.0,6789.0,0,6989.38041365466,7081.946092694113,7068.7856,6978.528018822491,7052.2523899368125,6989.38041365466,3
2026-05-22,19,6874.0,6774.0,0,7101.825101075033,7277.016145265884,7276.2876,7236.778720757878,7138.86822703113,7101.825101075033,4
2026-05-23,19,7710.0,7253.0,0,7646.989850781011,7818.65073705753,7753.726,7782.8646721658,7741.696302447596,7646.989850781011,5
2026-05-24,19,7045.0,7557.0,0,7077.0971235603465,7153.621855976489,7256.594,7201.8454106898325,7122.899898863886,7077.0971235603465,6
2026-05-25,19,6625.0,7089.0,0,6554.6604725729085,6567.67367995869,6589.1772,6584.207802340638,6602.306281719022,6554.6604725729085,0
2026-05-26,19,6877.0,6557.0,0,6682.355238954153,6556.789885304902,6639.736,6623.658644662195,6653.4606334388845,6682.355238954153,1
2026-05-27,19,7120.0,6787.0,0,6444.049390442224,6500.596797021356,6413.801,6681.809421907919,6607.099271750444,6444.049390442224,2
2026-05-28,19,6993.0,6669.0,0,6700.832219359501,6774.939775004598,6708.607,6766.6947055420305,6731.989628723538,6700.832219359501,3
2026-05-01,20,8653.0,8349.0,1,8052.07416069073,7646.255595338369,7514.367,7929.139756504525,8094.076575431973,8110.459006992618,4
2026-05-02,20,8249.0,8293.0,1,7979.0669142209,7956.507202208695,7946.1865,7935.992766446186,8093.951688559669,8041.250371388849,5
2026-05-03,20,7780.0,8042.0,1,7650.855476720616,7678.81703481157,7467.8936,7446.618296003766,7661.601320390232,7717.226140362323,6
2026-05-04,20,7153.0,7302.0,1,7000.973236049671,6868.030842892742,6954.043,6843.577362298926,7063.958550484737,7035.4867731941795,0
2026-05-05,20,6694.0,6521.0,1,6751.066280815465,6806.90843878567,6961.0713,6820.71185491446,6804.418038654403,6787.410384627005,1
2026-05-06,20,6063.0,5434.0,0,6270.900442457446,6730.199002407405,6655.348,6792.883276681418,6442.532582239294,6270.900442457446,2
2026-05-07,20,6236.0,5558.0,0,6476.968714161489,6773.934172880596,6729.622,6819.753633655136,6608.109623082975,6476.968714161489,3
2026-05-08,20,6738.0,5714.0,0,6636.92847232994,7096.750759698006,7116.1064,7046.094477253321,6776.601047082094,6636.92847232994,4
2026-05-09,20,7120.0,6367.0,0,6862.303110471459,7328.389735325874,7397.8604,7325.465445876204,6923.641595727226,6862.303110471459,5
2026-05-10,20,6714.0,7017.0,0,7200.764623191543,7312.525600279753,7241.093,7241.918637388349,7113.560309318461,7200.764623191543,6
2026-05-11,20,6780.0,6694.0,0,6774.627534939682,6628.66135588077,6723.0312,6689.744897308826,6721.890809059525,6774.627534939682,0
2026-05-12,20,6903.0,6179.0,0,6828.01165464943,6791.387747029157,7018.39,6837.325963203986,6812.765788883754,6828.01165464943,1
2026-05-13,20,6671.0,6607.0,0,7061.319034629877,7101.359379622922,7164.2515,7079.240547494642,7059.320335430889,7061.319034629877,2
2026-05-14,20,6955.0,6881.0,0,7124.357848891192,7138.54259899274,7223.6504,7091.315634236721,7089.013099139629,7124.357848891192,3
2026-05-15,20,6995.0,6513.0,0,7188.208954023788,7269.928731447102,7258.6123,7214.758197949298,7128.561827032835,7188.208954023788,4
2026-05-16,20,7815.0,7172.0,0,7884.334732440479,7818.91769174324,7906.5205,7817.910704745307,7860.971918544856,7884.334732440479,5
2026-05-17,20,7158.0,7825.0,0,7380.9421124456485,7436.334504131542,7373.378,7279.808362807378,7374.757879408346,7380.9421124456485,6
2026-05-18,20,6839.0,7222.0,0,6786.877309987,6636.713095396705,6733.9946,6685.870174145397,6789.206939611823,6786.877309987,0
2026-05-19,20,6924.0,6469.0,0,6894.096204931612,6795.934560912168,6807.914,6738.24546703386,6864.479462883988,6894.096204931612,1
2026-05-20,20,6769.0,6681.0,0,6917.145672468252,6881.08692894789,6867.4805,6632.682117598345,6924.650912659813,6917.145672468252,2
2026-05-21,20,6588.0,6789.0,0,7123.6827074346,7110.056987223471,7116.7773,7053.4173889153235,7138.632990123083,7123.6827074346,3
2026-05-22,20,6874.0,6774.0,0,7065.638000125694,7188.445157273076,7230.8022,7274.1333029783655,7103.022729468316,7065.638000125694,4
2026-05-23,20,7710.0,7253.0,0,7750.379153153814,7769.465426418342,7781.4585,7804.51819527238,7781.254623462749,7750.379153153814,5
2026-05-24,20,7045.0,7557.0,0,7121.026443327908,7173.868721409133,7249.952,7192.062927139414,7150.346012036767,7121.026443327908,6
2026-05-25,20,6625.0,7089.0,0,6553.838007307294,6607.968284350921,6688.3237,6621.212962448162,6593.042846375995,6553.838007307294,0
2026-05-26,20,6877.0,6557.0,0,6695.605397004708,6647.2495070508785,6627.5493,6697.656996013765,6641.317866724473,6695.605397004708,1
2026-05-27,20,7120.0,6787.0,0,6444.14690730861,6593.897155837404,6600.548,6711.779416367943,6552.111558211302,6444.14690730861,2
2026-05-28,20,6993.0,6669.0,0,6589.524441425604,6703.7049271850865,6705.2295,6801.723842550835,6634.51222451776,6589.524441425604,3
2026-05-01,21,8653.0,8349.0,1,7955.554832770016,7763.493281283018,7531.739,7682.441026744327,7824.616722811938,8007.644688687972,4
2026-05-02,21,8249.0,8293.0,1,7859.375727250559,8019.3266389797245,7905.0146,7747.294084701075,7992.443132000227,7879.540114207,5
2026-05-03,21,7780.0,8042.0,1,7594.377784471612,7572.9298791490955,7419.0005,7354.8747405450495,7618.963341857135,7581.5684202905695,6
2026-05-04,21,7153.0,7302.0,1,6997.930348889918,6874.870426050325,6934.29,6821.162282285736,7018.390339224324,6984.888245382822,0
2026-05-05,21,6694.0,6521.0,1,6709.307340762724,6707.427287380535,6861.946,6715.1394198665375,6747.867693136039,6678.576969971689,1
2026-05-06,21,6063.0,5434.0,0,6153.068426384115,6677.669186571137,6558.137,6677.939794045024,6309.944256386997,6153.068426384115,2
2026-05-07,21,6236.0,5558.0,0,6437.221369989973,6742.116392159992,6550.7617,6776.629935396356,6482.267298976772,6437.221369989973,3
2026-05-08,21,6738.0,5714.0,0,6747.094638828452,7020.264613498427,6984.82,7074.268633029661,6769.178694144105,6747.094638828452,4
2026-05-09,21,7120.0,6367.0,0,6838.575068076102,7200.935854067928,7469.4683,7329.445815318573,6965.308668700437,6838.575068076102,5
2026-05-10,21,6714.0,7017.0,0,7129.095255690298,7139.703964074052,7196.9097,7104.984221709523,7092.962483207569,7129.095255690298,6
2026-05-11,21,6780.0,6694.0,0,6581.064550051482,6549.399359573676,6593.4385,6536.666025289043,6563.70220444081,6581.064550051482,0
2026-05-12,21,6903.0,6179.0,0,6746.6415890182825,6768.4656507109485,6840.3193,6739.483747275709,6736.315494156145,6746.6415890182825,1
2026-05-13,21,6671.0,6607.0,0,7022.386733010621,7036.374192756052,7036.9116,6946.986294073326,7053.183810235319,7022.386733010621,2
2026-05-14,21,6955.0,6881.0,0,7150.220690441486,7047.147878505884,7077.7456,6976.522620353569,7164.404765132225,7150.220690441486,3
2026-05-15,21,6995.0,6513.0,0,7134.637919503731,7141.159293443509,7261.0996,7208.9432068157885,7103.460487743944,7134.637919503731,4
2026-05-16,21,7815.0,7172.0,0,7911.553773084153,7808.998515620124,7836.5957,7802.149645409132,7904.278976505174,7911.553773084153,5
2026-05-17,21,7158.0,7825.0,0,7394.689178418003,7425.090379584602,7409.159,7359.191477577034,7382.776992515083,7394.689178418003,6
2026-05-18,21,6839.0,7222.0,0,6789.395764020278,6698.050774202881,6831.0864,6735.816093533506,6802.256363783211,6789.395764020278,0
2026-05-19,21,6924.0,6469.0,0,6828.009760423253,6757.6566402624985,6887.285,6696.469934052653,6824.629248271393,6828.009760423253,1
2026-05-20,21,6769.0,6681.0,0,6949.853556259157,7031.6024718355575,6959.1772,6990.664347855886,7001.352140443978,6949.853556259157,2
2026-05-21,21,6588.0,6789.0,0,7026.890315032776,7005.223962131394,6947.3066,6988.00000605983,7065.477408543262,7026.890315032776,3
2026-05-22,21,6874.0,6774.0,0,7187.164694310345,7263.754512561405,7166.9336,7198.625805128555,7185.158083443792,7187.164694310345,4
2026-05-23,21,7710.0,7253.0,0,7774.274500795112,7708.555418057579,7654.054,7674.658002564883,7785.335965291649,7774.274500795112,5
2026-05-24,21,7045.0,7557.0,0,7210.725342957797,7291.991528313607,7251.904,7236.357627346425,7182.336009025297,7210.725342957797,6
2026-05-25,21,6625.0,7089.0,0,6568.8753018630405,6539.748977813612,6630.866,6615.851522667119,6532.244947566156,6568.8753018630405,0
2026-05-26,21,6877.0,6557.0,0,6725.232723450127,6562.744335072298,6738.6064,6693.1278531691705,6689.867010429913,6725.232723450127,1
2026-05-27,21,7120.0,6787.0,0,6828.64213335102,6727.122272105285,6853.9653,6784.829674297306,6818.17202233286,6828.64213335102,2
2026-05-28,21,6993.0,6669.0,0,6659.87598213837,6771.700008289802,6688.5947,6814.356826396979,6544.213281629677,6659.87598213837,3
2026-05-01,22,8653.0,8349.0,1,7901.9697249178835,7748.080704407089,7843.7764,7831.935992868479,7704.815408403335,7930.139692189529,4
2026-05-02,22,8249.0,8293.0,1,7899.907922790764,7731.810072079088,7841.814,7750.729949573779,7866.051497397409,7925.842455647927,5
2026-05-03,22,7780.0,8042.0,1,7471.054698932761,7512.0503882797675,7527.9214,7378.25112893916,7474.644518695102,7515.938594321051,6
2026-05-04,22,7153.0,7302.0,1,7082.884882588854,6789.528111948583,6881.813,6654.056318794553,7030.40917295503,7139.90772137848,0
2026-05-05,22,6694.0,6521.0,1,6671.351334499879,6716.324224299689,6710.858,6499.9125127574525,6676.370836713667,6701.603701905026,1
2026-05-06,22,6063.0,5434.0,0,6221.928492791866,6521.459952225736,6523.41,6582.718233115774,6388.039207072655,6221.928492791866,2
2026-05-07,22,6236.0,5558.0,0,6446.573769846221,6544.448494278507,6586.6133,6708.3417558616475,6546.847626201874,6446.573769846221,3
2026-05-08,22,6738.0,5714.0,0,6757.036299344264,6932.59830207531,6991.6836,6984.914820776111,6843.3461903358775,6757.036299344264,4
2026-05-09,22,7120.0,6367.0,0,6824.291381291668,7123.623420874916,7378.672,7199.83167350051,6963.138328280323,6824.291381291668,5
2026-05-10,22,6714.0,7017.0,0,7202.978442650031,7252.066362074253,7289.7007,7189.683105380587,7156.798704535955,7202.978442650031,6
2026-05-11,22,6780.0,6694.0,0,6525.816146734229,6540.206994204761,6627.3477,6563.495036861272,6516.109884830075,6525.816146734229,0
2026-05-12,22,6903.0,6179.0,0,6740.609393916319,6747.778943068132,6808.033,6736.032333246352,6690.6659635349,6740.609393916319,1
2026-05-13,22,6671.0,6607.0,0,7046.8366983281,6962.034695064529,7056.6494,6980.595285866673,6992.579703446125,7046.8366983281,2
2026-05-14,22,6955.0,6881.0,0,7105.319734653459,7069.315210883475,7068.4834,7089.419228348125,7126.227949152645,7105.319734653459,3
2026-05-15,22,6995.0,6513.0,0,7144.474658336887,7154.344624091494,7239.0293,7189.854529934545,7125.172464333734,7144.474658336887,4
2026-05-16,22,7815.0,7172.0,0,7798.53589701668,7756.31741514275,7734.948,7736.887175961498,7831.80248891268,7798.53589701668,5
2026-05-17,22,7158.0,7825.0,0,7288.7817571102005,7422.257891607503,7414.7354,7357.449263043103,7304.512279665817,7288.7817571102005,6
2026-05-18,22,6839.0,7222.0,0,6755.808405904178,6814.427143434738,6863.383,6735.969511399616,6765.905301503797,6755.808405904178,0
2026-05-19,22,6924.0,6469.0,0,7036.565644221996,7003.148878636157,7075.4663,6988.003520299611,6970.680352811213,7036.565644221996,1
2026-05-20,22,6769.0,6681.0,0,6977.36946123814,7020.488826690721,7080.6284,6939.598420142017,6959.807703739908,6977.36946123814,2
2026-05-21,22,6588.0,6789.0,0,7089.355732223113,7048.0101166295235,7071.4873,7043.7580865498185,7115.552966304639,7089.355732223113,3
2026-05-22,22,6874.0,6774.0,0,7173.889190008155,7127.596298475961,7246.3975,7183.315351712347,7205.046662496836,7173.889190008155,4
2026-05-23,22,7710.0,7253.0,0,7771.357471099704,7810.940120490495,7782.72,7786.137154535432,7853.65214134946,7771.357471099704,5
2026-05-24,22,7045.0,7557.0,0,7152.562444239854,7041.451277958993,7249.492,7137.844547860967,7119.6249937967805,7152.562444239854,6
2026-05-25,22,6625.0,7089.0,0,6561.040603912772,6541.861709847431,6581.954,6614.567464650712,6543.193363696572,6561.040603912772,0
2026-05-26,22,6877.0,6557.0,0,6700.209600912709,6588.353540362457,6768.0337,6681.874071476266,6642.496962573801,6700.209600912709,1
2026-05-27,22,7120.0,6787.0,0,6888.294874092578,6738.192317890144,6864.532,6929.096894675014,6833.194689913049,6888.294874092578,2
2026-05-28,22,6993.0,6669.0,0,6986.944171144185,6837.20389726049,6937.6025,6948.713056546651,6949.68728083617,6986.944171144185,3
2026-05-01,23,8653.0,8349.0,1,7902.2278561615785,7972.132238211461,7805.01,7552.931262491927,7877.039037679329,7877.484178571602,4
2026-05-02,23,8249.0,8293.0,1,7801.767480945378,7930.180807581807,8130.387,7650.284276806001,7738.372881007726,7828.699107009797,5
2026-05-03,23,7780.0,8042.0,1,7431.643347458161,7690.811030395776,7527.6475,7384.4969790025725,7447.975823336219,7441.675297653245,6
2026-05-04,23,7153.0,7302.0,1,6892.366441797645,6865.007876919735,6862.889,6629.151050764685,6916.119801135884,6863.686110584385,0
2026-05-05,23,6694.0,6521.0,1,6518.719695700277,6715.935162806175,6712.2354,6471.733911893499,6612.25986304447,6551.8285629945585,1
2026-05-06,23,6063.0,5434.0,0,6332.586272868754,6761.783189584741,6664.076,6721.057470959626,6469.770496026533,6332.586272868754,2
2026-05-07,23,6236.0,5558.0,0,6465.4330871265365,6631.925672457674,6698.465,6755.209646075553,6510.424220494065,6465.4330871265365,3
2026-05-08,23,6738.0,5714.0,0,6810.578700159428,6968.386984942401,7052.259,7033.8282618472085,6822.934269883833,6810.578700159428,4
2026-05-09,23,7120.0,6367.0,0,6939.035611346877,7139.878745887016,7399.9565,7235.382815644315,6861.399009724363,6939.035611346877,5
2026-05-10,23,6714.0,7017.0,0,7259.39419475948,7260.515115705426,7169.056,7221.255610009446,7189.343102767044,7259.39419475948,6
2026-05-11,23,6780.0,6694.0,0,6575.120751308696,6636.570966377718,6682.5645,6674.598138616495,6593.203809359587,6575.120751308696,0
2026-05-12,23,6903.0,6179.0,0,6633.363040811092,6829.92793441245,6753.4243,6772.83257521265,6674.998267751912,6633.363040811092,1
2026-05-13,23,6671.0,6607.0,0,6961.931724364948,7049.120184587414,6970.3315,6949.692301458879,6941.405632996956,6961.931724364948,2
2026-05-14,23,6955.0,6881.0,0,7119.86610492571,7129.593693475281,6997.2646,6984.201918093901,7080.631713777783,7119.86610492571,3
2026-05-15,23,6995.0,6513.0,0,7194.604432709546,7202.923342675403,7182.3833,7225.210041990195,7226.43907438467,7194.604432709546,4
2026-05-16,23,7815.0,7172.0,0,7802.437916142071,7815.272858079122,7737.603,7765.915401515691,7873.686538192625,7802.437916142071,5
2026-05-17,23,7158.0,7825.0,0,7386.0372977650495,7339.327197328898,7474.79,7396.900878777112,7363.370902901584,7386.0372977650495,6
2026-05-18,23,6839.0,7222.0,0,6827.034641230037,6830.288124067339,6789.3994,6839.741697316108,6804.980547569318,6827.034641230037,0
2026-05-19,23,6924.0,6469.0,0,6739.548183048733,6896.848337097538,6812.0747,6925.83625201412,6818.993202820476,6739.548183048733,1
2026-05-20,23,6769.0,6681.0,0,7103.912464322587,7143.755342187838,7084.5327,6969.601473417817,7085.002338998806,7103.912464322587,2
2026-05-21,23,6588.0,6789.0,0,7095.691397916318,7118.659157640344,6980.088,7120.943223302697,7092.7004787507785,7095.691397916318,3
2026-05-22,23,6874.0,6774.0,0,7161.177540283182,7174.147722683106,7167.486,7211.645698066026,7138.286911234115,7161.177540283182,4
2026-05-23,23,7710.0,7253.0,0,7693.187269289122,7797.502809519661,7754.676,7832.861157335966,7773.722924278115,7693.187269289122,5
2026-05-24,23,7045.0,7557.0,0,7184.646911134929,7229.928469260742,7274.877,7265.1748835768485,7198.9587234073,7184.646911134929,6
2026-05-25,23,6625.0,7089.0,0,6523.77484273234,6606.554563958905,6645.0938,6707.579801823734,6531.341902967827,6523.77484273234,0
2026-05-26,23,6877.0,6557.0,0,6604.152771858166,6727.9404990481335,6831.8374,6814.928726771549,6708.337803503679,6604.152771858166,1
2026-05-27,23,7120.0,6787.0,0,6716.861441641041,6849.64281606938,6839.3506,6878.269465358707,6761.818030723338,6716.861441641041,2
2026-05-28,23,6993.0,6669.0,0,6947.240448410997,6930.7585256376715,6894.5576,7021.221580325786,6960.235711647354,6947.240448410997,3
2026-05-01,24,8653.0,8349.0,1,7818.451680526059,7882.288879156356,7772.012,7920.747828964304,7840.0903379245165,7905.905492197296,4
2026-05-02,24,8249.0,8293.0,1,7897.474677901905,8035.697427122517,8091.204,7735.8590074116955,7879.770453168865,7992.815622179874,5
2026-05-03,24,7780.0,8042.0,1,7475.3437423333935,7471.885148771219,7430.982,7463.2150244863515,7439.726817017626,7513.949984207989,6
2026-05-04,24,7153.0,7302.0,1,6715.024414496672,6825.468339580763,6898.21,6680.986654354744,6739.5947056551995,6749.8816322211405,0
2026-05-05,24,6694.0,6521.0,1,6564.896849861949,6657.915368312522,6754.5312,6586.710905682556,6566.625602036557,6563.263852247393,1
2026-05-06,24,6063.0,5434.0,0,6239.50577001507,6717.173098330268,6478.9126,6666.267836718786,6425.357493454692,6239.50577001507,2
2026-05-07,24,6236.0,5558.0,0,6490.069531663087,6717.217565968459,6563.054,6655.029538038029,6518.074078820459,6490.069531663087,3
2026-05-08,24,6738.0,5714.0,0,6828.479920255182,6845.172621920539,7016.0474,6929.1540481668735,6786.433145737476,6828.479920255182,4
2026-05-09,24,7120.0,6367.0,0,6931.996945540814,7088.852147967994,7360.6724,7132.0551984222,6888.177677648484,6931.996945540814,5
2026-05-10,24,6714.0,7017.0,0,7230.707386109167,7177.340223108371,7304.3574,7218.542050878266,7250.801232679992,7230.707386109167,6
2026-05-11,24,6780.0,6694.0,0,6601.488746609561,6630.809090947176,6695.361,6541.760114658994,6569.6915677110765,6601.488746609561,0
2026-05-12,24,6903.0,6179.0,0,6726.460801109073,6812.0401016103415,6806.842,6719.780102267105,6742.940616875679,6726.460801109073,1
2026-05-13,24,6671.0,6607.0,0,6789.322576420026,7038.347633362673,6933.3823,6920.828036374953,6886.742536518758,6789.322576420026,2
2026-05-14,24,6955.0,6881.0,0,6881.511816063625,7069.247559391658,7055.8516,7014.500957026274,6939.528584449917,6881.511816063625,3
2026-05-15,24,6995.0,6513.0,0,7257.68804812605,7139.478430190701,7288.247,7165.222718118853,7267.484858461549,7257.68804812605,4
2026-05-16,24,7815.0,7172.0,0,7893.08323249494,7775.741198230898,7810.367,7694.576367965003,7830.271533941025,7893.08323249494,5
2026-05-17,24,7158.0,7825.0,0,7389.3543663775035,7474.935771754034,7443.3223,7316.11425737865,7250.965598700076,7389.3543663775035,6
2026-05-18,24,6839.0,7222.0,0,6847.9014973043095,6796.486625219493,6851.5356,6759.003967963285,6786.1843888002995,6847.9014973043095,0
2026-05-19,24,6924.0,6469.0,0,6885.912319858497,6880.107334977124,6930.5894,6912.087982166073,6880.7319329700595,6885.912319858497,1
2026-05-20,24,6769.0,6681.0,0,6812.314919305365,7141.565436413667,7010.225,7049.296063262128,6973.1539709413455,6812.314919305365,2
2026-05-21,24,6588.0,6789.0,0,7174.145629224761,7198.241367382707,7130.849,7146.087746651754,7203.0040720612305,7174.145629224761,3
2026-05-22,24,6874.0,6774.0,0,7301.575426972883,7233.807046245073,7260.502,7144.383670316378,7246.781358398087,7301.575426972883,4
2026-05-23,24,7710.0,7253.0,0,7754.942009584028,7754.285548944502,7783.816,7734.076950166907,7748.250754962658,7754.942009584028,5
2026-05-24,24,7045.0,7557.0,0,7045.961684704489,7251.93348436146,7261.092,7208.419893789787,7116.370200118035,7045.961684704489,6
2026-05-25,24,6625.0,7089.0,0,6515.327575014311,6533.791472223118,6657.5723,6680.157648487432,6538.652098887808,6515.327575014311,0
2026-05-26,24,6877.0,6557.0,0,6803.162111954058,6760.444337241874,6845.8047,6830.669034830689,6761.689226589019,6803.162111954058,1
2026-05-27,24,7120.0,6787.0,0,6723.944689678458,6798.922909791125,6865.405,6857.378454162029,6764.358546592836,6723.944689678458,2
2026-05-28,24,6993.0,6669.0,0,6786.708732692268,6876.624396090277,6918.977,6881.09468576879,6821.292225658305,6786.708732692268,3
2026-05-01,25,8653.0,8349.0,1,8065.245262508614,7851.417644315712,7542.7285,7746.217478780248,7881.342836796958,8130.807744416257,4
2026-05-02,25,8249.0,8293.0,1,7927.60353597526,7918.560650554033,7806.3784,7905.510936617253,7886.838516151386,7992.93449218049,5
2026-05-03,25,7780.0,8042.0,1,7487.975841566924,7499.245934365479,7423.831,7510.857565243071,7448.747276472849,7511.031234993094,6
2026-05-04,25,7153.0,7302.0,1,6960.7117671892065,6837.08156993466,6841.064,6833.0671279289945,6929.463599987664,6986.376302676622,0
2026-05-05,25,6694.0,6521.0,1,6581.247811999123,6732.247038823931,6820.476,6364.093427886264,6582.708662533022,6619.64107938094,1
2026-05-06,25,6063.0,5434.0,0,6390.89296327975,6693.615667860069,6594.577,6526.411377255625,6455.2255683369685,6390.89296327975,2
2026-05-07,25,6236.0,5558.0,0,6742.795983362753,6613.5982921592395,6693.4243,6682.720089341269,6564.116818306821,6742.795983362753,3
2026-05-08,25,6738.0,5714.0,0,6923.705726278719,6936.252362675946,7039.8345,6857.424813704122,6810.383413294534,6923.705726278719,4
2026-05-09,25,7120.0,6367.0,0,7066.609384205339,7283.934013195542,7332.1353,7079.068026844158,7073.12189343839,7066.609384205339,5
2026-05-10,25,6714.0,7017.0,0,7173.150079146346,7153.437862162114,7255.275,7242.635300244608,7283.4268656856175,7173.150079146346,6
2026-05-11,25,6780.0,6694.0,0,6772.478847330437,6693.25538579406,6715.097,6620.266406844525,6742.97857242366,6772.478847330437,0
2026-05-12,25,6903.0,6179.0,0,6792.623654615032,6850.606689384172,6808.04,6729.777260001848,6796.831204133571,6792.623654615032,1
2026-05-13,25,6671.0,6607.0,0,7045.07143345147,7022.21288863881,6885.7075,6899.358038559637,6949.495728397073,7045.07143345147,2
2026-05-14,25,6955.0,6881.0,0,7057.374269887536,6991.346057286716,6923.835,6968.903254096901,7036.345229131188,7057.374269887536,3
2026-05-15,25,6995.0,6513.0,0,7267.209667430426,7131.184837474795,7227.397,7195.976676842346,7226.968312563254,7267.209667430426,4
2026-05-16,25,7815.0,7172.0,0,8103.2790794489165,7825.585595175256,7794.8564,7757.017161766465,8074.3500789196005,8103.2790794489165,5
2026-05-17,25,7158.0,7825.0,0,7455.426649838465,7428.76426631165,7358.11,7421.4512737717705,7446.203757499268,7455.426649838465,6
2026-05-18,25,6839.0,7222.0,0,6736.791432266983,6858.291710458795,6838.177,6806.003622305797,6856.882284383096,6736.791432266983,0
2026-05-19,25,6924.0,6469.0,0,6703.366679273445,6958.867823580774,6875.9263,6952.668523348566,6881.265130447454,6703.366679273445,1
2026-05-20,25,6769.0,6681.0,0,7014.23247509355,7133.961920388203,6829.926,7142.9924041763525,7046.069766589896,7014.23247509355,2
2026-05-21,25,6588.0,6789.0,0,7088.399694336473,7085.142080376607,7043.232,7190.261882460876,7066.468214820025,7088.399694336473,3
2026-05-22,25,6874.0,6774.0,0,7224.033591096647,7312.069218712814,7293.671,7352.172035199991,7269.552883185087,7224.033591096647,4
2026-05-23,25,7710.0,7253.0,0,7854.502676137444,7859.951456505841,7814.053,7753.916048391875,7842.233251105989,7854.502676137444,5
2026-05-24,25,7045.0,7557.0,0,7253.889362905751,7274.458035991511,7319.886,7227.126550925149,7242.524276390744,7253.889362905751,6
2026-05-25,25,6625.0,7089.0,0,6566.224030747691,6582.7060081928685,6706.398,6667.6481849866395,6579.766840002779,6566.224030747691,0
2026-05-26,25,6877.0,6557.0,0,6657.811046786442,6700.162025537749,6877.4414,6707.535122297664,6740.915970284317,6657.811046786442,1
2026-05-27,25,7120.0,6787.0,0,6790.815230336597,6810.545104024858,6803.9937,6861.915136564019,6735.3112706661705,6790.815230336597,2
2026-05-28,25,6993.0,6669.0,0,6913.579550492766,6809.82113869493,6796.1167,6935.506027669719,6855.666771025138,6913.579550492766,3
2026-05-01,26,8653.0,8349.0,1,7793.611813923584,7621.766574687793,7644.235,7458.3840707696245,7811.854558027611,7742.646327253242,4
2026-05-02,26,8249.0,8293.0,1,7899.038181061999,7931.74947860854,7942.9326,7736.977143774377,7912.706809425678,7905.2196061897475,5
2026-05-03,26,7780.0,8042.0,1,7740.891849425312,7651.990313855076,7550.079,7332.381953704388,7550.089324741563,7750.664392349628,6
2026-05-04,26,7153.0,7302.0,1,6912.15231904961,6634.686759353697,6918.551,6824.244784131707,6997.097389786897,6946.460076924603,0
2026-05-05,26,6694.0,6521.0,1,6567.361539828473,6571.76079356165,6802.3276,6697.326209638977,6577.941590446717,6554.947735618829,1
2026-05-06,26,6063.0,5434.0,0,6250.0913788218,6703.04321241753,6544.8423,6639.954100659435,6388.517019309839,6250.0913788218,2
2026-05-07,26,6236.0,5558.0,0,6442.79605803241,6789.328212632986,6666.864,6703.187906717221,6503.307987031392,6442.79605803241,3
2026-05-08,26,6738.0,5714.0,0,6887.500178200227,7046.98536145379,7183.6514,7032.000836162779,6861.979872289686,6887.500178200227,4
2026-05-09,26,7120.0,6367.0,0,7034.191914205222,7160.621079499628,7440.0894,7164.207270281922,6985.084904880733,7034.191914205222,5
2026-05-10,26,6714.0,7017.0,0,7288.32468877781,7264.841079604552,7325.5957,7223.558623448389,7220.346655263745,7288.32468877781,6
2026-05-11,26,6780.0,6694.0,0,6751.01950075037,6682.602831173804,6729.1675,6672.109713164116,6753.384415679878,6751.01950075037,0
2026-05-12,26,6903.0,6179.0,0,6798.313165592588,6818.682095550494,6785.6807,6761.756949676369,6781.821980972273,6798.313165592588,1
2026-05-13,26,6671.0,6607.0,0,7001.654843365939,7072.761520631033,6977.08,6916.7127042824795,6981.32345595245,7001.654843365939,2
2026-05-14,26,6955.0,6881.0,0,7065.00181912217,7135.174169305354,7007.518,7000.255949800727,7103.990827910372,7065.00181912217,3
2026-05-15,26,6995.0,6513.0,0,7252.185874711151,7242.323521591379,7373.44,7226.3307809557755,7234.810315738217,7252.185874711151,4
2026-05-16,26,7815.0,7172.0,0,7975.110813645447,7818.351733686318,7754.721,7762.662882171235,7988.595996563,7975.110813645447,5
2026-05-17,26,7158.0,7825.0,0,7484.445790593733,7464.8434409570345,7450.986,7381.37460703358,7439.7473917890275,7484.445790593733,6
2026-05-18,26,6839.0,7222.0,0,6801.671257788782,6819.055694525309,6760.6064,6841.58259778731,6845.4771088273965,6801.671257788782,0
2026-05-19,26,6924.0,6469.0,0,6754.535238905925,6966.691775329734,6930.4883,6992.281486475069,6890.221658937667,6754.535238905925,1
2026-05-20,26,6769.0,6681.0,0,6849.281211222636,7062.943731516462,7039.362,7084.206296961676,7027.605417227244,6849.281211222636,2
2026-05-21,26,6588.0,6789.0,0,6955.241328346626,7127.430802721234,7124.872,7141.820762879335,7083.343822817996,6955.241328346626,3
2026-05-22,26,6874.0,6774.0,0,7129.084750755081,7280.905468918578,7360.0615,7300.491490040154,7188.2214570621545,7129.084750755081,4
2026-05-23,26,7710.0,7253.0,0,7751.390442850297,7845.884140850119,7891.656,7849.109353957179,7777.909554071328,7751.390442850297,5
2026-05-24,26,7045.0,7557.0,0,7187.168856044052,7248.873761411926,7305.0376,7195.887634919506,7214.664958658129,7187.168856044052,6
2026-05-25,26,6625.0,7089.0,0,6613.905174539128,6584.654408979277,6708.6924,6661.982224250359,6615.116764554071,6613.905174539128,0
2026-05-26,26,6877.0,6557.0,0,6655.8974663416075,6689.5713145421305,6848.2285,6769.857177849223,6703.712042571151,6655.8974663416075,1
2026-05-27,26,7120.0,6787.0,0,6775.513010723136,6879.456847403955,6844.8247,6940.952144001271,6816.107261586115,6775.513010723136,2
2026-05-28,26,6993.0,6669.0,0,6974.927191572963,7001.591424704362,6941.4043,7080.035953232604,6948.08412467379,6974.927191572963,3
2026-05-01,27,8653.0,8349.0,1,8202.868797151445,7820.313291822241,7592.214,7730.715623211878,8051.055370531591,8255.697159111589,4
2026-05-02,27,8249.0,8293.0,1,7838.146446342854,7752.114974843794,7829.1426,7743.997023606133,7976.053728937174,7833.007198874929,5
2026-05-03,27,7780.0,8042.0,1,7508.699945678763,7624.955128311937,7479.028,7482.791343362372,7503.985836119648,7497.743360793856,6
2026-05-04,27,7153.0,7302.0,1,6965.096382909831,6797.384260169233,6839.3804,6758.531509189619,7066.831127063928,6967.899802328765,0
2026-05-05,27,6694.0,6521.0,1,6560.59545452842,6543.52038341291,6694.405,6473.869121378694,6575.373040621981,6556.103427511929,1
2026-05-06,27,6063.0,5434.0,0,6293.1104433737755,6521.19457452795,6521.7285,6712.5493400499145,6343.733022424784,6293.1104433737755,2
2026-05-07,27,6236.0,5558.0,0,6480.080455318247,6676.478109395285,6630.9365,6737.089171034261,6482.190291115534,6480.080455318247,3
2026-05-08,27,6738.0,5714.0,0,6725.467733805442,6972.2999619456305,7036.2676,6952.822540566636,6746.9592115969435,6725.467733805442,4
2026-05-09,27,7120.0,6367.0,0,7028.861701960492,7219.857246282689,7452.5947,7198.454761404857,6981.189190416822,7028.861701960492,5
2026-05-10,27,6714.0,7017.0,0,7189.640620840984,7209.511946972447,7295.885,7181.147633516594,7208.3972142064185,7189.640620840984,6
2026-05-11,27,6780.0,6694.0,0,6596.745206637153,6596.8400006477395,6640.095,6575.442094245764,6599.110938992945,6596.745206637153,0
2026-05-12,27,6903.0,6179.0,0,6733.573828957782,6855.557130417811,6844.838,6813.309827148485,6757.540766975647,6733.573828957782,1
2026-05-13,27,6671.0,6607.0,0,6938.395169111206,7055.680616333132,7062.6113,6959.017075736248,6965.985456430674,6938.395169111206,2
2026-05-14,27,6955.0,6881.0,0,6995.53023033734,7105.110052401853,7069.2666,6946.341609453961,7050.096651793684,6995.53023033734,3
2026-05-15,27,6995.0,6513.0,0,7194.839945820827,7237.667382342169,7356.6665,7190.251494743754,7195.687483114914,7194.839945820827,4
2026-05-16,27,7815.0,7172.0,0,7949.559943908817,7731.51421995714,7818.1133,7801.873666435464,7911.010280130652,7949.559943908817,5
2026-05-17,27,7158.0,7825.0,0,7405.341253552291,7384.395504813088,7402.0146,7363.403209017881,7367.733172236719,7405.341253552291,6
2026-05-18,27,6839.0,7222.0,0,6726.098332990411,6736.7052182640255,6815.9263,6749.249450462156,6767.300127951439,6726.098332990411,0
2026-05-19,27,6924.0,6469.0,0,6716.194240275649,6942.874126591277,6865.6377,6954.413472998121,6823.521506592744,6716.194240275649,1
2026-05-20,27,6769.0,6681.0,0,6924.967296121382,7116.496555634093,7034.8364,7068.25321093898,6967.7808161006715,6924.967296121382,2
2026-05-21,27,6588.0,6789.0,0,7027.361613403829,7182.712129659154,7146.0415,7131.263586085037,7104.360070867478,7027.361613403829,3
2026-05-22,27,6874.0,6774.0,0,7043.473061478033,7256.627996071164,7352.6333,7231.452259041966,7162.5932588491205,7043.473061478033,4
2026-05-23,27,7710.0,7253.0,0,7707.90299607117,7789.707258323015,7848.4307,7806.186101659503,7740.929292538545,7707.90299607117,5
2026-05-24,27,7045.0,7557.0,0,7125.708955556453,7241.729240846381,7364.0576,7282.216247807066,7150.737191800482,7125.708955556453,6
2026-05-25,27,6625.0,7089.0,0,6583.214579309848,6595.650148789005,6758.237,6636.206177296031,6616.945276902323,6583.214579309848,0
2026-05-26,27,6877.0,6557.0,0,6760.403021750823,6768.343380791323,6825.5415,6783.307179457198,6724.8258487379235,6760.403021750823,1
2026-05-27,27,7120.0,6787.0,0,6820.58044034907,6869.0039268314895,6829.731,6845.730358273728,6799.626943857617,6820.58044034907,2
2026-05-28,27,6993.0,6669.0,0,7013.22164995867,7054.090895543995,6960.622,6988.9665255790005,6998.965009201745,7013.22164995867,3
2026-05-01,28,8653.0,8349.0,1,8034.549114578357,7998.043548139696,7753.7866,8019.4297057304575,8047.601984075448,8062.717763470806,4
2026-05-02,28,8249.0,8293.0,1,8046.128826826446,7971.701810202504,7918.644,7870.791188298175,8021.730256544149,8068.229382259812,5
2026-05-03,28,7780.0,8042.0,1,7499.304248058206,7693.367342515461,7437.328,7467.532247473534,7450.054894350837,7494.241185468194,6
2026-05-04,28,7153.0,7302.0,1,6799.040811122092,6873.768239922814,6918.726,6839.9109050412135,6953.292127491001,6873.70179727455,0
2026-05-05,28,6694.0,6521.0,1,6479.507297221186,6694.642909974106,6847.5933,6738.191598844018,6620.515310616366,6422.497006251918,1
2026-05-06,28,6063.0,5434.0,0,6443.372696041245,6653.095300324369,6644.7876,6688.352225176615,6524.9624157317585,6443.372696041245,2
2026-05-07,28,6236.0,5558.0,0,6549.006646175763,6646.110874159538,6697.5107,6719.652059637696,6642.020473521917,6549.006646175763,3
2026-05-08,28,6738.0,5714.0,0,6766.691751649369,6888.781765876324,6965.2305,7004.129763565202,6834.363229572103,6766.691751649369,4
2026-05-09,28,7120.0,6367.0,0,6873.731746344852,7102.119405569132,7378.9985,7117.52929967638,6965.0096886844,6873.731746344852,5
2026-05-10,28,6714.0,7017.0,0,7163.327827655637,7205.659441596012,7255.66,7333.283089915427,7100.926137042537,7163.327827655637,6
2026-05-11,28,6780.0,6694.0,0,6604.933556378099,6528.051770576358,6643.935,6574.512341935592,6617.387575553068,6604.933556378099,0
2026-05-12,28,6903.0,6179.0,0,6653.267792651055,6627.64369294205,6679.545,6634.982750300155,6646.906438149054,6653.267792651055,1
2026-05-13,28,6671.0,6607.0,0,6986.047683568455,6958.7608660869055,7004.17,7031.159426581248,6961.082644529614,6986.047683568455,2
2026-05-14,28,6955.0,6881.0,0,7041.811432172713,7072.4111934318125,7068.455,7081.995194441458,7065.131291704708,7041.811432172713,3
2026-05-15,28,6995.0,6513.0,0,7174.458561203047,7133.051517296195,7199.6113,7144.889665777304,7213.273865123704,7174.458561203047,4
2026-05-16,28,7815.0,7172.0,0,7948.359325087793,7864.408057187963,7735.6304,7817.5986110318,7960.8679882592505,7948.359325087793,5
2026-05-17,28,7158.0,7825.0,0,7213.952385528636,7355.7235324457,7379.5156,7255.8317462457135,7329.510034772622,7213.952385528636,6
2026-05-18,28,6839.0,7222.0,0,6613.510379988826,6657.523340599474,6731.5034,6691.375949104491,6653.103209732498,6613.510379988826,0
2026-05-19,28,6924.0,6469.0,0,6658.035102793088,6736.332978560703,6870.537,6846.643374131963,6728.248049319631,6658.035102793088,1
2026-05-20,28,6769.0,6681.0,0,6870.454440814161,7000.192542854194,7022.056,7071.030243642879,6971.4160376754035,6870.454440814161,2
2026-05-21,28,6588.0,6789.0,0,7094.541659999162,7157.983203474131,7113.888,7106.941835003263,7107.752303522994,7094.541659999162,3
2026-05-22,28,6874.0,6774.0,0,7176.6772699519715,7294.566221331505,7249.734,7319.660777077057,7251.057515596566,7176.6772699519715,4
2026-05-23,28,7710.0,7253.0,0,7834.127059796744,7858.854930728368,7448.621,7833.392742003348,7798.659001866047,7834.127059796744,5
2026-05-24,28,7045.0,7557.0,0,7164.7424293210115,7307.84159520891,7001.506,7312.031260467027,7141.751210148937,7164.7424293210115,6
2026-05-25,28,6625.0,7089.0,0,6689.9532024575765,6581.128268324362,6770.4253,6735.364551591307,6582.262794468364,6689.9532024575765,0
2026-05-26,28,6877.0,6557.0,0,6714.5773473752815,6727.560646933573,6824.773,6720.2965648453155,6677.384000645252,6714.5773473752815,1
2026-05-27,28,7120.0,6787.0,0,6873.667777447159,6990.358136819156,6982.385,6878.342154673718,6884.187387543631,6873.667777447159,2
2026-05-28,28,6993.0,6669.0,0,6980.974055587462,7004.089604812155,6986.2764,6950.771323992939,6945.047078493863,6980.974055587462,3
