target_date,horizon,dow,day,week_of_month,month,quarter,year,day_of_year,is_weekend,is_friday,is_saturday,is_sunday,is_month_start,is_month_end,dow_sin,dow_cos,month_sin,month_cos,doy_sin,doy_cos,is_CNY,is_MidAutumn,is_DragonBoat,is_ChingMing,is_Easter,is_GoldenWeek,is_Labour,is_NewYear,is_Christmas,CNY_dm7,CNY_dm6,CNY_dm5,CNY_dm4,CNY_dm3,CNY_dm2,CNY_dm1,CNY_dp0,CNY_dp1,CNY_dp2,CNY_dp3,CNY_dp4,CNY_dp5,CNY_dp6,CNY_dp7,CNY_dp8,CNY_dp9,CNY_dp10,GoldenWeek_dp0,GoldenWeek_dp1,GoldenWeek_dp2,GoldenWeek_dp3,GoldenWeek_dp4,GoldenWeek_dp5,GoldenWeek_dp6,Labour_dp0,Labour_dp1,Labour_dp2,Labour_dp3,Labour_dp4,DragonBoat_dm2,DragonBoat_dm1,DragonBoat_dp0,DragonBoat_dp1,days_to_next_holiday,days_from_last_holiday,CNY_dow0,CNY_dow1,CNY_dow2,CNY_dow3,CNY_dow4,CNY_dow5,CNY_dow6,GoldenWeek_dow0,GoldenWeek_dow1,GoldenWeek_dow2,GoldenWeek_dow3,GoldenWeek_dow4,GoldenWeek_dow5,GoldenWeek_dow6,Labour_dow0,Labour_dow1,Labour_dow2,Labour_dow3,Labour_dow4,Labour_dow5,Labour_dow6,MidAutumn_dow0,MidAutumn_dow1,MidAutumn_dow2,MidAutumn_dow3,MidAutumn_dow4,MidAutumn_dow5,MidAutumn_dow6,holiday_dow0,holiday_dow1,holiday_dow2,holiday_dow3,holiday_dow4,holiday_dow5,holiday_dow6,mainland_block_length,mainland_block_day_index,mainland_is_first_block_day,mainland_is_last_block_day,mainland_is_workday,mainland_block_pos_norm,lag_2,lag_3,lag_4,lag_5,lag_6,lag_7,lag_8,lag_9,lag_10,lag_14,lag_21,lag_28,lag_35,lag_42,lag_56,lag_91,lag_182,lag_365,lag_728,lag_anchor_7,lag_anchor_14,lag_anchor_21,lag_anchor_28,lag_anchor_56,lag_anchor_91,lag_anchor_182,lag_anchor_365,rolling_mean_3,rolling_std_3,rolling_max_3,rolling_min_3,rolling_mean_7,rolling_std_7,rolling_max_7,rolling_min_7,rolling_mean_14,rolling_std_14,rolling_max_14,rolling_min_14,rolling_mean_28,rolling_std_28,rolling_max_28,rolling_min_28,ewma_3,ewma_7,ewma_14,ewma_28,same_dow_mean_4w,same_dow_mean_8w,yoy_ratio,same_holiday_lastyear_lag,holiday_yoy_lag,holiday_yoy_lift,floortables,lag_anchor_7_per_table,lag_anchor_14_per_table,trend_7_vs_28,trend_diff_7_28,lag_anchor_7_zscore,same_dow_vs_overall,yoy_anchor_diff,CNY_x_recent,GoldenWeek_x_recent,Labour_x_recent,MidAutumn_x_recent,y,week_of_year,woy_sin,woy_cos,regime
2015-01-01,1,3,1,1,1,1,2015,1,0,0,0,0,1,0,0.43388373911755823,-0.900968867902419,0.49999999999999994,0.8660254037844387,0.017213356155834685,0.9998518392091162,0,0,0,0,0,0,0,0,0,0,0,0,0,0,0,0,0,0,0,0,0,0,0,0,0,0,0,0,0,0,0,0,0,0,0,0,0,0,0,0,0,0,0,365,366,0,0,0,0,0,0,0,0,0,0,0,0,0,0,0,0,0,0,0,0,0,0,0,0,0,0,0,0,0,0,0,0,0,0,0,3,1,1,0,0,0.3333333333333333,,,,,,,,,,,,,,,,,,,,,,,,,,,,,,,,,,,,,,,,,,,,,,,,,,,,,,210.0,,,,,,,,,,,,5890.0,1,0.12053668025532305,0.992708874098054,0
2015-01-09,11,4,9,2,1,1,2015,9,0,1,0,0,0,0,-0.433883739117558,-0.9009688679024191,0.49999999999999994,0.8660254037844387,0.15430882066428117,0.9880226656636976,0,0,0,0,0,0,0,0,0,0,0,0,0,0,0,0,0,0,0,0,0,0,0,0,0,0,0,0,0,0,0,0,0,0,0,0,0,0,0,0,0,0,0,357,366,0,0,0,0,0,0,0,0,0,0,0,0,0,0,0,0,0,0,0,0,0,0,0,0,0,0,0,0,0,0,0,0,0,0,0,0,0,0,0,1,0.0,,,,,,,,,,,,,,,,,,,,,,,,,,,,,,,,,,,,,,,,,,,,,,,,,,,,,,220.0,,,,,,,,,,,,5317.0,2,0.23931566428755774,0.970941817426052,0
2015-01-17,21,5,17,3,1,1,2015,17,1,0,1,0,0,0,-0.9749279121818236,-0.2225209339563146,0.49999999999999994,0.8660254037844387,0.288482432880609,0.9574851883550393,0,0,0,0,0,0,0,0,0,0,0,0,0,0,0,0,0,0,0,0,0,0,0,0,0,0,0,0,0,0,0,0,0,0,0,0,0,0,0,0,0,0,0,349,366,0,0,0,0,0,0,0,0,0,0,0,0,0,0,0,0,0,0,0,0,0,0,0,0,0,0,0,0,0,0,0,0,0,0,0,2,1,1,0,0,0.5,,,,,,,,,,,,,,,,,,,,,,,,,,,,,,,,,,,,,,,,,,,,,,,,,,,,,,220.0,,,,,,,,,,,,5973.0,3,0.3546048870425356,0.9350162426854148,0
2015-01-26,2,0,26,4,1,1,2015,26,0,0,0,0,0,0,0.0,1.0,0.49999999999999994,0.8660254037844387,0.4327755925504312,0.901501684131884,0,0,0,0,0,0,0,0,0,0,0,0,0,0,0,0,0,0,0,0,0,0,0,0,0,0,0,0,0,0,0,0,0,0,0,0,0,0,0,0,0,0,0,340,366,0,0,0,0,0,0,0,0,0,0,0,0,0,0,0,0,0,0,0,0,0,0,0,0,0,0,0,0,0,0,0,0,0,0,0,0,0,0,0,1,0.0,,5582.0,5480.0,4895.0,4769.0,4975.0,5311.0,5973.0,5494.0,4979.0,5029.0,,,,,,,,,4975.0,4979.0,5029.0,,,,,,5319.0,302.6912618494297,5582.0,4895.0,5283.571428571428,399.05168198863566,5973.0,4769.0,5349.0,359.392741798082,5999.0,4769.0,5331.913043478261,349.658953471681,5999.0,4769.0,5398.123287671233,5301.668342650259,5299.525394271005,5311.079464700108,4994.333333333333,4994.333333333333,,,,,220.0,22.613636363636363,22.631818181818183,0.9909335327653249,-48.34161490683255,-1.02074618691887,0.9366869438056873,,0.0,0.0,0.0,0.0,4852.0,5,0.5680647467311558,0.8229838658936564,0
2015-02-03,12,1,3,1,2,1,2015,34,0,0,0,0,1,0,0.7818314824680298,0.6234898018587336,0.8660254037844386,0.5000000000000001,0.5524353131676196,0.8335557718385699,0,0,0,0,0,0,0,0,0,0,0,0,0,0,0,0,0,0,0,0,0,0,0,0,0,0,0,0,0,0,0,0,0,0,0,0,0,0,0,0,0,0,0,332,366,0,0,0,0,0,0,0,0,0,0,0,0,0,0,0,0,0,0,0,0,0,0,0,0,0,0,0,0,0,0,0,0,0,0,0,0,0,0,0,1,0.0,,,,,,,,,,4769.0,5365.0,5049.0,,,,,,,,4895.0,4769.0,5365.0,5049.0,,,,,4879.666666666667,84.7951780599712,4975.0,4769.0,5224.285714285715,382.4315865188791,5973.0,4769.0,5318.285714285715,351.10100878144306,5999.0,4769.0,5312.952380952381,359.8934334587282,5999.0,4769.0,4947.3639921722115,5118.211675520853,5217.55648972837,5267.235426962964,5061.0,5061.0,,,,,218.0,22.454128440366972,21.876146788990827,0.9833112250385403,-88.66666666666606,-1.1613226085724362,0.9525777076685907,,0.0,0.0,0.0,0.0,4740.0,6,0.6631226582407952,0.7485107481711011,0
2015-02-11,22,2,11,2,2,1,2015,42,0,0,0,0,0,0,0.9749279121818236,-0.22252093395631434,0.8660254037844386,0.5000000000000001,0.6616346182422783,0.7498264012045686,0,0,0,0,0,0,0,0,0,0,0,0,0,0,0,0,0,0,0,0,0,0,0,0,0,0,0,0,0,0,0,0,0,0,0,0,0,0,0,0,0,0,0,324,366,0,0,0,0,0,0,0,0,0,0,0,0,0,0,0,0,0,0,0,0,0,0,0,0,0,0,0,0,0,0,0,0,0,0,0,0,0,0,0,1,0.0,,,,,,,,,,,,5351.0,4844.0,,,,,,,4975.0,4975.0,4975.0,5351.0,,,,,5419.666666666667,414.6141445837188,5973.0,4975.0,5374.571428571428,289.2897001489077,5973.0,4975.0,5334.642857142857,331.5156982154319,5999.0,4844.0,5363.578947368421,340.3344045570588,5999.0,4844.0,5232.332681017612,5334.736283711604,5352.738466533209,5356.796460373931,5351.0,5097.5,,,,,218.0,22.821100917431192,22.821100917431192,1.0020494675870113,10.992481203007628,-1.1417562907698142,0.997654747419241,,0.0,0.0,0.0,0.0,4646.0,7,0.7485107481711011,0.6631226582407953,0
2015-02-20,4,4,20,3,2,1,2015,51,0,1,0,0,0,0,-0.433883739117558,-0.9009688679024191,0.8660254037844386,0.5000000000000001,0.7694148268839378,0.6387494220515272,0,0,0,0,0,0,0,0,0,0,0,0,0,0,0,0,0,0,0,0,0,0,0,0,0,0,0,0,0,0,0,0,0,0,0,0,0,0,0,0,0,0,0,315,366,0,0,0,0,0,0,0,0,0,0,0,0,0,0,0,0,0,0,0,0,0,0,0,0,0,0,0,0,0,0,0,0,0,0,0,7,3,0,0,0,0.42857142857142855,,,,4194.0,4680.0,4826.0,4677.0,4646.0,5027.0,5322.0,5429.0,5582.0,5494.0,5317.0,,,,,,4826.0,5322.0,5429.0,5582.0,,,,,4566.666666666667,270.1719617001159,4826.0,4194.0,4706.857142857143,245.40370737182587,5027.0,4194.0,4893.142857142857,366.137143927334,5677.0,4194.0,5030.607142857143,361.16293704066135,5677.0,4194.0,4465.747553816047,4682.9033698667845,4851.288551898761,4986.9454923492185,5289.75,5398.714285714285,,,,,237.0,20.362869198312236,22.455696202531644,0.9356439509573539,-323.75,-0.5665230893670231,1.0515132368288405,,0.0,0.0,0.0,0.0,4973.0,8,0.8229838658936564,0.5680647467311559,0
2015-02-28,13,5,28,4,2,1,2015,59,1,0,1,0,0,1,-0.9749279121818236,-0.2225209339563146,0.8660254037844386,0.5000000000000001,0.8498170915275278,0.5270777086423722,0,0,0,0,0,0,0,0,0,0,0,0,0,0,0,0,0,0,0,0,0,0,0,0,0,0,0,0,0,0,0,0,0,0,0,0,0,0,0,0,0,0,0,307,366,0,0,0,0,0,0,0,0,0,0,0,0,0,0,0,0,0,0,0,0,0,0,0,0,0,0,0,0,0,0,0,0,0,0,0,0,0,0,0,1,0.0,,,,,,,,,,4680.0,5677.0,5449.0,5652.0,5973.0,5347.0,,,,,4680.0,4680.0,5677.0,5449.0,5347.0,,,,4727.666666666667,69.54295235480173,4826.0,4677.0,4889.428571428572,270.0940879148054,5472.0,4646.0,4972.214285714285,323.68463015088986,5677.0,4646.0,5070.5,326.5857467802292,5677.0,4646.0,4739.702544031311,4846.522013463003,4952.766312403961,5048.137787571219,5268.666666666667,5539.571428571428,,,,,237.0,19.746835443037973,19.746835443037973,0.9642892360573063,-181.07142857142844,-1.1957043559000782,1.0390822732800842,,0.0,0.0,0.0,0.0,5704.0,9,0.8854560256532099,0.4647231720437686,0
2015-03-08,23,6,8,2,3,1,2015,67,1,0,0,1,0,0,-0.7818314824680299,0.6234898018587334,1.0,6.123233995736766e-17,0.9141279881853337,0.40542572835999735,0,0,0,0,0,0,0,0,0,0,0,0,0,0,0,0,0,0,0,0,0,0,0,0,0,0,0,0,0,0,0,0,0,0,0,0,0,0,0,0,0,0,0,299,366,0,0,0,0,0,0,0,0,0,0,0,0,0,0,0,0,0,0,0,0,0,0,0,0,0,0,0,0,0,0,0,0,0,0,0,2,2,0,1,0,1.0,,,,,,,,,,,,5472.0,5301.0,5013.0,5560.0,,,,,4677.0,4677.0,4677.0,5472.0,5560.0,,,,4783.333333333333,172.76252165585245,5027.0,4646.0,5102.714285714285,368.72820585889326,5677.0,4646.0,5070.214285714285,344.5036136180844,5677.0,4646.0,5140.535714285715,360.0931905317663,5973.0,4646.0,4773.4579256360075,4929.003178599136,5021.356592989635,5096.10235283351,5472.0,5331.4,,,,,218.0,21.454128440366972,21.454128440366972,0.9926425122451105,-37.82142857142935,-1.2872659813455234,1.064480494667732,,0.0,0.0,0.0,0.0,5182.0,10,0.9350162426854148,0.35460488704253557,0
2015-03-17,5,1,17,3,3,1,2015,76,0,0,0,0,0,0,0.7818314824680298,0.6234898018587336,1.0,6.123233995736766e-17,0.9657399376548549,0.2595117970697999,0,0,0,0,0,0,0,0,0,0,0,0,0,0,0,0,0,0,0,0,0,0,0,0,0,0,0,0,0,0,0,0,0,0,0,0,0,0,0,0,0,0,0,290,366,0,0,0,0,0,0,0,0,0,0,0,0,0,0,0,0,0,0,0,0,0,0,0,0,0,0,0,0,0,0,0,0,0,0,0,0,0,0,0,1,0.0,,,,,5628.0,5167.0,4899.0,5182.0,5505.0,4745.0,6645.0,3171.0,5027.0,4740.0,4769.0,,,,,5167.0,4745.0,6645.0,3171.0,4769.0,,,,5231.333333333333,301.0695748309498,5628.0,4899.0,5052.571428571428,465.64574429889666,5628.0,4104.0,5159.071428571428,548.0985917939679,6083.0,4104.0,5008.678571428572,888.9861421694872,6645.0,2898.0,5359.908023483366,5197.92649231806,5150.169751285761,5117.627640126353,4932.0,4879.25,,,,,218.0,23.701834862385322,21.76605504587156,1.0087633607381472,43.89285714285688,0.17809212209434433,0.9846908580107385,,0.0,0.0,0.0,0.0,4367.0,12,0.992708874098054,0.120536680255323,0
2015-03-25,15,2,25,4,3,1,2015,84,0,0,0,0,0,0,0.9749279121818236,-0.22252093395631434,1.0,6.123233995736766e-17,0.9922222094179323,0.12447926388678915,0,0,0,0,0,0,0,0,0,0,0,0,0,0,0,0,0,0,0,0,0,0,0,0,0,0,0,0,0,0,0,0,0,0,0,0,0,0,0,0,0,0,0,282,366,0,0,0,0,0,0,0,0,0,0,0,0,0,0,0,0,0,0,0,0,0,0,0,0,0,0,0,0,0,0,0,0,0,0,0,0,0,0,0,1,0.0,,,,,,,,,,,4552.0,5806.0,2898.0,4646.0,5009.0,,,,,4899.0,4899.0,4552.0,5806.0,5009.0,,,,5195.333333333333,247.5780460559637,5505.0,4899.0,4838.571428571428,413.7234608295937,5505.0,4104.0,5277.357142857143,676.9907793361166,6645.0,4104.0,4968.607142857143,882.5001958431881,6645.0,2898.0,5012.917808219178,5012.61265164413,5062.338064291767,5073.018656650137,5179.0,4623.333333333333,,,,,220.0,22.26818181818182,22.26818181818182,0.9738285377477159,-130.03571428571468,-0.07887493190937676,1.0423444339819294,,0.0,0.0,0.0,0.0,4546.0,13,1.0,-1.6081226496766366e-16,0
2015-04-02,24,3,2,1,4,2,2015,92,0,0,0,0,1,0,0.43388373911755823,-0.900968867902419,0.8660254037844387,-0.4999999999999998,0.9999166586547379,-0.01291029607500882,0,0,0,0,0,0,0,0,0,0,0,0,0,0,0,0,0,0,0,0,0,0,0,0,0,0,0,0,0,0,0,0,0,0,0,0,0,0,0,0,0,0,0,274,366,0,0,0,0,0,0,0,0,0,0,0,0,0,0,0,0,0,0,0,0,0,0,0,0,0,0,0,0,0,0,0,0,0,0,0,0,0,0,0,1,0.0,,,,,,,,,,,,4104.0,6083.0,4393.0,4844.0,5890.0,,,,5182.0,5182.0,5182.0,4104.0,4844.0,5890.0,,,5190.0,253.99343823545257,5505.0,4883.0,4819.714285714285,413.54761836221627,5505.0,4104.0,5391.0,734.9914479580211,6645.0,4104.0,4968.571428571428,882.5030323125334,6645.0,2898.0,5128.41095890411,5049.519572807464,5087.449212857463,5086.017220846704,4104.0,4820.2,,,,,224.0,23.133928571428573,23.133928571428573,0.9700402530189763,-148.85714285714312,0.24184457572830986,0.8259919493962047,,0.0,0.0,0.0,0.0,4044.0,14,0.992708874098054,-0.12053668025532288,0
2015-04-11,6,5,11,2,4,2,2015,101,1,0,1,0,0,0,-0.9749279121818236,-0.2225209339563146,0.8660254037844387,-0.4999999999999998,0.9859481499638304,-0.16705162550211924,0,0,0,0,0,0,0,0,0,0,0,0,0,0,0,0,0,0,0,0,0,0,0,0,0,0,0,0,0,0,0,0,0,0,0,0,0,0,0,0,0,0,0,265,366,0,0,0,0,0,0,0,0,0,0,0,0,0,0,0,0,0,0,0,0,0,0,0,0,0,0,0,0,0,0,0,0,0,0,0,2,1,1,0,0,0.5,,,,,,4671.0,4300.0,4044.0,4245.0,5491.0,5390.0,5817.0,5505.0,5704.0,4680.0,5999.0,,,,4671.0,5491.0,5390.0,5817.0,4680.0,5999.0,,,4338.333333333333,257.4028403538357,4671.0,4044.0,4436.285714285715,272.7980489486757,4921.0,4044.0,4573.642857142857,388.2549985222998,5491.0,4021.0,4795.928571428572,479.3513421110589,5817.0,4021.0,4465.79843444227,4472.030592750365,4574.848494734301,4715.459363245945,5342.25,5374.5,,,,,224.0,20.852678571428573,24.513392857142858,0.9250107978493664,-359.6428571428569,-0.260620051418626,1.1139135874178991,,0.0,0.0,0.0,0.0,5623.0,15,0.9709418174260521,-0.2393156642875575,0
2015-04-19,16,6,19,3,4,2,2015,109,1,0,0,1,0,0,-0.7818314824680299,0.6234898018587334,0.8660254037844387,-0.4999999999999998,0.9536809966304457,-0.30081980763566735,0,0,0,0,0,0,0,0,0,0,0,0,0,0,0,0,0,0,0,0,0,0,0,0,0,0,0,0,0,0,0,0,0,0,0,0,0,0,0,0,0,0,0,257,366,0,0,0,0,0,0,0,0,0,0,0,0,0,0,0,0,0,0,0,0,0,0,0,0,0,0,0,0,0,0,0,0,0,0,0,2,2,0,1,0,1.0,,,,,,,,,,,4921.0,4953.0,4670.0,5182.0,5839.0,5311.0,,,,4044.0,4044.0,4921.0,4953.0,5839.0,5311.0,,,4207.0,120.60679914499016,4332.0,4044.0,4637.0,459.6629199750617,5491.0,4044.0,4657.714285714285,433.219084886855,5491.0,4021.0,4846.535714285715,485.9040530027403,5817.0,4021.0,4221.8786692759295,4443.007888648195,4600.785079697144,4750.21995976716,4937.0,5092.666666666667,,,,,224.0,18.053571428571427,18.053571428571427,0.9567658784256795,-209.53571428571468,-1.651634122675632,1.018665762731848,,0.0,0.0,0.0,0.0,4801.0,16,0.9350162426854148,-0.35460488704253545,0
2015-04-27,26,0,27,4,4,2,2015,117,0,0,0,0,0,0,0.0,1.0,0.8660254037844387,-0.4999999999999998,0.9033558023246845,-0.4288919379124835,0,0,0,0,0,0,0,0,0,0,0,0,0,0,0,0,0,0,0,0,0,0,0,0,0,0,0,0,0,0,0,0,0,0,0,0,0,0,0,0,0,0,0,249,366,0,0,0,0,0,0,0,0,0,0,0,0,0,0,0,0,0,0,0,0,0,0,0,0,0,0,0,0,0,0,0,0,0,0,0,0,0,0,0,1,0.0,,,,,,,,,,,,4541.0,4021.0,4337.0,4767.0,4852.0,,,,4332.0,4332.0,4332.0,4541.0,4767.0,4852.0,,,4598.0,243.81276969565533,4921.0,4332.0,4777.0,348.9154625407134,5491.0,4332.0,4724.0,380.49028521482273,5491.0,4021.0,4859.642857142857,472.0119712681111,5817.0,4021.0,4555.305283757339,4688.939381558329,4754.001515876606,4844.191868539923,4541.0,4513.0,,,,,222.0,19.513513513513512,19.513513513513512,0.9829940471815978,-82.64285714285688,-1.1178590571024871,0.9344308076725215,,0.0,0.0,0.0,0.0,4278.0,18,0.8229838658936565,-0.5680647467311557,0
2015-05-06,7,2,6,1,5,2,2015,126,0,0,0,0,0,0,0.9749279121818236,-0.22252093395631434,0.49999999999999994,-0.8660254037844387,0.8263541987239096,-0.5631507242749186,0,0,0,0,0,0,0,0,0,0,0,0,0,0,0,0,0,0,0,0,0,0,0,0,0,0,0,0,0,0,0,0,0,0,0,0,0,0,0,0,0,0,0,240,366,0,0,0,0,0,0,0,0,0,0,0,0,0,0,0,0,0,0,0,0,0,0,0,0,0,0,0,0,0,0,0,0,0,0,0,0,0,0,0,1,0.0,,,,,,,4475.0,4278.0,4546.0,4689.0,4553.0,4052.0,4245.0,4546.0,5628.0,4829.0,,,,4475.0,4689.0,4553.0,4052.0,5628.0,4829.0,,,4433.0,113.36960203981782,4546.0,4278.0,4700.285714285715,343.1425002971857,5323.0,4278.0,4759.428571428572,381.41011191286964,5781.0,4278.0,4652.464285714285,419.6910838549551,5781.0,3969.0,4509.58904109589,4637.402333941681,4693.601948264525,4714.416280370943,4431.333333333333,4622.857142857143,,,,,223.0,20.067264573991032,21.026905829596412,1.0102787309336836,47.82142857142935,-0.42284502230601795,0.9524701451099904,,0.0,0.0,0.0,0.0,4436.0,19,0.7485107481711013,-0.663122658240795,0
2015-05-14,17,3,14,2,5,2,2015,134,0,0,0,0,0,0,0.43388373911755823,-0.900968867902419,0.49999999999999994,-0.8660254037844387,0.7412220108485958,-0.6712599575675313,0,0,0,0,0,0,0,0,0,0,0,0,0,0,0,0,0,0,0,0,0,0,0,0,0,0,0,0,0,0,0,0,0,0,0,0,0,0,0,0,0,0,0,232,366,0,0,0,0,0,0,0,0,0,0,0,0,0,0,0,0,0,0,0,0,0,0,0,0,0,0,0,0,0,0,0,0,0,0,0,0,0,0,0,1,0.0,,,,,,,,,,,4508.0,4597.0,4400.0,4044.0,4570.0,4677.0,,,,4546.0,4546.0,4508.0,4597.0,4570.0,4677.0,,,4984.0,324.8414998118313,5323.0,4546.0,4758.714285714285,293.6857962836737,5323.0,4508.0,4782.0,361.2336007152633,5781.0,4468.0,4656.75,417.25408711513626,5781.0,3969.0,4814.573385518591,4829.106433402935,4796.3209608032985,4765.9162155094855,4552.5,4473.666666666667,,,,,223.0,20.385650224215247,20.385650224215247,1.0218960188359447,101.96428571428532,-0.265425800297649,0.9776131422129167,,0.0,0.0,0.0,0.0,4777.0,20,0.6631226582407952,-0.7485107481711012,0
2015-05-22,27,4,22,4,5,2,2015,142,0,1,0,0,0,0,-0.433883739117558,-0.9009688679024191,0.49999999999999994,-0.8660254037844387,0.6420547132365637,-0.766658819300159,0,0,0,0,0,0,0,0,0,0,0,0,0,0,0,0,0,0,0,0,0,0,0,0,0,0,0,0,0,0,0,0,0,0,0,0,0,0,0,0,0,0,0,224,366,0,0,0,0,0,0,0,0,0,0,0,0,0,0,0,0,0,0,0,0,0,0,0,0,0,0,0,0,0,0,0,0,0,0,0,0,0,0,0,1,0.0,,,,,,,,,,,,5083.0,4836.0,4992.0,4885.0,4973.0,,,,5083.0,5083.0,5083.0,5083.0,4885.0,4973.0,,,4760.0,240.05138338836264,5083.0,4508.0,4860.571428571428,416.5034238044344,5781.0,4508.0,4816.5,393.87321201480194,5781.0,4468.0,4676.142857142857,429.8647390488676,5781.0,3969.0,4843.00782778865,4790.196486152583,4759.970154343402,4742.319530198348,5083.0,4819.2,,,,,219.0,23.210045662100455,23.210045662100455,1.0394403201661933,184.42857142857156,0.9464771261708234,1.0870069959979227,,0.0,0.0,0.0,0.0,5070.0,21,0.5680647467311558,-0.8229838658936564,0
2015-05-31,9,6,31,5,5,2,2015,151,1,0,0,1,0,1,-0.7818314824680299,0.6234898018587334,0.49999999999999994,-0.8660254037844387,0.5160623910158528,-0.8565509959010036,0,0,0,0,0,0,0,0,0,0,0,0,0,0,0,0,0,0,0,0,0,0,0,0,0,0,0,0,0,0,0,0,0,0,0,0,0,0,0,0,0,0,0,215,366,0,0,0,0,0,0,0,0,0,0,0,0,0,0,0,0,0,0,0,0,0,0,0,0,0,0,0,0,0,0,0,0,0,0,0,2,2,0,1,0,1.0,,,,,,,,,4517.0,4857.0,4866.0,4774.0,4546.0,4801.0,4937.0,4991.0,,,,4517.0,4857.0,4866.0,4774.0,4937.0,4991.0,,,4434.333333333333,187.3487538137245,4611.0,4175.0,4715.142857142857,469.90863202220453,5714.0,4175.0,4704.785714285715,370.64695920423645,5714.0,4175.0,4741.5,477.10237745312963,5990.0,3985.0,4517.285714285715,4593.563178122194,4654.511179886098,4694.139247690001,4832.333333333333,4787.142857142857,,,,,219.0,20.625570776255707,22.17808219178082,0.9944411804582636,-26.357142857143117,-0.47054890230987123,1.0191570881226053,,0.0,0.0,0.0,0.0,4830.0,22,0.46472317204376906,-0.8854560256532096,0
2015-06-08,18,0,8,2,6,2,2015,159,0,0,0,0,0,0,0.0,1.0,1.2246467991473532e-16,-1.0,0.39359027665646673,-0.9192859697186104,0,0,0,0,0,0,0,0,0,0,0,0,0,0,0,0,0,0,0,0,0,0,0,0,0,0,0,0,0,0,0,0,0,0,0,0,0,0,0,0,0,0,0,207,366,0,0,0,0,0,0,0,0,0,0,0,0,0,0,0,0,0,0,0,0,0,0,0,0,0,0,0,0,0,0,0,0,0,0,0,0,0,0,0,1,0.0,,,,,,,,,,,4300.0,4258.0,3985.0,4278.0,4468.0,4899.0,,,,4611.0,4611.0,4300.0,4258.0,4468.0,4899.0,,,4362.0,183.31575673320248,4611.0,4175.0,4752.285714285715,463.0037686627598,5714.0,4175.0,4692.5,379.41472785632044,5714.0,4175.0,4741.178571428572,477.2565238326411,5990.0,3985.0,4517.587084148728,4619.539596636767,4675.622474212518,4707.548186419672,4279.0,4304.166666666667,,,,,221.0,20.86425339366516,20.86425339366516,1.0023426965868945,11.107142857143117,-0.27276436240863433,0.9025182105112501,,0.0,0.0,0.0,0.0,4049.0,24,0.23931566428755768,-0.970941817426052,0
2015-06-16,28,1,16,3,6,2,2015,167,0,0,0,0,0,0,0.7818314824680298,0.6234898018587336,1.2246467991473532e-16,-1.0,0.26366549272800704,-0.9646141756912435,0,0,0,0,0,0,0,0,0,0,0,0,0,0,0,0,0,0,0,0,0,0,0,0,0,0,0,0,0,0,0,0,0,0,0,0,0,0,0,0,0,0,0,199,366,0,0,0,0,0,0,0,0,0,0,0,0,0,0,0,0,0,0,0,0,0,0,0,0,0,0,0,0,0,0,0,0,0,0,0,0,0,0,0,1,0.0,,,,,,,,,,,,,4525.0,4164.0,4626.0,4367.0,,,,4300.0,4300.0,4300.0,4300.0,4626.0,4367.0,,,4957.0,581.5777391429857,5714.0,4300.0,4810.285714285715,411.05637927025964,5714.0,4300.0,4679.214285714285,385.7795778071478,5714.0,4164.0,4760.071428571428,464.68713964892777,5990.0,3985.0,4673.318982387475,4771.913244601098,4763.790750327002,4755.3668095079565,,4447.5,,,,,221.0,19.457013574660632,19.457013574660632,1.0105490613886348,50.214285714286234,-0.990067056555543,,,0.0,0.0,0.0,0.0,4082.0,25,0.12053668025532308,-0.992708874098054,0
2015-06-25,10,3,25,4,6,2,2015,176,0,0,0,0,0,0,0.43388373911755823,-0.900968867902419,1.2246467991473532e-16,-1.0,0.11165900712169512,-0.993746580436178,0,0,0,0,0,0,0,0,0,0,0,0,0,0,0,0,0,0,0,0,0,0,0,0,0,0,0,0,0,0,0,0,0,0,0,0,0,0,0,0,0,0,0,190,366,0,0,0,0,0,0,0,0,0,0,0,0,0,0,0,0,0,0,0,0,0,0,0,0,0,0,0,0,0,0,0,0,0,0,0,0,0,0,0,1,0.0,,,,,,,,,,4405.0,4163.0,4677.0,4517.0,4777.0,5090.0,4723.0,,,,4653.0,4405.0,4163.0,4677.0,5090.0,4723.0,,,4914.0,254.99150312641137,5260.0,4653.0,4540.0,397.24983143033376,5260.0,4049.0,4480.5,468.59299275292506,5414.0,3744.0,4611.892857142857,458.0099296557502,5479.0,3744.0,4794.305283757339,4692.364077525836,4630.703456559727,4633.342141409907,4415.0,4567.714285714285,,,,,221.0,21.054298642533936,19.93212669683258,0.9844114207832235,-71.89285714285688,0.08975164116647012,0.9573075821052713,,0.0,0.0,0.0,0.0,4126.0,26,-3.216245299353273e-16,-1.0,0
2015-07-03,20,4,3,1,7,3,2015,184,0,1,0,0,1,0,-0.433883739117558,-0.9009688679024191,-0.4999999999999997,-0.8660254037844388,-0.02581844022713239,-0.9996666485105112,0,0,0,0,0,0,0,0,0,0,0,0,0,0,0,0,0,0,0,0,0,0,0,0,0,0,0,0,0,0,0,0,0,0,0,0,0,0,0,0,0,0,0,182,366,0,0,0,0,0,0,0,0,0,0,0,0,0,0,0,0,0,0,0,0,0,0,0,0,0,0,0,0,0,0,0,0,0,0,0,0,0,0,0,1,0.0,,,,,,,,,,,4829.0,4852.0,5041.0,5070.0,4729.0,4300.0,5821.0,,,4829.0,4829.0,4829.0,4852.0,4729.0,4300.0,5821.0,,4586.0,178.56278074298314,4829.0,4405.0,4536.714285714285,437.75065123088194,5414.0,4049.0,4507.357142857143,500.4461733782961,5459.0,3744.0,4635.392857142857,489.5759345221794,5714.0,3744.0,4609.853228962818,4521.199560632298,4530.12876906211,4585.442067714759,4840.5,4892.166666666667,,,,,221.0,21.850678733031675,21.850678733031675,0.9787119291784484,-98.67857142857156,0.39545886389636675,1.0442480603431672,,0.0,0.0,0.0,0.0,4807.0,27,-0.12053668025532283,-0.992708874098054,0
2015-07-12,2,6,12,2,7,3,2015,193,1,0,0,1,0,0,-0.7818314824680299,0.6234898018587334,-0.4999999999999997,-0.8660254037844388,-0.17976658572556214,-0.9837092937736098,0,0,0,0,0,0,0,0,0,0,0,0,0,0,0,0,0,0,0,0,0,0,0,0,0,0,0,0,0,0,0,0,0,0,0,0,0,0,0,0,0,0,0,173,366,0,0,0,0,0,0,0,0,0,0,0,0,0,0,0,0,0,0,0,0,0,0,0,0,0,0,0,0,0,0,0,0,0,0,0,2,2,0,1,0,1.0,,4253.0,4662.0,4104.0,4229.0,4350.0,5010.0,4807.0,4129.0,4446.0,4687.0,4653.0,4476.0,4830.0,4857.0,4729.0,5560.0,,,4350.0,4446.0,4687.0,4653.0,4857.0,4729.0,5560.0,,4339.666666666667,235.90158023115393,4662.0,4104.0,4487.857142857143,314.7168471460513,5010.0,4104.0,4422.785714285715,330.6796418139527,5010.0,3945.0,4368.714285714285,383.2247435665299,5260.0,3783.0,4354.534246575343,4384.7954958894015,4382.599414580792,4396.339295693038,4534.0,4663.625,,,,,221.0,19.683257918552037,20.11764705882353,1.0272718354533863,119.14285714285779,-0.04883370927492426,1.037833949184134,,0.0,0.0,0.0,0.0,4656.0,28,-0.23931566428755743,-0.9709418174260521,0
2015-07-20,11,0,20,3,7,3,2015,201,0,0,0,0,0,0,0.0,1.0,-0.4999999999999997,-0.8660254037844388,-0.3131070409358267,-0.9497178427914317,0,0,0,0,0,0,0,0,0,0,0,0,0,0,0,0,0,0,0,0,0,0,0,0,0,0,0,0,0,0,0,0,0,0,0,0,0,0,0,0,0,0,0,165,366,0,0,0,0,0,0,0,0,0,0,0,0,0,0,0,0,0,0,0,0,0,0,0,0,0,0,0,0,0,0,0,0,0,0,0,0,0,0,0,1,0.0,,,,,,,,,,4229.0,3945.0,3977.0,4305.0,4049.0,4404.0,4536.0,4975.0,,,4662.0,4229.0,3945.0,3977.0,4404.0,4536.0,4975.0,,4331.666666666667,239.0904059602188,4662.0,4104.0,4470.142857142857,330.5300628520492,5010.0,4104.0,4413.714285714285,336.8964293097103,5010.0,3945.0,4374.142857142857,382.62324945095554,5260.0,3783.0,4455.66927592955,4428.519912956072,4402.69822406672,4407.020178683937,4050.3333333333335,4124.0,,,,,221.0,21.09502262443439,19.13574660633484,1.0219471569940233,96.0,0.7523252789008591,0.9259718910915881,,0.0,0.0,0.0,0.0,4096.0,30,-0.46472317204376806,-0.8854560256532101,0
2015-07-28,21,1,28,4,7,3,2015,209,0,0,0,0,0,1,0.7818314824680298,0.6234898018587336,-0.4999999999999997,-0.8660254037844388,-0.4405187843504952,-0.8977433935342336,0,0,0,0,0,0,0,0,0,0,0,0,0,0,0,0,0,0,0,0,0,0,0,0,0,0,0,0,0,0,0,0,0,0,0,0,0,0,0,0,0,0,0,157,366,0,0,0,0,0,0,0,0,0,0,0,0,0,0,0,0,0,0,0,0,0,0,0,0,0,0,0,0,0,0,0,0,0,0,0,0,0,0,0,1,0.0,,,,,,,,,,,,4049.0,3783.0,4082.0,3744.0,4475.0,4770.0,,,4229.0,4229.0,4229.0,4049.0,3744.0,4475.0,4770.0,,4529.666666666667,343.2203697658725,5010.0,4229.0,4441.0,331.04466681789546,5010.0,4049.0,4346.571428571428,368.7367846127243,5010.0,3783.0,4367.642857142857,380.9450854956201,5260.0,3783.0,4392.54011741683,4432.255158117993,4402.643638906715,4409.249410717115,4049.0,3943.6,,,,,221.0,19.13574660633484,19.13574660633484,1.0167955909529496,73.35714285714312,-0.36394446974549804,0.9270446628616286,,0.0,0.0,0.0,0.0,4439.0,31,-0.5680647467311556,-0.8229838658936566,0
2015-08-06,3,3,6,1,8,3,2015,218,0,0,0,0,0,0,0.43388373911755823,-0.900968867902419,-0.8660254037844385,-0.5000000000000004,-0.5737722679043243,-0.8190148866680802,0,0,0,0,0,0,0,0,0,0,0,0,0,0,0,0,0,0,0,0,0,0,0,0,0,0,0,0,0,0,0,0,0,0,0,0,0,0,0,0,0,0,0,148,366,0,0,0,0,0,0,0,0,0,0,0,0,0,0,0,0,0,0,0,0,0,0,0,0,0,0,0,0,0,0,0,0,0,0,0,0,0,0,0,1,0.0,,,4693.0,5105.0,4383.0,4064.0,4104.0,4439.0,4350.0,4370.0,4499.0,4253.0,4129.0,4126.0,4405.0,4345.0,4844.0,,,4064.0,4370.0,4499.0,4253.0,4405.0,4345.0,4844.0,,4727.0,295.73411481712196,5105.0,4383.0,4448.285714285715,331.95856638429797,5105.0,4064.0,4469.571428571428,348.99380147702874,5262.0,4064.0,4504.535714285715,399.883418916676,5384.0,3939.0,4694.113502935421,4577.887394760668,4533.493272860773,4505.381053102165,4296.5,4229.75,,,,,221.0,18.38914027149321,19.773755656108598,0.9875125865199362,-56.25,-1.1016603676120649,0.9538163914150023,,0.0,0.0,0.0,0.0,4210.0,32,-0.663122658240795,-0.7485107481711013,0
2015-08-14,13,4,14,2,8,3,2015,226,0,1,0,0,0,0,-0.433883739117558,-0.9009688679024191,-0.8660254037844385,-0.5000000000000004,-0.6807734094770159,-0.7324940716135792,0,0,0,0,0,0,0,0,0,0,0,0,0,0,0,0,0,0,0,0,0,0,0,0,0,0,0,0,0,0,0,0,0,0,0,0,0,0,0,0,0,0,0,140,366,0,0,0,0,0,0,0,0,0,0,0,0,0,0,0,0,0,0,0,0,0,0,0,0,0,0,0,0,0,0,0,0,0,0,0,0,0,0,0,1,0.0,,,,,,,,,,4383.0,4441.0,4787.0,4875.0,4807.0,3891.0,4832.0,4826.0,,,4383.0,4383.0,4441.0,4787.0,3891.0,4832.0,4826.0,,4183.666666666667,141.89276075810054,4383.0,4064.0,4475.0,380.37950973806596,5262.0,4064.0,4487.071428571428,389.06838625577575,5384.0,4064.0,4488.892857142857,394.32748711171115,5384.0,3939.0,4283.029354207436,4351.171172533279,4417.109840898677,4446.059673447121,4537.0,4513.714285714285,,,,,217.0,20.19815668202765,20.19815668202765,0.9969050593130664,-13.892857142856883,-0.26854038991417795,1.0107169282912587,,0.0,0.0,0.0,0.0,4605.0,33,-0.7485107481711011,-0.6631226582407952,0
2015-08-22,22,5,22,4,8,3,2015,234,1,0,1,0,0,0,-0.9749279121818236,-0.2225209339563146,-0.8660254037844385,-0.5000000000000004,-0.7748840413670406,-0.6321034111873488,0,0,0,0,0,0,0,0,0,0,0,0,0,0,0,0,0,0,0,0,0,0,0,0,0,0,0,0,0,0,0,0,0,0,0,0,0,0,0,0,0,0,0,132,366,0,0,0,0,0,0,0,0,0,0,0,0,0,0,0,0,0,0,0,0,0,0,0,0,0,0,0,0,0,0,0,0,0,0,0,2,1,1,0,0,0.5,,,,,,,,,,,,5262.0,5384.0,5342.0,5010.0,5479.0,5738.0,,,4064.0,4064.0,4064.0,5262.0,5010.0,5479.0,5738.0,,4202.333333333333,168.14345726855453,4439.0,4064.0,4483.285714285715,378.9141305986713,5262.0,4064.0,4515.928571428572,395.21304639499994,5384.0,4064.0,4504.035714285715,398.0934457908503,5384.0,3939.0,4182.980430528376,4340.952552377933,4422.171340092721,4450.7942849472265,5262.0,5201.6,,,,,221.0,18.38914027149321,18.38914027149321,0.9953930205450667,-20.75,-1.1053578473555175,1.168285585149826,,0.0,0.0,0.0,0.0,4990.0,34,-0.8229838658936564,-0.5680647467311559,0
2015-08-31,4,0,31,5,8,3,2015,243,0,0,0,0,0,1,0.0,1.0,-0.8660254037844385,-0.5000000000000004,-0.8631421280499115,-0.5049610547215202,0,0,0,0,0,0,0,0,0,0,0,0,0,0,0,0,0,0,0,0,0,0,0,0,0,0,0,0,0,0,0,0,0,0,0,0,0,0,0,0,0,0,0,123,366,0,0,0,0,0,0,0,0,0,0,0,0,0,0,0,0,0,0,0,0,0,0,0,0,0,0,0,0,0,0,0,0,0,0,0,0,0,0,0,1,0.0,,,,3973.0,3990.0,3794.0,4511.0,4990.0,4460.0,4150.0,4105.0,4267.0,4350.0,4096.0,4229.0,3959.0,4767.0,,,3794.0,4150.0,4105.0,4267.0,4229.0,3959.0,4767.0,,3919.0,88.66040078110784,3990.0,3794.0,4261.428571428572,383.63221119893956,4990.0,3794.0,4405.714285714285,451.3097492808219,5476.0,3794.0,4426.321428571428,409.20699037209494,5476.0,3794.0,4030.618395303327,4184.094490489283,4302.4886409460005,4382.619022987424,4079.0,4123.25,,,,,221.0,17.167420814479637,18.778280542986426,0.9627472022075733,-164.89285714285688,-1.5452361358647708,0.9215327142015701,,0.0,0.0,0.0,0.0,3273.0,36,-0.9350162426854147,-0.3546048870425359,0
2015-09-08,14,1,8,2,9,3,2015,251,0,0,0,0,0,0,0.7818314824680298,0.6234898018587336,-1.0,-1.8369701987210297e-16,-0.9242907221930934,-0.3816892202666586,0,0,0,0,0,0,0,0,0,0,0,0,0,0,0,0,0,0,0,0,0,0,0,0,0,0,0,0,0,0,0,0,0,0,0,0,0,0,0,0,0,0,0,115,366,0,0,0,0,0,0,0,0,0,0,0,0,0,0,0,0,0,0,0,0,0,0,0,0,0,0,0,0,0,0,0,0,0,0,0,0,0,0,0,1,0.0,,,,,,,,,,,4238.0,4142.0,4092.0,4439.0,3939.0,4060.0,5167.0,,,3794.0,3794.0,4238.0,4142.0,3939.0,4060.0,5167.0,,4431.666666666667,491.4769125356303,4990.0,3794.0,4333.857142857143,346.0067829935578,4990.0,3794.0,4427.714285714285,433.4913788187766,5476.0,3794.0,4447.035714285715,395.72586851279266,5476.0,3794.0,4189.080234833659,4343.264605665609,4409.119201069562,4444.318639251138,4190.0,4175.166666666667,,,,,219.0,17.32420091324201,17.32420091324201,0.9745496598857987,-113.17857142857156,-1.6502224551049383,0.9422006633632355,,0.0,0.0,0.0,0.0,4291.0,37,-0.970941817426052,-0.23931566428755774,0
2015-09-16,24,2,16,3,9,3,2015,259,0,0,0,0,0,0,0.9749279121818236,-0.22252093395631434,-1.0,-1.8369701987210297e-16,-0.9679377830240642,-0.25119006388481957,0,0,0,0,0,0,0,0,0,0,0,0,0,0,0,0,0,0,0,0,0,0,0,0,0,0,0,0,0,0,0,0,0,0,0,0,0,0,0,0,0,0,0,107,366,0,0,0,0,0,0,0,0,0,0,0,0,0,0,0,0,0,0,0,0,0,0,0,0,0,0,0,0,0,0,0,0,0,0,0,0,0,0,0,1,0.0,,,,,,,,,,,,4232.0,4129.0,4512.0,4343.0,4047.0,4647.0,,,4990.0,4990.0,4990.0,4232.0,4343.0,4047.0,4647.0,,4520.666666666667,360.99984610646146,4990.0,4112.0,4450.0,349.8440468878342,4990.0,4112.0,4464.214285714285,413.004700521751,5476.0,4105.0,4474.464285714285,378.8483943048287,5476.0,4064.0,4664.088062622309,4532.116230656581,4502.78061409231,4491.210413041698,4232.0,4264.0,,,,,221.0,22.579185520361992,22.579185520361992,0.9945324659775713,-24.464285714285325,1.3607968834913544,0.9458115496667598,,0.0,0.0,0.0,0.0,3997.0,38,-0.992708874098054,-0.12053668025532357,0
2015-09-25,5,4,25,4,9,3,2015,268,0,1,0,0,0,0,-0.433883739117558,-0.9009688679024191,-1.0,-1.8369701987210297e-16,-0.9951053111006974,-0.09882013873287211,0,0,0,0,0,0,0,0,0,0,0,0,0,0,0,0,0,0,0,0,0,0,0,0,0,0,0,0,0,0,0,0,0,0,0,0,0,0,0,0,0,0,0,98,366,0,0,0,0,0,0,0,0,0,0,0,0,0,0,0,0,0,0,0,0,0,0,0,0,0,0,0,0,0,0,0,0,0,0,0,0,0,0,0,1,0.0,,,,,5080.0,4483.0,4043.0,3997.0,3851.0,4673.0,5177.0,3894.0,4460.0,4605.0,4383.0,4412.0,4885.0,,,4483.0,4673.0,5177.0,3894.0,4383.0,4412.0,4885.0,,4535.333333333333,424.96771119175105,5080.0,4043.0,4185.285714285715,426.18195788241644,5080.0,3727.0,4249.0,364.045523056036,5080.0,3727.0,4181.821428571428,463.7464711896106,5177.0,3273.0,4663.414872798435,4403.871972323932,4309.133112905593,4283.160347987632,4556.75,4542.75,,,,,221.0,20.285067873303166,21.144796380090497,1.0008284155058886,3.464285714286234,0.649446605288409,1.089656762688849,,0.0,0.0,0.0,0.0,3462.0,39,-1.0,-1.8369701987210297e-16,0
2015-10-03,15,5,3,1,10,4,2015,276,1,0,1,0,1,0,-0.9749279121818236,-0.2225209339563146,-0.8660254037844386,0.5000000000000001,-0.9992500112396835,0.03872228089217399,0,0,0,0,0,0,0,0,0,0,0,0,0,0,0,0,0,0,0,0,0,0,0,0,0,0,0,0,0,0,0,0,0,0,0,0,0,0,0,0,0,0,0,90,366,0,0,0,0,0,0,0,0,0,0,0,0,0,0,0,0,0,0,0,0,0,0,0,0,0,0,0,0,0,0,0,0,0,0,0,7,3,0,0,0,0.42857142857142855,,,,,,,,,,,4738.0,4648.0,4277.0,4990.0,5177.0,5010.0,4671.0,,,4043.0,4043.0,4738.0,4648.0,5177.0,5010.0,4671.0,,3963.6666666666665,81.85081279715892,4043.0,3851.0,4163.571428571428,362.98912110532507,4738.0,3727.0,4267.714285714285,389.6493714264932,5177.0,3727.0,4177.785714285715,457.25691099540666,5177.0,3273.0,4006.7769080234834,4075.6756918332403,4145.6560600174425,4204.933178194713,4693.0,4884.333333333333,,,,,233.0,17.3519313304721,17.3519313304721,0.9965976508403288,-14.214285714286234,-0.2947702069549883,1.1233223341141068,,0.0,0.0,0.0,0.0,5168.0,40,-0.992708874098054,0.1205366802553232,0
2015-10-11,25,6,11,2,10,4,2015,284,1,0,0,1,0,0,-0.7818314824680299,0.6234898018587334,-0.8660254037844386,0.5000000000000001,-0.9844738167520923,0.17553149042142777,0,0,0,0,0,0,0,0,0,0,0,0,0,0,0,0,0,0,0,0,0,0,0,0,0,0,0,0,0,0,0,0,0,0,0,0,0,0,0,0,0,0,0,82,366,0,0,0,0,0,0,0,0,0,0,0,0,0,0,0,0,0,0,0,0,0,0,0,0,0,0,0,0,0,0,0,0,0,0,0,1,1,1,1,0,1.0,,,,,,,,,,,,4116.0,4128.0,4088.0,4968.0,4656.0,4729.0,,,3851.0,3851.0,3851.0,4116.0,4968.0,4656.0,4729.0,,3898.0,162.24878017004215,4116.0,3727.0,4222.714285714285,351.44059212890926,4738.0,3727.0,4334.857142857143,418.1520326974145,5177.0,3727.0,4188.642857142857,455.4222698524426,5177.0,3273.0,3944.898238747554,4116.065310462136,4187.016977111405,4233.2440211160065,4116.0,4362.2,,,,,226.0,17.039823008849556,17.039823008849556,1.0081342405484217,34.07142857142844,-0.7413841603579324,0.9826571852458178,,0.0,0.0,0.0,0.0,3534.0,41,-0.9709418174260521,0.23931566428755738,0
2015-10-20,7,1,20,3,10,4,2015,293,0,0,0,0,0,0,0.7818314824680298,0.6234898018587336,-0.8660254037844386,0.5000000000000001,-0.9455963874271428,0.3253420847119795,0,0,0,0,0,0,0,0,0,0,0,0,0,0,0,0,0,0,0,0,0,0,0,0,0,0,0,0,0,0,0,0,0,0,0,0,0,0,0,0,0,0,0,73,366,0,0,0,0,0,0,0,0,0,0,0,0,0,0,0,0,0,0,0,0,0,0,0,0,0,0,0,0,0,0,0,0,0,0,0,0,0,0,0,1,0.0,,,,,,,3558.0,3534.0,3879.0,4705.0,4114.0,4117.0,3851.0,4291.0,3990.0,4201.0,4626.0,,,3558.0,4705.0,4114.0,4117.0,3990.0,4201.0,4626.0,,3657.0,157.28318409798297,3879.0,3534.0,3789.285714285714,404.9076488307336,4705.0,3387.0,4295.071428571428,643.8592863446522,5266.0,3387.0,4118.0,593.641726970064,5266.0,3094.0,3613.538160469667,3818.7276054690255,4005.025309629856,4103.909159261392,4312.0,4049.285714285714,,,,,226.0,15.743362831858407,20.81858407079646,0.9201762297925484,-328.7142857142858,-0.9433299152642609,1.047110247693055,,0.0,0.0,0.0,0.0,3781.0,43,-0.8854560256532101,0.464723172043768,0
2015-10-28,16,2,28,4,10,4,2015,301,0,0,0,0,0,1,0.9749279121818236,-0.22252093395631434,-0.8660254037844386,0.5000000000000001,-0.8919813464595487,0.45207220393230374,0,0,0,0,0,0,0,0,0,0,0,0,0,0,0,0,0,0,0,0,0,0,0,0,0,0,0,0,0,0,0,0,0,0,0,0,0,0,0,0,0,0,0,65,366,0,0,0,0,0,0,0,0,0,0,0,0,0,0,0,0,0,0,0,0,0,0,0,0,0,0,0,0,0,0,0,0,0,0,0,0,0,0,0,1,0.0,,,,,,,,,,,3814.0,4510.0,4119.0,3997.0,4037.0,4104.0,4762.0,,,3534.0,3534.0,3814.0,4510.0,4037.0,4104.0,4762.0,,3687.0,143.52003344481216,3879.0,3534.0,3962.1428571428573,513.0974367426101,4768.0,3387.0,4289.642857142857,650.3386598142383,5266.0,3387.0,4124.035714285715,588.756406221917,5266.0,3094.0,3672.2270058708414,3905.813229157991,4073.690592600063,4144.445649973265,4162.0,4121.0,,,,,226.0,15.63716814159292,15.63716814159292,0.9607440700423475,-161.89285714285734,-1.002172898757921,1.0092056151654498,,0.0,0.0,0.0,0.0,3775.0,44,-0.822983865893657,0.5680647467311548,0
2015-11-05,26,3,5,1,11,4,2015,309,0,0,0,0,0,0,0.43388373911755823,-0.900968867902419,-0.5000000000000004,0.8660254037844384,-0.8214765533024145,0.5702422926917867,0,0,0,0,0,0,0,0,0,0,0,0,0,0,0,0,0,0,0,0,0,0,0,0,0,0,0,0,0,0,0,0,0,0,0,0,0,0,0,0,0,0,0,57,366,0,0,0,0,0,0,0,0,0,0,0,0,0,0,0,0,0,0,0,0,0,0,0,0,0,0,0,0,0,0,0,0,0,0,0,0,0,0,0,1,0.0,,,,,,,,,,,,3387.0,4616.0,3714.0,4205.0,4210.0,4345.0,,,3648.0,3648.0,3648.0,3387.0,4205.0,4210.0,4345.0,,3616.3333333333335,175.75424761739202,3814.0,3387.0,4393.714285714285,707.4119257215426,5266.0,3387.0,4238.714285714285,709.2329285494121,5266.0,3094.0,4175.5,585.5530657909177,5266.0,3094.0,3749.729941291585,4081.8150508097083,4199.838534582437,4213.174143014378,3387.0,3993.0,,,,,224.0,16.285714285714285,16.285714285714285,1.0522606360230595,218.21428571428532,-0.900857720363048,0.8111603400790325,,0.0,0.0,0.0,0.0,3480.0,45,-0.7485107481711011,0.6631226582407952,0
2015-11-14,8,5,14,2,11,4,2015,318,1,0,1,0,0,0,-0.9749279121818236,-0.2225209339563146,-0.5000000000000004,0.8660254037844384,-0.7236440382959124,0.690173388242972,0,0,0,0,0,0,0,0,0,0,0,0,0,0,0,0,0,0,0,0,0,0,0,0,0,0,0,0,0,0,0,0,0,0,0,0,0,0,0,0,0,0,0,48,366,0,0,0,0,0,0,0,0,0,0,0,0,0,0,0,0,0,0,0,0,0,0,0,0,0,0,0,0,0,0,0,0,0,0,0,2,1,1,0,0,0.5,,,,,,,,3480.0,3092.0,4474.0,4522.0,4486.0,3879.0,5168.0,5080.0,5476.0,5714.0,,,3480.0,4474.0,4522.0,4486.0,5080.0,5476.0,5714.0,,3142.3333333333335,257.6254818314541,3480.0,2855.0,3487.714285714286,520.4225520219711,4474.0,2855.0,3705.1428571428573,470.4755735488533,4522.0,2855.0,3734.0714285714284,386.6076756842254,4522.0,2855.0,3301.5753424657532,3402.237643005036,3564.725846893237,3731.9556553538814,4494.0,4459.285714285715,,,,,224.0,15.535714285714286,19.973214285714285,0.9340245232128852,-246.35714285714266,-0.6571815423006492,1.203512060753295,,0.0,0.0,0.0,0.0,4552.0,46,-0.6631226582407955,0.7485107481711007,0
2015-11-22,18,6,22,4,11,4,2015,326,1,0,0,1,0,0,-0.7818314824680299,0.6234898018587334,-0.5000000000000004,0.8660254037844384,-0.622046748440868,0.7829801036770624,0,0,0,0,0,0,0,0,0,0,0,0,0,0,0,0,0,0,0,0,0,0,0,0,0,0,0,0,0,0,0,0,0,0,0,0,0,0,0,0,0,0,0,40,366,0,0,0,0,0,0,0,0,0,0,0,0,0,0,0,0,0,0,0,0,0,0,0,0,0,0,0,0,0,0,0,0,0,0,0,2,2,0,1,0,1.0,,,,,,,,,,,3710.0,3981.0,4023.0,3534.0,3094.0,4511.0,5010.0,,,2855.0,2855.0,3710.0,3981.0,3094.0,4511.0,5010.0,,3192.6666666666665,371.45330198499454,3710.0,2855.0,3604.285714285714,498.90385970093456,4474.0,2855.0,3739.3571428571427,440.82416435303435,4522.0,2855.0,3756.535714285714,369.4079705752026,4522.0,2855.0,3156.702544031311,3471.9325773861387,3652.983765250235,3799.7342576959604,3845.5,3934.6666666666665,,,,,226.0,12.632743362831858,12.632743362831858,0.9594706368899917,-152.25,-2.4404879864447406,1.0236825342498312,,0.0,0.0,0.0,0.0,4008.0,47,-0.5680647467311559,0.8229838658936564,0
2015-11-30,27,0,30,5,11,4,2015,334,0,0,0,0,0,1,0.0,1.0,-0.5000000000000004,0.8660254037844384,-0.5086709438521042,0.8609610158889945,0,0,0,0,0,0,0,0,0,0,0,0,0,0,0,0,0,0,0,0,0,0,0,0,0,0,0,0,0,0,0,0,0,0,0,0,0,0,0,0,0,0,0,32,366,0,0,0,0,0,0,0,0,0,0,0,0,0,0,0,0,0,0,0,0,0,0,0,0,0,0,0,0,0,0,0,0,0,0,0,0,0,0,0,1,0.0,,,,,,,,,,,,3013.0,3793.0,3460.0,4768.0,3273.0,3959.0,,,3013.0,3013.0,3013.0,3013.0,4768.0,3273.0,3959.0,,3732.3333333333335,596.6597764965298,4474.0,3013.0,3731.1428571428573,394.1534975004493,4474.0,3013.0,3805.5,366.34892618142845,4522.0,3013.0,3822.6071428571427,367.69206247364446,4705.0,3013.0,3460.6086105675145,3678.1743790517853,3776.228028486169,3869.950862479721,3013.0,3718.4,,,,,226.0,13.331858407079647,13.331858407079647,0.9760727999775771,-91.46428571428532,-2.201861898814239,0.788205506712883,,0.0,0.0,0.0,0.0,3264.0,49,-0.35460488704253595,0.9350162426854147,0
2015-12-09,9,2,9,2,12,4,2015,343,0,0,0,0,0,0,0.9749279121818236,-0.22252093395631434,-2.4492935982947064e-16,1.0,-0.3697245428906732,0.9291414114031743,0,0,0,0,0,0,0,0,0,0,0,0,0,0,0,0,0,0,0,0,0,0,0,0,0,0,0,0,0,0,0,0,0,0,0,0,0,0,0,0,0,0,0,23,366,0,0,0,0,0,0,0,0,0,0,0,0,0,0,0,0,0,0,0,0,0,0,0,0,0,0,0,0,0,0,0,0,0,0,0,0,0,0,0,1,0.0,,,,,,,,,4138.0,3759.0,3606.0,3554.0,3092.0,3775.0,3840.0,4249.0,4524.0,,,4138.0,3759.0,3606.0,3554.0,3840.0,4249.0,4524.0,,4177.0,208.00160255792903,4449.0,3944.0,3896.8571428571427,294.2634526947523,4449.0,3470.0,3824.4285714285716,348.8070924667416,4449.0,3306.0,3761.1071428571427,449.465026391353,4733.0,2855.0,4143.573385518591,4016.543343455598,3919.014326042844,3860.4823425900586,3639.6666666666665,3594.4285714285716,,,,,226.0,18.309734513274336,16.63274336283186,1.03609309568801,135.75,0.8385365601609536,0.9677115084527416,,0.0,0.0,0.0,0.0,3539.0,50,-0.2393156642875578,0.970941817426052,0
2015-12-17,19,3,17,3,12,4,2015,351,0,0,0,0,0,0,0.43388373911755823,-0.900968867902419,-2.4492935982947064e-16,1.0,-0.23867276600594997,0.9711000518829505,0,0,0,0,0,0,0,0,0,0,0,0,0,0,0,0,0,0,0,0,0,0,0,0,0,0,0,0,0,0,0,0,0,0,0,0,0,0,0,0,0,0,0,15,366,0,0,0,0,0,0,0,0,0,0,0,0,0,0,0,0,0,0,0,0,0,0,0,0,0,0,0,0,0,0,0,0,0,0,0,0,0,0,0,1,0.0,,,,,,,,,,,3730.0,3579.0,3734.0,3480.0,3516.0,4043.0,3992.0,,,3944.0,3944.0,3730.0,3579.0,3516.0,4043.0,3992.0,,3811.0,94.78748159259568,3944.0,3730.0,3877.8571428571427,281.4525733057137,4446.0,3470.0,3788.0,360.0944320591475,4552.0,3306.0,3746.714285714286,445.0645905887351,4733.0,2855.0,3846.9843444227004,3818.5046919455076,3798.568662791083,3794.8434117427987,3654.5,3608.6666666666665,,,,,226.0,17.451327433628318,17.451327433628318,1.0350020970755327,131.14285714285688,0.44327434367389923,0.9753879589735769,,0.0,0.0,0.0,0.0,3708.0,51,-0.12053668025532363,0.992708874098054,0
2015-12-26,1,5,26,4,12,4,2015,360,1,0,1,0,0,0,-0.9749279121818236,-0.2225209339563146,-2.4492935982947064e-16,1.0,-0.0859647987374467,0.9962981749346077,0,0,0,0,0,0,0,0,0,0,0,0,0,0,0,0,0,0,0,0,0,0,0,0,0,0,0,0,0,0,0,0,0,0,0,0,0,0,0,0,0,0,0,6,366,0,0,0,0,0,0,0,0,0,0,0,0,0,0,0,0,0,0,0,0,0,0,0,0,0,0,0,0,0,0,0,0,0,0,0,2,1,1,0,0,0.5,4142.0,3834.0,3436.0,3310.0,3914.0,4368.0,4128.0,3708.0,3860.0,4352.0,4059.0,4449.0,4446.0,4552.0,4474.0,3606.0,5010.0,,,4368.0,4352.0,4059.0,4449.0,4474.0,3606.0,5010.0,,3804.0,289.00288349195876,4142.0,3436.0,3876.0,357.26900629237747,4368.0,3310.0,3870.5,329.5999198162177,4368.0,3310.0,3794.714285714286,340.1901629071239,4449.0,3264.0,3918.3639921722115,3842.525210023675,3825.1963229014777,3807.8918705226665,4307.0,4429.125,,,,,231.0,18.90909090909091,18.83982683982684,1.0214207732560328,81.28571428571422,1.6851919214437374,1.1349998117682492,,0.0,0.0,0.0,0.0,4816.0,52,6.432490598706546e-16,1.0,0
2016-01-03,11,6,3,1,1,1,2016,3,1,0,0,1,1,0,-0.7818314824680299,0.6234898018587334,0.49999999999999994,0.8660254037844387,0.051619667223253764,0.998666816288476,0,0,0,0,0,0,0,0,0,0,0,0,0,0,0,0,0,0,0,0,0,0,0,0,0,0,0,0,0,0,0,0,0,0,0,0,0,0,0,0,0,0,0,36,2,0,0,0,0,0,0,0,0,0,0,0,0,0,0,0,0,0,0,0,0,0,0,0,0,0,0,0,0,0,0,0,0,0,0,0,3,3,0,1,0,1.0,,,,,,,,,,3914.0,4054.0,3800.0,4138.0,4008.0,4014.0,5266.0,4350.0,5347.0,,3436.0,3914.0,4054.0,3800.0,4014.0,5266.0,4350.0,5347.0,3553.3333333333335,260.16575912718076,3914.0,3310.0,3817.714285714286,343.4421200084788,4368.0,3310.0,3829.5714285714284,330.83697199801645,4368.0,3310.0,3777.3214285714284,333.5557410658063,4449.0,3264.0,3552.4755381604696,3711.3391034107885,3767.3204871866005,3779.593526808667,3922.6666666666665,3921.8571428571427,,,,,231.0,14.874458874458874,16.943722943722943,1.010693518649837,40.39285714285734,-1.0232815285409527,1.0384783876203534,-1911.0,0.0,0.0,0.0,0.0,3696.0,53,0.12053668025532314,0.992708874098054,0
2016-01-11,20,0,11,2,1,1,2016,11,0,0,0,0,0,0,0.0,1.0,0.49999999999999994,0.8660254037844387,0.1882267098432442,0.9821256058680006,0,0,0,0,0,0,0,0,0,0,0,0,0,0,0,0,0,0,0,0,0,0,0,0,0,0,0,0,0,0,0,0,0,0,0,0,0,0,0,0,0,0,0,28,10,0,0,0,0,0,0,0,0,0,0,0,0,0,0,0,0,0,0,0,0,0,0,0,0,0,0,0,0,0,0,0,0,0,0,0,0,0,0,0,1,0.0,,,,,,,,,,,3310.0,3407.0,3629.0,3264.0,3306.0,3558.0,3995.0,5560.0,,3310.0,3310.0,3310.0,3407.0,3306.0,3558.0,3995.0,5560.0,3864.0,433.3712803897677,4368.0,3310.0,3840.285714285714,322.1453595088112,4368.0,3310.0,3829.9285714285716,330.4143425384286,4368.0,3310.0,3789.8928571428573,327.02406413046754,4449.0,3264.0,3670.160469667319,3803.0075475151334,3818.2724366876614,3805.169377962408,3358.5,3397.6666666666665,,,,,229.0,14.45414847161572,14.45414847161572,1.0132966442700038,50.39285714285688,-1.4674542634006353,0.886172809257706,-2250.0,0.0,0.0,0.0,0.0,3606.0,2,0.23931566428755774,0.970941817426052,0
2016-01-20,2,2,20,3,1,1,2016,20,0,0,0,0,0,0,0.9749279121818236,-0.22252093395631434,0.49999999999999994,0.8660254037844387,0.3375228995941133,0.9413173175128471,0,0,0,0,0,0,0,0,0,0,0,0,0,0,0,0,0,0,0,0,0,0,0,0,0,0,0,0,0,0,0,0,0,0,0,0,0,0,0,0,0,0,0,19,19,0,0,0,0,0,0,0,0,0,0,0,0,0,0,0,0,0,0,0,0,0,0,0,0,0,0,0,0,0,0,0,0,0,0,0,0,0,0,0,1,0.0,,3847.0,4742.0,4387.0,4037.0,3808.0,3823.0,3606.0,4053.0,3695.0,3946.0,3834.0,3860.0,3539.0,3759.0,3535.0,4343.0,4769.0,,3808.0,3695.0,3946.0,3834.0,3759.0,3535.0,4343.0,4769.0,4325.333333333333,367.97493876017637,4742.0,3847.0,4035.714285714286,366.3744042392053,4742.0,3606.0,3962.3571428571427,372.82945299480855,4742.0,3484.0,4022.5714285714284,443.60587627914464,4886.0,3310.0,4149.61252446184,4124.4776822222175,4071.315547059149,4019.480104854994,3820.75,3722.75,0.644064958982086,,,,231.0,16.484848484848484,15.995670995670995,1.0032672775055047,13.142857142857338,-0.4836983458632244,0.9498277576532425,-961.0,0.0,0.0,0.0,0.0,3366.0,3,0.3546048870425356,0.9350162426854148,0
2016-01-28,12,3,28,4,1,1,2016,28,0,0,0,0,0,1,0.43388373911755823,-0.900968867902419,0.49999999999999994,0.8660254037844387,0.4635502709028509,0.886070621534138,0,0,0,0,0,0,0,0,0,0,0,0,0,0,0,0,0,0,0,0,0,0,0,0,0,0,0,0,0,0,0,0,0,0,0,0,0,0,0,0,0,0,0,11,27,0,0,0,0,0,0,0,0,0,0,0,0,0,0,0,0,0,0,0,0,0,0,0,0,0,0,0,0,0,0,0,0,0,0,0,0,0,0,0,1,0.0,,,,,,,,,,4037.0,3738.0,4070.0,4142.0,3708.0,3636.0,3613.0,4064.0,5009.0,,4387.0,4037.0,3738.0,4070.0,3636.0,3613.0,4064.0,5009.0,4077.3333333333335,238.09008565853577,4387.0,3808.0,4052.0,334.0119758332027,4650.0,3606.0,3957.285714285714,390.4618928857442,4822.0,3484.0,4011.6071428571427,426.33624718438534,4886.0,3310.0,4161.115459882583,4042.316876250274,4007.6736895257377,3979.668842603626,3948.3333333333335,3885.0,0.8513487288957888,,,,231.0,18.99134199134199,17.476190476190474,1.0100689962163365,40.39285714285734,0.880508893208192,0.984227316566511,-622.0,0.0,0.0,0.0,0.0,3300.0,4,0.4647231720437685,0.8854560256532099,0
2016-02-05,22,4,5,1,2,1,2016,36,0,1,0,0,0,0,-0.433883739117558,-0.9009688679024191,0.8660254037844386,0.5000000000000001,0.5808002734538009,0.8140460935082178,1,0,0,0,0,0,0,0,0,0,0,0,0,1,0,0,0,0,0,0,0,0,0,0,0,0,0,0,0,0,0,0,0,0,0,0,0,0,0,0,0,0,0,3,35,0,0,0,0,1,0,0,0,0,0,0,0,0,0,0,0,0,0,0,0,0,0,0,0,0,0,0,0,0,0,0,0,1,0,0,0,0,0,0,1,0.0,,,,,,,,,,,,4008.0,4886.0,4585.0,4080.0,4008.0,4667.0,4844.0,,3808.0,3808.0,3808.0,4008.0,4080.0,4008.0,4667.0,4844.0,3745.6666666666665,98.94892060497118,3823.0,3606.0,3955.1428571428573,316.9859972443256,4650.0,3606.0,3995.285714285714,447.08874615536405,4886.0,3484.0,3990.6071428571427,424.31308683950033,4886.0,3310.0,3829.8884540117415,3891.189910639547,3935.3589537431417,3942.8485425370127,4008.0,4337.4,0.7097856477166822,,,,231.0,16.484848484848484,16.484848484848484,0.991113060132275,-35.464285714285325,-0.4303594409903629,1.0043584488575852,-1036.0,3990.6071428571427,0.0,0.0,0.0,2491.0,5,0.5680647467311558,0.8229838658936564,0
2016-02-14,3,6,14,2,2,1,2016,45,1,0,0,1,0,0,-0.7818314824680299,0.6234898018587334,0.8660254037844386,0.5000000000000001,0.699458327051647,0.7146733860429609,1,0,0,0,0,0,0,0,0,0,0,0,0,0,0,0,0,0,0,0,0,0,1,0,0,0,0,0,0,0,0,0,0,0,0,0,0,0,0,0,0,0,0,42,6,0,0,0,0,0,0,1,0,0,0,0,0,0,0,0,0,0,0,0,0,0,0,0,0,0,0,0,0,0,0,0,0,0,0,1,0,0,0,0,1,0.0,,,3989.0,3225.0,2755.0,1861.0,2062.0,2491.0,2813.0,3521.0,3572.0,3847.0,4053.0,3696.0,3914.0,3525.0,4968.0,4680.0,,1861.0,3521.0,3572.0,3847.0,3914.0,3525.0,4968.0,4680.0,3323.0,508.5220414757522,3989.0,2755.0,2742.285714285714,664.945693654906,3989.0,1861.0,3026.8571428571427,581.7795185147595,3989.0,1861.0,3382.1785714285716,630.074771842394,4742.0,1861.0,3411.375733855186,3053.2801485918544,3064.150169875505,3270.844586071911,3200.25,3574.0,0.7935150188979511,,,,237.0,7.852320675105485,14.856540084388186,0.8108045321591113,-639.8928571428573,-2.414282620744379,0.946209649317325,-2819.0,3382.1785714285716,0.0,0.0,0.0,4315.0,6,0.6631226582407952,0.7485107481711011,0
2016-02-22,13,0,22,4,2,1,2016,53,0,0,0,0,0,0,0.0,1.0,0.8660254037844386,0.5000000000000001,0.7909456567567772,0.6118864012687243,0,0,0,0,0,0,0,0,0,0,0,0,0,0,0,0,0,0,0,0,0,0,0,0,0,0,0,0,0,0,0,0,0,0,0,0,0,0,0,0,0,0,0,34,14,0,0,0,0,0,0,0,0,0,0,0,0,0,0,0,0,0,0,0,0,0,0,0,0,0,0,0,0,0,0,0,0,0,0,0,0,0,0,0,1,0.0,,,,,,,,,,2755.0,2938.0,3016.0,3630.0,3606.0,3739.0,3470.0,3794.0,5839.0,,2755.0,2755.0,2938.0,3016.0,3739.0,3470.0,3794.0,5839.0,2226.0,382.954305368147,2755.0,1861.0,2590.285714285714,442.49768822179476,3115.0,1861.0,3001.8571428571427,540.7090394159528,3660.0,1861.0,3397.0714285714284,629.4083916420147,4742.0,1861.0,2438.968688845401,2579.6897470376803,2875.409019230496,3217.0481407972566,2903.0,3309.714285714286,0.5034722222222222,,,,229.0,12.030567685589519,12.030567685589519,0.7625055194600391,-806.7857142857142,-1.020118951538568,0.8545595996551651,-3084.0,0.0,0.0,0.0,0.0,2625.0,8,0.8229838658936564,0.5680647467311559,0
2016-03-01,23,1,1,1,3,1,2016,61,0,0,0,0,1,0,0.7818314824680298,0.6234898018587336,1.0,6.123233995736766e-17,0.8674563547295969,0.49751328890718066,0,0,0,0,0,0,0,0,0,0,0,0,0,0,0,0,0,0,0,0,0,0,0,0,0,0,0,0,0,0,0,0,0,0,0,0,0,0,0,0,0,0,0,26,22,0,0,0,0,0,0,0,0,0,0,0,0,0,0,0,0,0,0,0,0,0,0,0,0,0,0,0,0,0,0,0,0,0,0,0,0,0,0,0,1,0.0,,,,,,,,,,,,3115.0,3436.0,3458.0,3595.0,3296.0,3277.0,4767.0,,2062.0,2062.0,2062.0,3115.0,3595.0,3296.0,3277.0,4767.0,2455.3333333333335,307.6300086503627,2813.0,2062.0,2853.5714285714284,433.18417631793164,3521.0,2062.0,3142.714285714286,445.46339092349797,3660.0,2062.0,3505.75,549.7970810736838,4742.0,2062.0,2391.7455968688846,2743.8427304817274,3054.1337609241646,3354.671343942294,3115.0,3485.4,0.38744832769635473,,,,229.0,9.004366812227074,9.004366812227074,0.8139688878475158,-652.1785714285716,-2.6259688341388423,0.8885402552948727,-2705.0,0.0,0.0,0.0,0.0,3790.0,9,0.8854560256532099,0.4647231720437686,0
2016-03-10,5,3,10,2,3,1,2016,70,0,0,0,0,0,0,0.43388373911755823,-0.900968867902419,1.0,6.123233995736766e-17,0.9338372288229252,0.35769823883312546,0,0,0,0,0,0,0,0,0,0,0,0,0,0,0,0,0,0,0,0,0,0,0,0,0,0,0,0,0,0,0,0,0,0,0,0,0,0,0,0,0,0,0,17,31,0,0,0,0,0,0,0,0,0,0,0,0,0,0,0,0,0,0,0,0,0,0,0,0,0,0,0,0,0,0,0,0,0,0,0,0,0,0,0,1,0.0,,,,,4154.0,4116.0,4035.0,3790.0,3918.0,3507.0,4069.0,4848.0,2813.0,3300.0,4037.0,3864.0,4205.0,5628.0,,4116.0,3507.0,4069.0,4848.0,4037.0,3864.0,4205.0,5628.0,4101.666666666667,49.62750133634464,4154.0,4035.0,4117.142857142857,223.0672086879574,4525.0,3790.0,3761.8571428571427,578.717406628394,4525.0,2625.0,3769.0,791.3822446472104,5070.0,1861.0,4103.160469667319,4019.3799480956395,3914.828008575468,3806.907794188779,4135.0,3755.625,1.0121832358674463,,,,231.0,17.818181818181817,15.181818181818182,1.092370086798317,348.1428571428569,0.438473319747891,1.097107986203237,-1512.0,0.0,0.0,0.0,0.0,3538.0,10,0.9350162426854148,0.35460488704253557,0
2016-03-18,14,4,18,3,3,1,2016,78,0,1,0,0,0,0,-0.433883739117558,-0.9009688679024191,1.0,6.123233995736766e-17,0.9741004551724205,0.22611568550828828,0,0,0,0,0,0,0,0,0,0,0,0,0,0,0,0,0,0,0,0,0,0,0,0,0,0,0,0,0,0,0,0,0,0,0,0,0,0,0,0,0,0,0,9,39,0,0,0,0,0,0,0,0,0,0,0,0,0,0,0,0,0,0,0,0,0,0,0,0,0,0,0,0,0,0,0,0,0,0,0,0,0,0,0,1,0.0,,,,,,,,,,,4186.0,3999.0,5070.0,2491.0,3893.0,4128.0,4483.0,4570.0,,4116.0,4116.0,4186.0,3999.0,3893.0,4128.0,4483.0,4570.0,3980.3333333333335,138.58892051274836,4116.0,3790.0,4121.714285714285,224.10119798603378,4525.0,3790.0,3750.785714285714,572.5593142787452,4525.0,2625.0,3709.6071428571427,822.0682253267285,5070.0,1861.0,4050.289628180039,3975.2345363311956,3877.9335573957546,3781.1836742435426,4092.5,3883.1666666666665,0.9042179261862917,,,,231.0,17.818181818181817,17.818181818181817,1.1110918560879568,412.10714285714266,0.494354172345413,1.1032165516179033,-454.0,0.0,0.0,0.0,0.0,3767.0,11,0.970941817426052,0.23931566428755804,0
2016-03-26,24,5,26,4,3,1,2016,86,1,0,1,0,0,0,-0.9749279121818236,-0.2225209339563146,1.0,6.123233995736766e-17,0.995918996147179,0.09025161003104117,0,0,0,0,1,0,0,0,0,0,0,0,0,0,0,0,0,0,0,0,0,0,0,0,0,0,0,0,0,0,0,0,0,0,0,0,0,0,0,0,0,0,0,1,47,0,0,0,0,0,0,0,0,0,0,0,0,0,0,0,0,0,0,0,0,0,0,0,0,0,0,0,0,0,0,0,0,0,1,0,2,1,1,0,0,0.5,,,,,,,,,,,,4525.0,4341.0,5007.0,3611.0,4816.0,3606.0,4885.0,,3790.0,3790.0,3790.0,4525.0,3611.0,4816.0,3606.0,4885.0,3996.6666666666665,208.4183826398771,4282.0,3790.0,3903.4285714285716,447.18032704710885,4525.0,3116.0,3725.3571428571427,564.9400230040679,4525.0,2625.0,3627.3571428571427,839.2350774998162,5070.0,1861.0,3926.2446183953034,3893.489351384616,3810.9237732318184,3735.6033712613403,4525.0,3909.2,0.7950492972519404,5491.0,,,229.0,16.550218340611355,16.550218340611355,1.076108146426954,276.0714285714289,0.19379892655034187,1.2474647027548589,-1095.0,0.0,0.0,0.0,0.0,4709.0,12,0.992708874098054,0.120536680255323,0
2016-04-04,6,0,4,1,4,2,2016,95,0,0,0,0,0,0,0.0,1.0,0.8660254037844387,-0.4999999999999998,0.9979171608653922,-0.06450844944931623,0,0,0,1,0,0,0,0,0,0,0,0,0,0,0,0,0,0,0,0,0,0,0,0,0,0,0,0,0,0,0,0,0,0,0,0,0,0,0,0,0,0,0,0,0,0,0,0,0,0,0,0,0,0,0,0,0,0,0,0,0,0,0,0,0,0,0,0,0,0,0,0,0,1,0,0,0,0,0,0,3,3,0,1,0,1.0,,,,,,3238.0,3978.0,4709.0,4352.0,3190.0,3164.0,3417.0,3918.0,2625.0,2755.0,3484.0,4768.0,4937.0,,3238.0,3190.0,3164.0,3417.0,2755.0,3484.0,4768.0,4937.0,3975.0,600.5369819308938,4709.0,3238.0,3848.4285714285716,496.65448097181985,4709.0,3238.0,3758.1428571428573,439.1990855349017,4709.0,3190.0,3805.5714285714284,427.62261638133253,4709.0,3164.0,3699.751467710372,3822.3151437150323,3807.595905961822,3786.3849372128952,3252.25,3277.5,0.6579963422068685,4606.0,,,231.0,14.017316017316018,13.80952380952381,1.011261683997147,42.85714285714312,-1.327271773823339,0.8546022748601675,-1699.0,0.0,0.0,0.0,0.0,3379.0,14,0.992708874098054,-0.12053668025532288,0
2016-04-12,16,1,12,2,4,2,2016,103,0,0,0,0,0,0,0.7818314824680298,0.6234898018587336,0.8660254037844387,-0.4999999999999998,0.9796136916454901,-0.20089055513063506,0,0,0,0,0,0,0,0,0,0,0,0,0,0,0,0,0,0,0,0,0,0,0,0,0,0,0,0,0,0,0,0,0,0,0,0,0,0,0,0,0,0,0,19,8,0,0,0,0,0,0,0,0,0,0,0,0,0,0,0,0,0,0,0,0,0,0,0,0,0,0,0,0,0,0,0,0,0,0,0,0,0,0,0,1,0.0,,,,,,,,,,,3320.0,3588.0,3505.0,3790.0,4027.0,3823.0,3607.0,4468.0,,4709.0,4709.0,3320.0,3588.0,4027.0,3823.0,3607.0,4468.0,4251.0,421.28612604736935,4709.0,3692.0,3828.8571428571427,502.81221390194924,4709.0,3190.0,3739.8571428571427,441.7023653908101,4709.0,3164.0,3840.714285714286,421.446730843621,4709.0,3164.0,4348.949119373777,4030.304683106645,3882.913817519505,3815.8180422199216,3454.0,3504.8333333333335,0.963971340839304,,,,231.0,20.385281385281385,20.385281385281385,0.9969127766412497,-11.857142857143117,2.060250206586355,0.899311883950158,241.0,0.0,0.0,0.0,0.0,3403.0,15,0.9709418174260521,-0.2393156642875575,0
2016-04-20,25,2,20,3,4,2,2016,111,0,0,0,0,0,0,0.9749279121818236,-0.22252093395631434,0.8660254037844387,-0.4999999999999998,0.9427611433904207,-0.3334687789181868,0,0,0,0,0,0,0,0,0,0,0,0,0,0,0,0,0,0,0,0,0,0,0,0,0,0,0,0,0,0,0,0,0,0,0,0,0,0,0,0,0,0,0,11,16,0,0,0,0,0,0,0,0,0,0,0,0,0,0,0,0,0,0,0,0,0,0,0,0,0,0,0,0,0,0,0,0,0,0,0,0,0,0,0,1,0.0,,,,,,,,,,,,3650.0,3457.0,3330.0,3116.0,3366.0,3535.0,4626.0,,4352.0,4352.0,4352.0,3650.0,3116.0,3366.0,3535.0,4626.0,3898.0,321.48405870276054,4352.0,3650.0,3777.714285714286,422.4779670622614,4352.0,3190.0,3724.3571428571427,410.0985259915088,4492.0,3164.0,3834.1428571428573,409.1106830924954,4587.0,3164.0,3986.4011741682975,3803.9759582518936,3755.936396277648,3749.6771621839453,3650.0,3517.6,0.9214482320558967,,,,229.0,19.004366812227076,19.004366812227076,0.9852826111256008,-56.42857142857156,1.2658118310248596,0.9519728752934162,-274.0,0.0,0.0,0.0,0.0,3695.0,16,0.9350162426854148,-0.35460488704253545,0
2016-04-29,7,4,29,5,4,2,2016,120,0,1,0,0,0,1,-0.433883739117558,-0.9009688679024191,0.8660254037844387,-0.4999999999999998,0.8800122039735357,-0.47495107206704995,0,0,0,0,0,0,0,0,0,0,0,0,0,0,0,0,0,0,0,0,0,0,0,0,0,0,0,0,0,0,0,0,0,0,0,0,0,0,0,0,0,0,0,2,25,0,0,0,0,0,0,0,0,0,0,0,0,0,0,0,0,0,0,0,0,0,0,0,0,0,0,0,0,0,0,0,0,0,0,0,0,0,0,0,1,0.0,,,,,,,3539.0,3695.0,3632.0,4047.0,3869.0,3846.0,4352.0,3767.0,4154.0,3660.0,3790.0,5090.0,,3539.0,4047.0,3869.0,3846.0,4154.0,3660.0,3790.0,5090.0,3622.0,64.07807737440318,3695.0,3539.0,3893.714285714286,334.377765103959,4548.0,3539.0,3842.785714285714,363.1184731051342,4565.0,3331.0,3737.25,510.63899919610526,4709.0,2694.0,3636.4872798434444,3735.444866048562,3752.145556050106,3739.220370210431,3920.6666666666665,4010.8571428571427,0.7547451482192366,,,,229.0,15.45414847161572,17.67248908296943,1.0418661544489358,156.46428571428578,-0.38823905011584176,1.049077976230294,-1551.0,0.0,0.0,0.0,0.0,4125.0,17,0.8854560256532099,-0.4647231720437685,0
2016-05-07,17,5,7,1,5,2,2016,128,1,0,1,0,0,0,-0.9749279121818236,-0.2225209339563146,0.49999999999999994,-0.8660254037844387,0.8064799463209448,-0.5912614448635781,0,0,0,0,0,0,0,0,0,0,0,0,0,0,0,0,0,0,0,0,0,0,0,0,0,0,0,0,0,0,0,0,0,0,0,0,0,0,0,0,0,0,0,33,6,0,0,0,0,0,0,0,0,0,0,0,0,0,0,0,0,0,0,0,0,0,0,0,0,0,0,0,0,0,0,0,0,0,0,0,2,1,1,0,0,0.5,,,,,,,,,,,4548.0,4565.0,4241.0,4709.0,4492.0,2062.0,4733.0,4729.0,,3632.0,3632.0,4548.0,4565.0,4492.0,2062.0,4733.0,4729.0,3809.0,219.26696057545925,4118.0,3632.0,3864.5714285714284,371.476919930184,4548.0,3331.0,3763.285714285714,457.121651293868,4565.0,2890.0,3741.1071428571427,509.5241715341393,4709.0,2694.0,3772.3972602739727,3835.748700350954,3798.6351197806143,3758.3295441242108,4556.5,4484.333333333333,0.800705467372134,5039.0,,,231.0,15.722943722943723,15.722943722943723,1.033002071579269,123.46428571428578,-0.21413536187817975,1.2179549598571853,-1097.0,0.0,0.0,0.0,0.0,4074.0,18,0.8229838658936565,-0.5680647467311557,0
2016-05-15,27,6,15,3,5,2,2016,136,1,0,0,1,0,0,-0.7818314824680299,0.6234898018587334,0.49999999999999994,-0.8660254037844387,0.717676913675962,-0.6963762255968722,0,0,0,0,0,0,0,0,0,0,0,0,0,0,0,0,0,0,0,0,0,0,0,0,0,0,0,0,0,0,0,0,0,0,0,0,0,0,0,0,0,0,0,25,14,0,0,0,0,0,0,0,0,0,0,0,0,0,0,0,0,0,0,0,0,0,0,0,0,0,0,0,0,0,0,0,0,0,0,0,2,2,0,1,0,1.0,,,,,,,,,,,,4118.0,3991.0,4469.0,3889.0,4315.0,3525.0,5714.0,,4118.0,4118.0,4118.0,4118.0,3889.0,4315.0,3525.0,5714.0,4237.666666666667,221.344879216926,4548.0,4047.0,3833.0,399.107933843895,4548.0,3331.0,3675.0,540.0190472831226,4565.0,2694.0,3712.5714285714284,524.7942745612274,4709.0,2694.0,4151.731898238748,3978.353961164741,3846.7745831955285,3774.244856806192,4118.0,4089.0,0.7123335063137866,4857.0,,,231.0,17.826839826839826,17.826839826839826,1.0324380483299984,120.42857142857156,0.7725476269106485,1.1092042481145143,-1596.0,0.0,0.0,0.0,0.0,3982.0,19,0.7485107481711013,-0.663122658240795,0
2016-05-24,8,1,24,4,5,2,2016,145,0,0,0,0,0,0,0.7818314824680298,0.6234898018587336,0.49999999999999994,-0.8660254037844387,0.6016240632249226,-0.7987793728863649,0,0,0,0,0,0,0,0,0,0,0,0,0,0,0,0,0,0,0,0,0,0,0,0,0,0,0,0,0,0,0,0,0,0,0,0,0,0,0,0,0,0,0,16,23,0,0,0,0,0,0,0,0,0,0,0,0,0,0,0,0,0,0,0,0,0,0,0,0,0,0,0,0,0,0,0,0,0,0,0,0,0,0,0,1,0.0,,,,,,,,3982.0,4779.0,3314.0,3642.0,3403.0,3632.0,3403.0,3144.0,2799.0,3788.0,4404.0,,3982.0,3314.0,3642.0,3403.0,3144.0,2799.0,3788.0,4404.0,4269.333333333333,361.3643898092647,4779.0,3982.0,3775.0,511.6982928026464,4779.0,3123.0,3771.0,416.67990455161487,4779.0,3123.0,3860.214285714286,467.3616187205163,5237.0,3123.0,4134.7945205479455,3967.5437705019667,3885.5280178167777,3854.988586642623,3453.0,3318.8571428571427,0.6968848442422121,,,,229.0,17.388646288209607,14.471615720524017,0.9779249856595673,-85.21428571428578,0.26058133446885046,0.8945099272801288,-422.0,0.0,0.0,0.0,0.0,3330.0,21,0.5680647467311558,-0.8229838658936564,0
2016-06-01,18,2,1,1,6,2,2016,153,0,0,0,0,1,0,0.9749279121818236,-0.22252093395631434,1.2246467991473532e-16,-1.0,0.48627270710868997,-0.8738071036110808,0,0,0,0,0,0,0,0,0,0,0,0,0,0,0,0,0,0,0,0,0,0,0,0,0,0,0,0,0,0,0,0,0,0,0,0,0,0,0,0,0,0,0,8,31,0,0,0,0,0,0,0,0,0,0,0,0,0,0,0,0,0,0,0,0,0,0,0,0,0,0,0,0,0,0,0,0,0,0,0,0,0,0,0,1,0.0,,,,,,,,,,,3559.0,3488.0,3620.0,3695.0,2890.0,4035.0,3341.0,3744.0,,4047.0,4047.0,3559.0,3488.0,2890.0,4035.0,3341.0,3744.0,3742.3333333333335,216.91370531977816,4047.0,3559.0,3596.4285714285716,330.0241796954785,4074.0,3123.0,3853.714285714286,551.1947320621463,5237.0,3123.0,3856.8214285714284,454.97779016213127,5237.0,3123.0,3793.3228962818002,3690.2932411388,3730.954638140602,3776.21771105106,3523.5,3430.5,0.8471844253715721,,,,231.0,17.51948051948052,17.51948051948052,0.9324851145002825,-260.3928571428569,0.417995285793624,0.9135761313442787,303.0,0.0,0.0,0.0,0.0,3314.0,22,0.46472317204376906,-0.8854560256532096,0
2016-06-09,28,3,9,2,6,2,2016,161,0,0,0,0,0,0,0.43388373911755823,-0.900968867902419,1.2246467991473532e-16,-1.0,0.36171373072976765,-0.9322892131745133,0,0,1,0,0,0,0,0,0,0,0,0,0,0,0,0,0,0,0,0,0,0,0,0,0,0,0,0,0,0,0,0,0,0,0,0,0,0,0,0,0,1,0,0,0,0,0,0,0,0,0,0,0,0,0,0,0,0,0,0,0,0,0,0,0,0,0,0,0,0,0,0,0,0,0,0,1,0,0,0,3,1,1,0,0,0.3333333333333333,,,,,,,,,,,,,3602.0,3743.0,3699.0,3538.0,3864.0,4524.0,,3559.0,3559.0,3559.0,3559.0,3699.0,3538.0,3864.0,4524.0,3332.0,178.45074016844723,3559.0,3123.0,3564.285714285714,295.5400452854857,4074.0,3123.0,3868.0,550.6424818856086,5237.0,3123.0,3859.6071428571427,453.76255112792467,5237.0,3123.0,3456.1448140900197,3554.7810093537587,3691.5909512262124,3766.2443841003615,,3645.75,0.7865193370165746,,,,231.0,15.406926406926408,15.406926406926408,0.9234840703624536,-295.32142857142844,-0.6624767559815564,,-965.0,0.0,0.0,0.0,0.0,4148.0,23,0.35460488704253584,-0.9350162426854147,0
2016-06-18,10,5,18,3,6,2,2016,170,1,0,1,0,0,0,-0.9749279121818236,-0.2225209339563146,1.2246467991473532e-16,-1.0,0.21352091543979612,-0.9769384927771817,0,0,0,0,0,0,0,0,0,0,0,0,0,0,0,0,0,0,0,0,0,0,0,0,0,0,0,0,0,0,0,0,0,0,0,0,0,0,0,0,0,0,0,89,9,0,0,0,0,0,0,0,0,0,0,0,0,0,0,0,0,0,0,0,0,0,0,0,0,0,0,0,0,0,0,0,0,0,0,0,2,1,1,0,0,0.5,,,,,,,,,,4109.0,4714.0,4444.0,4779.0,4074.0,4411.0,4351.0,4368.0,3891.0,,3232.0,4109.0,4714.0,4444.0,4411.0,4351.0,4368.0,3891.0,3543.3333333333335,227.03939941976788,3767.0,3232.0,3629.4285714285716,281.25172108316934,4109.0,3232.0,3752.0714285714284,368.32099049716993,4714.0,3232.0,3768.6428571428573,385.9091505121116,4779.0,3232.0,3478.80626223092,3611.7039758716915,3680.3864288022733,3731.315746408602,4422.333333333333,4459.0,0.7982217831563349,4730.0,,,231.0,13.991341991341992,17.78787878787879,0.9630598358636113,-139.21428571428578,-1.390593761331438,1.1734551404762354,-659.0,0.0,0.0,0.0,0.0,4470.0,24,0.23931566428755768,-0.970941817426052,0
2016-06-26,19,6,26,4,6,2,2016,178,1,0,0,1,0,0,-0.7818314824680299,0.6234898018587334,1.2246467991473532e-16,-1.0,0.07738647923346301,-0.9970011699250151,0,0,0,0,0,0,0,0,0,0,0,0,0,0,0,0,0,0,0,0,0,0,0,0,0,0,0,0,0,0,0,0,0,0,0,0,0,0,0,0,0,0,0,81,17,0,0,0,0,0,0,0,0,0,0,0,0,0,0,0,0,0,0,0,0,0,0,0,0,0,0,0,0,0,0,0,0,0,0,0,2,2,0,1,0,1.0,,,,,,,,,,,3767.0,3932.0,3685.0,3982.0,5237.0,3978.0,4128.0,5010.0,,3631.0,3631.0,3767.0,3932.0,5237.0,3978.0,4128.0,5010.0,3835.6666666666665,201.092571275575,4109.0,3631.0,3651.1428571428573,254.30658020329298,4109.0,3314.0,3759.0714285714284,359.1884631232138,4714.0,3314.0,3771.5714285714284,382.1181033371217,4779.0,3284.0,3726.982387475538,3738.313291869596,3749.4336612632537,3768.3674585429876,3849.5,4006.6666666666665,0.8112153708668454,4446.0,,,231.0,15.718614718614718,15.718614718614718,0.9680693913109353,-120.4285714285711,-0.3678742968307106,1.0206620961327222,-1379.0,0.0,0.0,0.0,0.0,3883.0,25,0.12053668025532308,-0.992708874098054,0
2016-07-05,1,1,5,1,7,3,2016,187,0,0,0,0,0,0,0.7818314824680298,0.6234898018587336,-0.4999999999999997,-0.8660254037844388,-0.07738647923346322,-0.9970011699250151,0,0,0,0,0,0,0,0,0,0,0,0,0,0,0,0,0,0,0,0,0,0,0,0,0,0,0,0,0,0,0,0,0,0,0,0,0,0,0,0,0,0,0,72,26,0,0,0,0,0,0,0,0,0,0,0,0,0,0,0,0,0,0,0,0,0,0,0,0,0,0,0,0,0,0,0,0,0,0,0,0,0,0,0,1,0.0,4040.0,4432.0,3796.0,3586.0,3445.0,3354.0,3476.0,3883.0,4826.0,3436.0,3673.0,3232.0,3384.0,3330.0,3314.0,2694.0,3595.0,4229.0,,3354.0,3436.0,3673.0,3232.0,3314.0,2694.0,3595.0,4229.0,4089.3333333333335,261.97879473134634,4432.0,3796.0,3732.714285714286,358.77996212788946,4432.0,3354.0,3783.4285714285716,420.74011562716385,4826.0,3354.0,3775.1071428571427,375.141243808412,4826.0,3232.0,4046.3405088062623,3911.9856710891713,3843.9734039482414,3806.693357625126,3423.75,3375.875,0.8063872255489022,,,,229.0,14.646288209606986,15.004366812227074,0.9887704227883788,-42.39285714285688,-1.122529580011218,0.9069279017624855,-875.0,0.0,0.0,0.0,0.0,3393.0,27,-0.12053668025532283,-0.992708874098054,0
2016-07-13,11,2,13,2,7,3,2016,195,0,0,0,0,0,0,0.9749279121818236,-0.22252093395631434,-0.4999999999999997,-0.8660254037844388,-0.2135209154397959,-0.9769384927771817,0,0,0,0,0,0,0,0,0,0,0,0,0,0,0,0,0,0,0,0,0,0,0,0,0,0,0,0,0,0,0,0,0,0,0,0,0,0,0,0,0,0,0,64,34,0,0,0,0,0,0,0,0,0,0,0,0,0,0,0,0,0,0,0,0,0,0,0,0,0,0,0,0,0,0,0,0,0,0,0,0,0,0,0,1,0.0,,,,,,,,,,3445.0,3498.0,3649.0,3414.0,3314.0,3695.0,3331.0,3808.0,3939.0,,3796.0,3445.0,3498.0,3649.0,3695.0,3331.0,3808.0,3939.0,3609.0,144.215117099422,3796.0,3445.0,3766.5714285714284,467.1297944875269,4826.0,3354.0,3759.5,419.9283527324291,4826.0,3354.0,3753.8214285714284,355.4501224374755,4826.0,3232.0,3672.1526418786693,3680.751520660653,3718.559698888751,3741.826983146346,3530.6666666666665,3539.1428571428573,0.9193509324291596,,,,229.0,16.5764192139738,15.043668122270743,1.0033965387652584,12.75,0.1186624191865087,0.94055264317949,-143.0,0.0,0.0,0.0,0.0,3897.0,28,-0.23931566428755743,-0.9709418174260521,0
2016-07-21,21,3,21,3,7,3,2016,203,0,0,0,0,0,0,0.43388373911755823,-0.900968867902419,-0.4999999999999997,-0.8660254037844388,-0.3456123126707333,-0.9383773917408642,0,0,0,0,0,0,0,0,0,0,0,0,0,0,0,0,0,0,0,0,0,0,0,0,0,0,0,0,0,0,0,0,0,0,0,0,0,0,0,0,0,0,0,56,42,0,0,0,0,0,0,0,0,0,0,0,0,0,0,0,0,0,0,0,0,0,0,0,0,0,0,0,0,0,0,0,0,0,0,0,0,0,0,0,1,0.0,,,,,,,,,,,,3656.0,3816.0,4148.0,3792.0,3539.0,3355.0,4343.0,,3445.0,3445.0,3445.0,3656.0,3792.0,3539.0,3355.0,4343.0,3425.0,51.77515491687752,3476.0,3354.0,3822.714285714286,479.33993732027386,4826.0,3354.0,3778.3571428571427,417.51879463989525,4826.0,3354.0,3752.785714285714,356.69928883172895,4826.0,3232.0,3509.150684931507,3662.033009515139,3725.2820578340347,3749.00887935803,3656.0,3788.4,0.8508273647814275,,,,225.0,15.311111111111112,15.311111111111112,1.0186337768134148,69.92857142857156,-0.8628716790935643,0.9742096347475209,-898.0,0.0,0.0,0.0,0.0,3952.0,29,-0.3546048870425356,-0.9350162426854148,0
2016-07-30,3,5,30,5,7,3,2016,212,1,0,1,0,0,1,-0.9749279121818236,-0.2225209339563146,-0.4999999999999997,-0.8660254037844388,-0.4862727071086902,-0.8738071036110807,0,0,0,0,0,0,0,0,0,0,0,0,0,0,0,0,0,0,0,0,0,0,0,0,0,0,0,0,0,0,0,0,0,0,0,0,0,0,0,0,0,0,0,47,51,0,0,0,0,0,0,0,0,0,0,0,0,0,0,0,0,0,0,0,0,0,0,0,0,0,0,0,0,0,0,0,0,0,0,0,2,1,1,0,0,0.5,,,3554.0,3772.0,4307.0,4905.0,4157.0,3952.0,4083.0,4345.0,4591.0,4432.0,4826.0,4470.0,4109.0,4682.0,3611.0,4383.0,,4905.0,4345.0,4591.0,4432.0,4109.0,4682.0,3611.0,4383.0,3877.6666666666665,316.36090501549364,4307.0,3554.0,4104.285714285715,400.33689894020665,4905.0,3554.0,4002.285714285714,346.93750539983597,4905.0,3504.0,3937.75,363.6234929743362,4905.0,3369.0,3817.248532289628,3978.1444029921486,3995.990816428554,3953.916184727193,4568.25,4446.5,0.8170114942528736,5105.0,,,184.0,26.657608695652176,23.61413043478261,1.0422920993678406,166.53571428571468,2.6600316500129613,1.1601168179798107,522.0,0.0,0.0,0.0,0.0,4819.0,30,-0.46472317204376806,-0.8854560256532101,0
2016-08-07,12,6,7,1,8,3,2016,220,1,0,0,1,0,0,-0.7818314824680299,0.6234898018587334,-0.8660254037844385,-0.5000000000000004,-0.6016240632249227,-0.7987793728863648,0,0,0,0,0,0,0,0,0,0,0,0,0,0,0,0,0,0,0,0,0,0,0,0,0,0,0,0,0,0,0,0,0,0,0,0,0,0,0,0,0,0,0,39,59,0,0,0,0,0,0,0,0,0,0,0,0,0,0,0,0,0,0,0,0,0,0,0,0,0,0,0,0,0,0,0,0,0,0,0,2,2,0,1,0,1.0,,,,,,,,,,4307.0,3920.0,4241.0,4040.0,3883.0,3499.0,3437.0,1861.0,5177.0,,3772.0,4307.0,3920.0,4241.0,3499.0,3437.0,1861.0,5177.0,4328.0,462.7836067393341,4905.0,3772.0,4125.285714285715,373.90323969318746,4905.0,3701.0,4041.8571428571427,324.41284480974394,4905.0,3504.0,3930.6071428571427,372.93664142908807,4905.0,3354.0,4081.2133072407046,4119.397925068724,4064.0344321643893,3983.5557623581885,4156.0,3936.714285714286,0.798644929070506,4711.0,,,229.0,16.471615720524017,18.807860262008735,1.0495288804892011,194.678571428572,-0.42529246321670694,1.057343013165905,-1405.0,0.0,0.0,0.0,0.0,4261.0,31,-0.5680647467311556,-0.8229838658936566,0
2016-08-15,22,0,15,3,8,3,2016,228,0,0,0,0,0,0,0.0,1.0,-0.8660254037844385,-0.5000000000000004,-0.7055836101071774,-0.70862667826446,0,0,0,0,0,0,0,0,0,0,0,0,0,0,0,0,0,0,0,0,0,0,0,0,0,0,0,0,0,0,0,0,0,0,0,0,0,0,0,0,0,0,0,31,67,0,0,0,0,0,0,0,0,0,0,0,0,0,0,0,0,0,0,0,0,0,0,0,0,0,0,0,0,0,0,0,0,0,0,0,0,0,0,0,1,0.0,,,,,,,,,,,,3504.0,3631.0,3369.0,3421.0,3558.0,3913.0,4968.0,,4905.0,4905.0,4905.0,3504.0,3421.0,3558.0,3913.0,4968.0,4338.0,409.57132061054597,4905.0,3952.0,4031.714285714286,411.90210844176977,4905.0,3504.0,4027.0714285714284,331.197926211096,4905.0,3504.0,3904.8928571428573,374.0645799176655,4905.0,3354.0,4475.592954990215,4210.623779757983,4078.101611083259,3976.7004341713564,3504.0,3480.2,1.1044809727538842,,,,216.0,22.708333333333332,22.708333333333332,1.0324775693498083,126.82142857142844,2.673621605866222,0.8973357600812167,-63.0,0.0,0.0,0.0,0.0,3499.0,33,-0.7485107481711011,-0.6631226582407952,0
2016-08-24,4,2,24,4,8,3,2016,237,0,0,0,0,0,0,0.9749279121818236,-0.22252093395631434,-0.8660254037844385,-0.5000000000000004,-0.8064799463209447,-0.5912614448635782,0,0,0,0,0,0,0,0,0,0,0,0,0,0,0,0,0,0,0,0,0,0,0,0,0,0,0,0,0,0,0,0,0,0,0,0,0,0,0,0,0,0,0,22,76,0,0,0,0,0,0,0,0,0,0,0,0,0,0,0,0,0,0,0,0,0,0,0,0,0,0,0,0,0,0,0,0,0,0,0,0,0,0,0,1,0.0,,,,4042.0,3824.0,3589.0,3593.0,3499.0,4075.0,3418.0,3346.0,3578.0,4083.0,3897.0,3445.0,3759.0,3116.0,3990.0,,3589.0,3418.0,3346.0,3578.0,3445.0,3759.0,3116.0,3990.0,3818.3333333333335,184.97987878565482,4042.0,3589.0,3870.1428571428573,322.01527407049167,4469.0,3499.0,3865.285714285714,387.10065663512756,4681.0,3418.0,3888.214285714286,458.886879707131,4905.0,3197.0,3888.4755381604696,3833.650964297746,3838.3510288013326,3860.0829517737775,3482.75,3645.375,0.982976653696498,,,,188.0,19.090425531914892,18.180851063829788,0.9953522549830073,-18.07142857142844,-0.6520436712098833,0.8957196656562872,-401.0,0.0,0.0,0.0,0.0,3760.0,34,-0.8229838658936564,-0.5680647467311559,0
2016-09-01,14,3,1,1,9,3,2016,245,0,0,0,0,1,0,0.43388373911755823,-0.900968867902419,-1.0,-1.8369701987210297e-16,-0.8800122039735356,-0.4749510720670502,0,0,0,0,0,0,0,0,0,0,0,0,0,0,0,0,0,0,0,0,0,0,0,0,0,0,0,0,0,0,0,0,0,0,0,0,0,0,0,0,0,0,0,14,84,0,0,0,0,0,0,0,0,0,0,0,0,0,0,0,0,0,0,0,0,0,0,0,0,0,0,0,0,0,0,0,0,0,0,0,0,0,0,0,1,0.0,,,,,,,,,,,3575.0,3823.0,3610.0,3952.0,3762.0,3530.0,4116.0,4037.0,,3589.0,3589.0,3575.0,3823.0,3762.0,3530.0,4116.0,4037.0,3560.3333333333335,43.39994879669279,3593.0,3499.0,3834.285714285714,338.30532037778886,4469.0,3499.0,3884.785714285714,402.18442439320023,4681.0,3418.0,3896.8928571428573,460.690191784156,4905.0,3197.0,3642.8101761252447,3744.0908995170275,3804.3768552631454,3848.2759835073684,3699.0,3767.8333333333335,0.8468617272298253,,,,229.0,15.672489082969433,15.672489082969433,0.9839340866807804,-62.60714285714312,-0.6683295252075006,0.9492177833988616,-448.0,0.0,0.0,0.0,0.0,3262.0,35,-0.8854560256532096,-0.4647231720437691,0
2016-09-09,23,4,9,2,9,3,2016,253,0,1,0,0,0,0,-0.433883739117558,-0.9009688679024191,-1.0,-1.8369701987210297e-16,-0.9368813462954315,-0.34964745525122826,0,0,0,0,0,0,0,0,0,0,0,0,0,0,0,0,0,0,0,0,0,0,0,0,0,0,0,0,0,0,0,0,0,0,0,0,0,0,0,0,0,0,0,6,92,0,0,0,0,0,0,0,0,0,0,0,0,0,0,0,0,0,0,0,0,0,0,0,0,0,0,0,0,0,0,0,0,0,0,0,0,0,0,0,1,0.0,,,,,,,,,,,,4040.0,4316.0,4035.0,4050.0,4242.0,4041.0,4205.0,,3593.0,3593.0,3593.0,4040.0,4050.0,4242.0,4041.0,4205.0,3722.3333333333335,252.30845319876929,4075.0,3499.0,3809.8571428571427,360.5758999043568,4469.0,3418.0,3867.4285714285716,419.4482284222102,4681.0,3346.0,3914.535714285714,458.01259200897033,4905.0,3197.0,3696.5557729941293,3795.7791243987144,3837.594245428067,3867.5128234132258,4040.0,4119.6,0.8657831325301205,,,,229.0,15.68995633187773,15.68995633187773,0.9732590071801983,-104.67857142857156,-0.7020237432236729,1.0320508726632422,-612.0,0.0,0.0,0.0,0.0,3962.0,36,-0.9350162426854147,-0.3546048870425359,0
2016-09-18,5,6,18,3,9,3,2016,262,1,0,0,1,0,0,-0.7818314824680299,0.6234898018587334,-1.0,-1.8369701987210297e-16,-0.9796136916454901,-0.20089055513063528,0,0,0,0,0,0,0,0,0,0,0,0,0,0,0,0,0,0,0,0,0,0,0,0,0,0,0,0,0,0,0,0,0,0,0,0,0,0,0,0,0,0,0,13,3,0,0,0,0,0,0,0,0,0,0,0,0,0,0,0,0,0,0,0,0,0,0,0,0,0,0,0,0,0,0,0,0,0,0,0,0,0,0,0,1,0.0,,,,,3405.0,3775.0,4417.0,3962.0,3998.0,4066.0,4192.0,4151.0,4075.0,4261.0,4307.0,3667.0,3889.0,5080.0,,3775.0,4066.0,4192.0,4151.0,4307.0,3667.0,3889.0,5080.0,3865.6666666666665,418.0919622390376,4417.0,3405.0,3928.4285714285716,280.7244999959198,4417.0,3405.0,3805.785714285714,441.57496994466595,4557.0,2978.0,3882.75,407.06226489322245,4615.0,2978.0,3693.843444227006,3843.456607601566,3873.48637077893,3879.4237879345665,4046.0,4127.375,0.827259475218659,,,,212.0,17.806603773584907,19.17924528301887,1.0117644894542712,45.67857142857156,-0.26470151938122827,1.0420449423733178,-1305.0,0.0,0.0,0.0,0.0,3429.0,37,-0.970941817426052,-0.23931566428755774,0
2016-09-26,15,0,26,4,9,3,2016,270,0,0,0,0,0,0,0.0,1.0,-1.0,-1.8369701987210297e-16,-0.9979171608653922,-0.06450844944931625,0,0,0,0,0,0,0,0,0,0,0,0,0,0,0,0,0,0,0,0,0,0,0,0,0,0,0,0,0,0,0,0,0,0,0,0,0,0,0,0,0,0,0,5,11,0,0,0,0,0,0,0,0,0,0,0,0,0,0,0,0,0,0,0,0,0,0,0,0,0,0,0,0,0,0,0,0,0,0,0,0,0,0,0,1,0.0,,,,,,,,,,,3866.0,3343.0,3997.0,3499.0,3302.0,3476.0,3238.0,3094.0,,4417.0,4417.0,3866.0,3343.0,3302.0,3476.0,3238.0,3094.0,4125.666666666667,206.52737241236463,4417.0,3962.0,4035.8571428571427,167.4015092707424,4417.0,3866.0,3831.1428571428573,456.8988411239496,4557.0,2978.0,3896.8214285714284,404.36970827373773,4615.0,2978.0,4195.154598825831,4062.0711625279855,3971.914200106854,3924.8878611716095,3604.5,3593.8333333333335,0.9452172052214851,,,,209.0,21.13397129186603,21.13397129186603,1.0356792624025075,139.03571428571422,1.2863935175788122,0.9249846486605384,1323.0,0.0,0.0,0.0,0.0,3571.0,39,-1.0,-1.8369701987210297e-16,0
2016-10-04,25,1,4,1,10,4,2016,278,0,0,0,0,0,0,0.7818314824680298,0.6234898018587336,-0.8660254037844386,0.5000000000000001,-0.9973249731081555,0.07309512989807776,0,0,0,0,0,1,0,0,0,0,0,0,0,0,0,0,0,0,0,0,0,0,0,0,0,0,0,0,0,0,1,0,0,0,0,0,0,0,0,0,0,0,0,82,3,0,0,0,0,0,0,0,0,1,0,0,0,0,0,0,0,0,0,0,0,0,0,0,0,0,0,0,0,0,1,0,0,0,0,0,7,4,0,0,0,0.5714285714285714,,,,,,,,,,,,4025.0,3139.0,3958.0,3492.0,3393.0,2694.0,4768.0,,3998.0,3998.0,3998.0,4025.0,3492.0,3393.0,2694.0,4768.0,3980.0,45.89117562233506,4025.0,3917.0,4049.0,217.34370410546913,4557.0,3866.0,3853.714285714286,480.43647247230587,4615.0,2978.0,3901.464285714286,407.55661150523946,4615.0,2978.0,3978.1722113502938,3937.9448452314764,3894.633286112889,3882.972075668809,4025.0,3641.4,0.9409272770063545,4705.0,,,211.0,18.9478672985782,18.9478672985782,1.037815472212814,147.53571428571422,0.23686455221319155,1.031663935701797,-770.0,0.0,3901.464285714286,0.0,0.0,4769.0,40,-0.992708874098054,0.1205366802553232,0
2016-10-13,6,3,13,2,10,4,2016,287,0,0,0,0,0,0,0.43388373911755823,-0.900968867902419,-0.8660254037844386,0.5000000000000001,-0.9741004551724206,0.22611568550828803,0,0,0,0,0,0,0,0,0,0,0,0,0,0,0,0,0,0,0,0,0,0,0,0,0,0,0,0,0,0,0,0,0,0,0,0,0,0,0,0,0,0,0,73,12,0,0,0,0,0,0,0,0,0,0,0,0,0,0,0,0,0,0,0,0,0,0,0,0,0,0,0,0,0,0,0,0,0,0,0,0,0,0,0,1,0.0,,,,,,4288.0,4484.0,4769.0,4787.0,3566.0,3761.0,2947.0,3998.0,3262.0,3824.0,3885.0,3699.0,3840.0,,4288.0,3566.0,3761.0,2947.0,3824.0,3885.0,3699.0,3840.0,4513.666666666667,197.48473921349523,4769.0,4288.0,4528.714285714285,323.2547488484295,4934.0,3910.0,4128.428571428572,509.95850171301953,4934.0,3400.0,3831.4285714285716,546.7459862398514,4934.0,2780.0,4445.06457925636,4404.740779881355,4204.373930251497,4010.9180570363274,3640.5,3666.625,1.124278972207656,,,,209.0,20.516746411483254,17.0622009569378,1.1819910514541385,697.2857142857138,0.8350704715939801,0.9501677852348993,448.0,0.0,0.0,0.0,0.0,3748.0,41,-0.9709418174260521,0.23931566428755738,0
2016-10-21,16,4,21,3,10,4,2016,295,0,1,0,0,0,0,-0.433883739117558,-0.9009688679024191,-0.8660254037844386,0.5000000000000001,-0.9338372288229252,0.35769823883312546,0,0,0,0,0,0,0,0,0,0,0,0,0,0,0,0,0,0,0,0,0,0,0,0,0,0,0,0,0,0,0,0,0,0,0,0,0,0,0,0,0,0,0,65,20,0,0,0,0,0,0,0,0,0,0,0,0,0,0,0,0,0,0,0,0,0,0,0,0,0,0,0,0,0,0,0,0,0,0,0,0,0,0,0,1,0.0,,,,,,,,,,,3910.0,3907.0,3732.0,3962.0,4080.0,4157.0,4039.0,3516.0,,4769.0,4769.0,3910.0,3907.0,4080.0,4157.0,4039.0,3516.0,4830.0,73.90534486760751,4934.0,4769.0,4270.714285714285,586.3177379168384,4934.0,3400.0,4026.4285714285716,519.3232841587096,4934.0,3400.0,3800.8214285714284,525.9211003815407,4934.0,2780.0,4715.1409001956945,4427.430762630275,4145.973315002081,3953.642780115469,3908.5,3917.5,1.0002097315436242,,,,209.0,22.818181818181817,22.818181818181817,1.1236292906608534,469.8928571428569,1.8409198085533853,1.0283303421252925,1253.0,0.0,0.0,0.0,0.0,3588.0,42,-0.9350162426854148,0.35460488704253557,0
2016-10-29,26,5,29,5,10,4,2016,303,1,0,1,0,0,1,-0.9749279121818236,-0.2225209339563146,-0.8660254037844386,0.5000000000000001,-0.8758917051442433,0.48250774176121763,0,0,0,0,0,0,0,0,0,0,0,0,0,0,0,0,0,0,0,0,0,0,0,0,0,0,0,0,0,0,0,0,0,0,0,0,0,0,0,0,0,0,0,57,28,0,0,0,0,0,0,0,0,0,0,0,0,0,0,0,0,0,0,0,0,0,0,0,0,0,0,0,0,0,0,0,0,0,0,0,2,1,1,0,0,0.5,,,,,,,,,,,,4529.0,4334.0,3625.0,4557.0,4819.0,4682.0,3790.0,,4934.0,4934.0,4934.0,4529.0,4557.0,4819.0,4682.0,3790.0,4457.666666666667,421.0782455659386,4934.0,3910.0,3906.714285714286,554.0432459360433,4934.0,3400.0,3841.4285714285716,444.01491517510897,4934.0,3400.0,3741.3571428571427,454.7441364018196,4934.0,2780.0,4531.2054794520545,4152.899077358655,3936.1043555713327,3826.6993599471675,4529.0,4292.4,0.9547213622291022,4474.0,,,209.0,23.607655502392344,23.607655502392344,1.0441971018919798,165.35714285714312,2.622667917347301,1.2105233013230494,1144.0,0.0,0.0,0.0,0.0,4271.0,43,-0.8854560256532101,0.464723172043768,0
2016-11-07,8,0,7,1,11,4,2016,312,0,0,0,0,0,0,0.0,1.0,-0.5000000000000004,0.8660254037844384,-0.7909456567567774,0.6118864012687242,0,0,0,0,0,0,0,0,0,0,0,0,0,0,0,0,0,0,0,0,0,0,0,0,0,0,0,0,0,0,0,0,0,0,0,0,0,0,0,0,0,0,0,48,37,0,0,0,0,0,0,0,0,0,0,0,0,0,0,0,0,0,0,0,0,0,0,0,0,0,0,0,0,0,0,0,0,0,0,0,0,0,0,0,1,0.0,,,,,,,,4271.0,3840.0,3218.0,3506.0,3326.0,4787.0,3571.0,3405.0,3556.0,3123.0,4014.0,,4271.0,3218.0,3506.0,3326.0,3405.0,3556.0,3123.0,4014.0,3958.3333333333335,223.2552102166686,4271.0,3764.0,3670.4285714285716,309.8353743259047,4271.0,3218.0,3653.3571428571427,276.40617295744244,4271.0,3218.0,3806.285714285714,503.4419286374587,4934.0,3141.0,4005.941291585127,3812.8704709344593,3739.7828270472332,3738.1854473367075,3350.0,3608.4285714285716,1.1269129287598945,,,,209.0,20.435406698564595,15.397129186602871,0.9643071610869239,-135.85714285714266,0.9230742599687963,0.8801231046389432,257.0,0.0,0.0,0.0,0.0,3406.0,45,-0.7485107481711011,0.6631226582407952,0
2016-11-15,17,1,15,3,11,4,2016,320,0,0,0,0,0,0,0.7818314824680298,0.6234898018587336,-0.5000000000000004,0.8660254037844384,-0.6994583270516471,0.7146733860429608,0,0,0,0,0,0,0,0,0,0,0,0,0,0,0,0,0,0,0,0,0,0,0,0,0,0,0,0,0,0,0,0,0,0,0,0,0,0,0,0,0,0,0,40,45,0,0,0,0,0,0,0,0,0,0,0,0,0,0,0,0,0,0,0,0,0,0,0,0,0,0,0,0,0,0,0,0,0,0,0,0,0,0,0,1,0.0,,,,,,,,,,,3442.0,3559.0,3220.0,4769.0,3520.0,3593.0,3284.0,3306.0,,3840.0,3840.0,3442.0,3559.0,3520.0,3593.0,3284.0,3306.0,3724.3333333333335,114.1353971776017,3840.0,3569.0,3651.4285714285716,274.4854183703739,4138.0,3218.0,3642.714285714286,254.41288954639646,4138.0,3218.0,3815.5,514.1110566516038,4934.0,3141.0,3739.101761252446,3659.27931327592,3657.8126671981026,3698.792977484053,3500.5,3657.8333333333335,1.0628286742319402,,,,209.0,18.373205741626794,18.373205741626794,0.9569987082763914,-164.07142857142844,0.04765507312674438,0.9174420128423536,534.0,0.0,0.0,0.0,0.0,3512.0,46,-0.6631226582407955,0.7485107481711007,0
2016-11-23,27,2,23,4,11,4,2016,328,0,0,0,0,0,0,0.9749279121818236,-0.22252093395631434,-0.5000000000000004,0.8660254037844384,-0.594726686960764,0.8039279618328208,0,0,0,0,0,0,0,0,0,0,0,0,0,0,0,0,0,0,0,0,0,0,0,0,0,0,0,0,0,0,0,0,0,0,0,0,0,0,0,0,0,0,0,32,53,0,0,0,0,0,0,0,0,0,0,0,0,0,0,0,0,0,0,0,0,0,0,0,0,0,0,0,0,0,0,0,0,0,0,0,0,0,0,0,1,0.0,,,,,,,,,,,,3569.0,3509.0,3535.0,3400.0,3760.0,3759.0,3788.0,,3569.0,3569.0,3569.0,3569.0,3400.0,3760.0,3759.0,3788.0,3409.6666666666665,145.10762289494727,3569.0,3218.0,3557.8571428571427,268.9256023361047,4138.0,3218.0,3672.1428571428573,297.90623096702694,4268.0,3218.0,3810.9285714285716,516.4448475996686,4934.0,3141.0,3510.710371819961,3544.2619114662557,3608.778908514868,3682.832947660732,3569.0,3699.4,0.9535132246860807,,,,209.0,17.076555023923444,17.076555023923444,0.9335932374936742,-253.0714285714289,-0.46844996625100765,0.936517159297509,-219.0,0.0,0.0,0.0,0.0,3689.0,47,-0.5680647467311559,0.8229838658936564,0
2016-12-02,9,4,2,1,12,4,2016,337,0,1,0,0,1,0,-0.433883739117558,-0.9009688679024191,-2.4492935982947064e-16,1.0,-0.4635502709028512,0.8860706215341378,0,0,0,0,0,0,0,0,0,0,0,0,0,0,0,0,0,0,0,0,0,0,0,0,0,0,0,0,0,0,0,0,0,0,0,0,0,0,0,0,0,0,0,23,62,0,0,0,0,0,0,0,0,0,0,0,0,0,0,0,0,0,0,0,0,0,0,0,0,0,0,0,0,0,0,0,0,0,0,0,0,0,0,0,1,0.0,,,,,,,,,3370.0,3962.0,4006.0,3666.0,3840.0,3588.0,3645.0,3914.0,3823.0,3636.0,,3370.0,3962.0,4006.0,3666.0,3645.0,3914.0,3823.0,3636.0,3565.0,280.0249988840282,3961.0,3364.0,3772.8571428571427,350.58091732414175,4432.0,3364.0,3810.1428571428573,339.5450437492703,4511.0,3364.0,3748.3928571428573,316.2123313857449,4511.0,3175.0,3535.2720156555774,3692.7689511872254,3743.9434530072667,3747.3961806951243,3878.0,3853.5714285714284,0.9711815561959655,,,,209.0,16.124401913875598,18.95693779904306,1.0065266066409413,24.464285714285325,-1.1966416853024586,1.0345767233576295,-266.0,0.0,0.0,0.0,0.0,3916.0,48,-0.4647231720437684,0.88545602565321,0
2016-12-10,19,5,10,2,12,4,2016,345,1,0,1,0,0,0,-0.9749279121818236,-0.2225209339563146,-2.4492935982947064e-16,1.0,-0.33752289959411347,0.941317317512847,0,0,0,0,0,0,0,0,0,0,0,0,0,0,0,0,0,0,0,0,0,0,0,0,0,0,0,0,0,0,0,0,0,0,0,0,0,0,0,0,0,0,0,15,70,0,0,0,0,0,0,0,0,0,0,0,0,0,0,0,0,0,0,0,0,0,0,0,0,0,0,0,0,0,0,0,0,0,0,0,2,1,1,0,0,0.5,,,,,,,,,,,4432.0,4511.0,4080.0,4271.0,4122.0,4417.0,3894.0,4080.0,,3961.0,3961.0,4432.0,4511.0,4122.0,4417.0,3894.0,4080.0,4118.333333333333,221.79620275278734,4432.0,3961.0,3818.285714285714,302.0675015790412,4432.0,3512.0,3841.9285714285716,313.03456319566703,4511.0,3406.0,3745.75,320.9241816335174,4511.0,3175.0,4041.074363992172,3945.615179584086,3868.696916826653,3805.7725233591473,4471.5,4259.0,0.8909131803868646,4352.0,,,209.0,18.952153110047846,18.952153110047846,1.0193648039206338,72.53571428571422,0.6707191676998866,1.1937529199759727,-119.0,0.0,0.0,0.0,0.0,4587.0,49,-0.35460488704253595,0.9350162426854147,0
2016-12-18,28,6,18,3,12,4,2016,353,1,0,0,1,0,0,-0.7818314824680299,0.6234898018587334,-2.4492935982947064e-16,1.0,-0.20510449986861926,0.9787400799669153,0,0,0,0,0,0,0,0,0,0,0,0,0,0,0,0,0,0,0,0,0,0,0,0,0,0,0,0,0,0,0,0,0,0,0,0,0,0,0,0,0,0,0,7,78,0,0,0,0,0,0,0,0,0,0,0,0,0,0,0,0,0,0,0,0,0,0,0,0,0,0,0,0,0,0,0,0,0,0,0,2,2,0,1,0,1.0,,,,,,,,,,,,,3815.0,3758.0,3589.0,3429.0,3667.0,4368.0,,4432.0,4432.0,4432.0,4432.0,3589.0,3429.0,3667.0,4368.0,4018.3333333333335,317.26995165351263,4432.0,3661.0,3797.4285714285716,296.482163830116,4432.0,3512.0,3827.4285714285716,311.8826964205142,4511.0,3406.0,3732.464285714286,319.4348225653348,4511.0,3175.0,4121.236790606654,3940.403463337676,3854.186161431421,3794.3166026738672,,3754.5,1.1127290986693448,3914.0,,,209.0,21.205741626794257,21.205741626794257,1.0174051995521918,64.96428571428578,2.1899168934302287,,64.0,0.0,0.0,0.0,0.0,3900.0,50,-0.2393156642875578,0.970941817426052,0
2016-12-27,10,1,27,4,12,4,2016,362,0,0,0,0,0,0,0.7818314824680298,0.6234898018587336,-2.4492935982947064e-16,1.0,-0.05161966722325418,0.9986668162884759,0,0,0,0,0,0,0,0,1,0,0,0,0,0,0,0,0,0,0,0,0,0,0,0,0,0,0,0,0,0,0,0,0,0,0,0,0,0,0,0,0,0,0,5,2,0,0,0,0,0,0,0,0,0,0,0,0,0,0,0,0,0,0,0,0,0,0,0,0,0,0,0,0,0,1,0,0,0,0,0,0,0,0,0,1,0.0,,,,,,,,,,3499.0,3632.0,3540.0,3370.0,3512.0,3175.0,3437.0,3354.0,3739.0,,3711.0,3499.0,3632.0,3540.0,3175.0,3437.0,3354.0,3739.0,3729.0,89.90365213197218,3847.0,3629.0,3821.4285714285716,336.73552875592236,4587.0,3499.0,3858.5,345.3008522599221,4587.0,3343.0,3836.785714285714,328.9432601032387,4587.0,3343.0,3702.2407045009786,3756.0531610229823,3801.8781905482297,3813.4184122223305,3557.0,3500.1428571428573,1.000809061488673,,,,209.0,17.75598086124402,16.741626794258373,0.9959973936516802,-15.357142857142662,-0.38239334724850854,0.9270780973657266,-28.0,0.0,0.0,0.0,0.0,4134.0,52,6.432490598706546e-16,1.0,0
2017-01-04,20,2,4,1,1,1,2017,4,0,0,0,0,0,0,0.9749279121818236,-0.22252093395631434,0.49999999999999994,0.8660254037844387,0.06880242680231986,0.9976303053065857,0,0,0,0,0,0,0,0,0,0,0,0,0,0,0,0,0,0,0,0,0,0,0,0,0,0,0,0,0,0,0,0,0,0,0,0,0,0,0,0,0,0,0,24,3,0,0,0,0,0,0,0,0,0,0,0,0,0,0,0,0,0,0,0,0,0,0,0,0,0,0,0,0,0,0,0,0,0,0,0,0,0,0,0,1,0.0,,,,,,,,,,,3847.0,3782.0,3615.0,3689.0,3616.0,4484.0,3807.0,3595.0,4844.0,3847.0,3847.0,3847.0,3782.0,3616.0,4484.0,3807.0,3595.0,3647.6666666666665,146.51810657920598,3847.0,3499.0,3925.285714285714,333.62884180123376,4587.0,3499.0,3883.5714285714284,337.67158903410325,4587.0,3343.0,3846.8928571428573,328.11282241737194,4587.0,3343.0,3758.246575342466,3819.017504091337,3844.588924735435,3835.2904363883513,3814.5,3701.5,1.0703951029493601,,,,209.0,18.406698564593302,18.406698564593302,1.0203782273263209,78.39285714285688,0.0003265427311047676,0.9915794750865726,252.0,0.0,0.0,0.0,0.0,3995.0,1,0.12053668025532305,0.992708874098054,0
2017-01-13,2,4,13,2,1,1,2017,13,0,1,0,0,0,0,-0.433883739117558,-0.9009688679024191,0.49999999999999994,0.8660254037844387,0.2219215130041655,0.9750645322571948,0,0,0,0,0,0,0,0,0,0,0,0,0,0,0,0,0,0,0,0,0,0,0,0,0,0,0,0,0,0,0,0,0,0,0,0,0,0,0,0,0,0,0,15,12,0,0,0,0,0,0,0,0,0,0,0,0,0,0,0,0,0,0,0,0,0,0,0,0,0,0,0,0,0,0,0,0,0,0,0,0,0,0,0,1,0.0,,3815.0,3909.0,4233.0,4691.0,4301.0,3985.0,3995.0,3658.0,4127.0,4173.0,3711.0,4134.0,3916.0,3962.0,4268.0,4050.0,4037.0,5494.0,4301.0,4127.0,4173.0,3711.0,3962.0,4268.0,4050.0,4037.0,3985.6666666666665,179.0518236588378,4233.0,3815.0,4132.714285714285,278.2176508140521,4691.0,3815.0,4162.785714285715,347.21075908515536,4749.0,3658.0,4039.25,325.09642800252357,4749.0,3564.0,3965.6692759295497,4088.3824357387493,4113.617036835751,4063.9809709946107,4078.0,4059.875,1.0579589572933998,,,,209.0,20.57894736842105,19.74641148325359,1.023139019796815,93.46428571428532,0.8051457274023576,1.009593365104908,264.0,0.0,0.0,0.0,0.0,4227.0,2,0.23931566428755774,0.970941817426052,0
2017-01-21,12,5,21,3,1,1,2017,21,1,0,1,0,0,0,-0.9749279121818236,-0.2225209339563146,0.49999999999999994,0.8660254037844387,0.3536761221763716,0.9353679493131483,1,0,0,0,0,0,0,0,0,1,0,0,0,0,0,0,0,0,0,0,0,0,0,0,0,0,0,0,0,0,0,0,0,0,0,0,0,0,0,0,0,0,0,7,20,0,0,0,0,0,1,0,0,0,0,0,0,0,0,0,0,0,0,0,0,0,0,0,0,0,0,0,0,0,0,0,0,0,1,0,1,1,1,1,0,1.0,,,,,,,,,,4691.0,4749.0,4382.0,4180.0,4587.0,4293.0,4138.0,4905.0,3893.0,5652.0,4233.0,4691.0,4749.0,4382.0,4293.0,4138.0,4905.0,3893.0,4408.333333333333,201.79417456628644,4691.0,4233.0,4187.428571428572,315.1597586453381,4691.0,3658.0,4194.285714285715,328.05888595351485,4749.0,3658.0,4016.8214285714284,346.686978367212,4749.0,3499.0,4328.60469667319,4269.387173802999,4197.870046449876,4095.1457565434557,4607.333333333333,4488.285714285715,0.9103225806451613,4158.0,2938.0,0.7683670155102523,209.0,20.25358851674641,22.444976076555022,1.0424731708618222,170.60714285714312,0.6235554979500686,1.147009747697925,340.0,4016.8214285714284,0.0,0.0,0.0,4243.0,3,0.3546048870425356,0.9350162426854148,0
2017-01-29,21,6,29,5,1,1,2017,29,1,0,0,1,0,1,-0.7818314824680299,0.6234898018587334,0.49999999999999994,0.8660254037844387,0.47873384011578846,0.8779600847008882,1,0,0,0,0,0,0,0,0,0,0,0,0,0,0,0,0,1,0,0,0,0,0,0,0,0,0,0,0,0,0,0,0,0,0,0,0,0,0,0,0,0,0,65,1,0,0,0,0,0,0,1,0,0,0,0,0,0,0,0,0,0,0,0,0,0,0,0,0,0,0,0,0,0,0,0,0,0,0,1,7,3,0,0,0,0.42857142857142855,,,,,,,,,,,,4654.0,4125.0,3900.0,3909.0,3856.0,4192.0,3611.0,5301.0,4691.0,4691.0,4691.0,4654.0,3909.0,3856.0,4192.0,3611.0,4325.666666666667,288.75056517501207,4691.0,3985.0,4247.571428571428,355.6827869014175,4691.0,3658.0,4186.571428571428,328.32751816391124,4749.0,3658.0,4004.214285714286,345.01080284772627,4749.0,3499.0,4424.001956947162,4281.251598938397,4192.346244877038,4084.853548401758,4654.0,4093.6,1.1704091816367266,3521.0,3225.0,0.8434253318654064,217.0,21.617511520737327,21.617511520737327,1.0607752546424303,243.35714285714266,1.990620898293534,1.1622754597834424,1080.0,4004.214285714286,0.0,0.0,0.0,3622.0,4,0.4647231720437685,0.8854560256532099,0
2017-02-07,3,1,7,1,2,1,2017,38,0,0,0,0,0,0,0.7818314824680298,0.6234898018587336,0.8660254037844386,0.5000000000000001,0.6084768701151261,0.7935716089521474,1,0,0,0,0,0,0,0,0,0,0,0,0,0,0,0,0,0,0,0,0,0,0,0,0,0,1,0,0,0,0,0,0,0,0,0,0,0,0,0,0,0,0,56,10,0,1,0,0,0,0,0,0,0,0,0,0,0,0,0,0,0,0,0,0,0,0,0,0,0,0,0,0,0,1,0,0,0,0,0,0,0,0,0,1,0.0,,,4511.0,4501.0,4877.0,4624.0,4184.0,3622.0,2949.0,3124.0,3768.0,3815.0,3658.0,4134.0,3499.0,3773.0,3492.0,2755.0,5027.0,4624.0,3124.0,3768.0,3815.0,3499.0,3773.0,3492.0,2755.0,4629.666666666667,174.93871942927774,4877.0,4501.0,4181.142857142857,623.6160514225373,4877.0,2949.0,3600.9285714285716,910.45651534081,4877.0,1996.0,3821.75,712.4730383369906,4877.0,1996.0,4510.461839530332,4194.729524522891,3918.739205957517,3845.047069192373,3832.75,3796.625,1.603626022040526,,4069.0,1.06415431794119,209.0,22.124401913875598,14.947368421052632,1.094038819164743,359.3928571428569,1.126007521453108,1.002878262576045,1869.0,3821.75,0.0,0.0,0.0,4297.0,6,0.6631226582407952,0.7485107481711011,0
2017-02-15,13,2,15,3,2,1,2017,46,0,0,0,0,0,0,0.9749279121818236,-0.22252093395631434,0.8660254037844386,0.5000000000000001,0.7116566222817746,0.7025274741691571,0,0,0,0,0,0,0,0,0,0,0,0,0,0,0,0,0,0,0,0,0,0,0,0,0,0,0,0,0,0,0,0,0,0,0,0,0,0,0,0,0,0,0,48,18,0,0,0,0,0,0,0,0,0,0,0,0,0,0,0,0,0,0,0,0,0,0,0,0,0,0,0,0,0,0,0,0,0,0,0,0,0,0,0,1,0.0,,,,,,,,,,4877.0,2712.0,3894.0,3792.0,3995.0,3564.0,3660.0,3589.0,4027.0,2898.0,4877.0,4877.0,2712.0,3894.0,3564.0,3660.0,3589.0,4027.0,4561.666666666667,286.32887074520136,4877.0,4184.0,3478.5714285714284,1080.3605029463686,4877.0,1996.0,3495.0714285714284,839.8253614621923,4877.0,1996.0,3795.8214285714284,694.7342787802002,4877.0,1996.0,4509.1115459882585,3951.451935778138,3723.600257973467,3743.2700026421617,3827.6666666666665,3830.1428571428573,1.5656500802568218,,,,207.0,23.56038647342995,23.56038647342995,0.9164212526932811,-317.25,1.5562476251019053,1.0083895511668532,850.0,0.0,0.0,0.0,0.0,4162.0,7,0.7485107481711011,0.6631226582407953,0
2017-02-23,23,3,23,4,2,1,2017,54,0,0,0,0,0,0,0.43388373911755823,-0.900968867902419,0.8660254037844386,0.5000000000000001,0.8013610881746766,0.5981809144059165,0,0,0,0,0,0,0,0,0,0,0,0,0,0,0,0,0,0,0,0,0,0,0,0,0,0,0,0,0,0,0,0,0,0,0,0,0,0,0,0,0,0,0,40,26,0,0,0,0,0,0,0,0,0,0,0,0,0,0,0,0,0,0,0,0,0,0,0,0,0,0,0,0,0,0,0,0,0,0,0,0,0,0,0,1,0.0,,,,,,,,,,,,2098.0,3692.0,4096.0,3736.0,3779.0,3687.0,3116.0,6083.0,4184.0,4184.0,4184.0,2098.0,3736.0,3779.0,3687.0,3116.0,3585.0,504.8649984566831,4184.0,2949.0,2955.0,726.744797022999,4184.0,1996.0,3363.714285714286,690.866684324989,4243.0,1996.0,3729.8214285714284,643.5457611418735,4691.0,1996.0,3650.1037181996085,3314.121989781362,3379.428105410641,3587.42509676171,2098.0,3521.4,1.1882987787560353,,,,208.0,20.115384615384617,20.115384615384617,0.7922631301766649,-774.8214285714284,0.7057440183005808,0.5624934169579164,1068.0,0.0,0.0,0.0,0.0,3781.0,8,0.8229838658936564,0.5680647467311559,0
2017-03-04,4,5,4,1,3,1,2017,63,1,0,1,0,0,0,-0.9749279121818236,-0.2225209339563146,1.0,6.123233995736766e-17,0.8840675099433636,0.4673592171580022,0,0,0,0,0,0,0,0,0,0,0,0,0,0,0,0,0,0,0,0,0,0,0,0,0,0,0,0,0,0,0,0,0,0,0,0,0,0,0,0,0,0,0,31,35,0,0,0,0,0,0,0,0,0,0,0,0,0,0,0,0,0,0,0,0,0,0,0,0,0,0,0,0,0,0,0,0,0,0,0,2,1,1,0,0,0.5,,,,3604.0,3995.0,4549.0,4114.0,3781.0,3527.0,5000.0,3870.0,4622.0,2949.0,4243.0,4691.0,4536.0,4557.0,4154.0,5505.0,4549.0,5000.0,3870.0,4622.0,4691.0,4536.0,4557.0,4154.0,4049.3333333333335,387.70292177846113,4549.0,3604.0,3871.8571428571427,347.6601084686136,4549.0,3527.0,4100.5,437.2315094513922,5000.0,3527.0,4207.285714285715,406.9342573388463,5000.0,3527.0,3858.4716242661448,3958.591738201054,4020.261721572165,4033.4317326066184,4510.25,4304.75,0.8416627744044839,4587.0,,,210.0,21.66190476190476,23.80952380952381,0.9202743540117482,-335.428571428572,0.8397284808335673,1.07200943940783,395.0,0.0,0.0,0.0,0.0,4656.0,9,0.8854560256532099,0.4647231720437686,0
2017-03-12,14,6,12,2,3,1,2017,71,1,0,0,1,0,0,-0.7818314824680299,0.6234898018587334,1.0,6.123233995736766e-17,0.9398560579418954,0.3415707691678556,0,0,0,0,0,0,0,0,0,0,0,0,0,0,0,0,0,0,0,0,0,0,0,0,0,0,0,0,0,0,0,0,0,0,0,0,0,0,0,0,0,0,0,23,43,0,0,0,0,0,0,0,0,0,0,0,0,0,0,0,0,0,0,0,0,0,0,0,0,0,0,0,0,0,0,0,0,0,0,0,2,2,0,1,0,1.0,,,,,,,,,,,4535.0,3634.0,4385.0,3622.0,4320.0,3880.0,3775.0,4492.0,4670.0,4549.0,4549.0,4535.0,3634.0,4320.0,3880.0,3775.0,4492.0,4148.0,314.4550842330268,4549.0,3781.0,3972.1428571428573,403.5069227841003,4549.0,3527.0,4082.785714285714,445.53806612605723,5000.0,3527.0,4214.678571428572,403.96367000470906,5000.0,3527.0,4237.315068493151,4105.268919042421,4098.252361763077,4070.3773062355413,4084.5,4054.1666666666665,1.086717630195891,3796.0,,,210.0,21.66190476190476,21.66190476190476,0.9424545169518096,-242.53571428571422,0.8276027113218651,0.969113048783588,57.0,0.0,0.0,0.0,0.0,4330.0,10,0.9350162426854148,0.35460488704253557,0
2017-03-20,24,0,20,3,3,1,2017,79,0,0,0,0,0,0,0.0,1.0,1.0,6.123233995736766e-17,0.9778483415056568,0.20931464596304847,0,0,0,0,0,0,0,0,0,0,0,0,0,0,0,0,0,0,0,0,0,0,0,0,0,0,0,0,0,0,0,0,0,0,0,0,0,0,0,0,0,0,0,15,51,0,0,0,0,0,0,0,0,0,0,0,0,0,0,0,0,0,0,0,0,0,0,0,0,0,0,0,0,0,0,0,0,0,0,0,0,0,0,0,1,0.0,,,,,,,,,,,,3766.0,3717.0,4460.0,3143.0,3626.0,3446.0,3889.0,4021.0,3781.0,3781.0,3781.0,3766.0,3143.0,3626.0,3446.0,3889.0,3613.6666666666665,118.34788642904539,3781.0,3527.0,4090.0,536.150831656274,5000.0,3527.0,4044.214285714286,432.1169118539612,5000.0,3527.0,4081.8928571428573,611.7334468124002,5000.0,1996.0,3737.0998043052837,3905.5375882484095,4015.8427515836847,4029.027359320803,3766.0,3854.0,1.2134146341463414,,,,210.0,18.004761904761907,18.004761904761907,1.001986123384634,8.107142857142662,-0.49186922623037793,0.9226111835370495,-108.0,0.0,0.0,0.0,0.0,3935.0,12,0.992708874098054,0.120536680255323,0
2017-03-29,6,2,29,5,3,1,2017,88,0,0,0,0,0,1,0.9749279121818236,-0.22252093395631434,1.0,6.123233995736766e-17,0.9984354211555643,0.055916990100603484,0,0,0,0,0,0,0,0,0,0,0,0,0,0,0,0,0,0,0,0,0,0,0,0,0,0,0,0,0,0,0,0,0,0,0,0,0,0,0,0,0,0,0,6,60,0,0,0,0,0,0,0,0,0,0,0,0,0,0,0,0,0,0,0,0,0,0,0,0,0,0,0,0,0,0,0,0,0,0,0,0,0,0,0,1,0.0,,,,,,3917.0,3822.0,3935.0,4387.0,3720.0,3691.0,3684.0,3527.0,4162.0,4877.0,3977.0,3400.0,3144.0,4245.0,3917.0,3720.0,3691.0,3684.0,4877.0,3977.0,3400.0,3144.0,3891.3333333333335,49.573738567466904,3935.0,3822.0,4138.857142857143,278.81352117828993,4506.0,3822.0,4135.857142857143,426.8570950468514,5026.0,3597.0,4064.535714285714,390.96195303953783,5026.0,3597.0,3950.778864970646,4036.4688421612227,4069.3980594522086,4072.5006355302885,3753.0,3977.625,1.1798192771084337,,,,206.0,19.014563106796118,18.058252427184467,1.0182853427293577,74.3214285714289,-0.37736591281759324,0.9233526935952974,773.0,0.0,0.0,0.0,0.0,3756.0,13,1.0,-1.6081226496766366e-16,0
2017-04-06,15,3,6,1,4,2,2017,96,0,0,0,0,0,0,0.43388373911755823,-0.900968867902419,0.8660254037844387,-0.4999999999999998,0.9966589017541702,-0.08167639533042241,0,0,0,0,0,0,0,0,0,0,0,0,0,0,0,0,0,0,0,0,0,0,0,0,0,0,0,0,0,0,0,0,0,0,0,0,0,0,0,0,0,0,0,10,2,0,0,0,0,0,0,0,0,0,0,0,0,0,0,0,0,0,0,0,0,0,0,0,0,0,0,0,0,0,0,0,0,0,0,0,0,0,0,0,1,0.0,,,,,,,,,,,3930.0,3909.0,3658.0,3781.0,4403.0,3985.0,4288.0,2890.0,4400.0,3822.0,3822.0,3930.0,3909.0,4403.0,3985.0,4288.0,2890.0,4048.0,244.1078996400294,4387.0,3822.0,4110.714285714285,308.1825592013902,4506.0,3720.0,4119.714285714285,438.93123909453203,5026.0,3597.0,4050.6071428571427,402.73975461702264,5026.0,3527.0,3983.931506849315,4076.106626058352,4092.967270393822,4084.030216947914,3919.5,4027.5,1.1981191222570533,,,,206.0,18.553398058252426,18.553398058252426,1.0148390452930336,60.10714285714266,-0.5676299402688272,0.9676327181992118,932.0,0.0,0.0,0.0,0.0,3545.0,14,0.992708874098054,-0.12053668025532288,0
2017-04-14,25,4,14,2,4,2,2017,104,0,1,0,0,0,0,-0.433883739117558,-0.9009688679024191,0.8660254037844387,-0.4999999999999998,0.9760105506323683,-0.21772323039653177,0,0,0,0,1,0,0,0,0,0,0,0,0,0,0,0,0,0,0,0,0,0,0,0,0,0,0,0,0,0,0,0,0,0,0,0,0,0,0,0,0,0,0,2,10,0,0,0,0,0,0,0,0,0,0,0,0,0,0,0,0,0,0,0,0,0,0,0,0,0,0,0,0,0,0,0,0,1,0,0,0,0,0,0,1,0.0,,,,,,,,,,,,4475.0,4748.0,4432.0,4488.0,4227.0,4268.0,3699.0,4836.0,4387.0,4387.0,4387.0,4475.0,4488.0,4227.0,4268.0,3699.0,4456.0,50.40502620440412,4506.0,4387.0,4030.714285714286,383.69173425912567,4506.0,3597.0,4130.5,433.5617850186654,5026.0,3597.0,4034.25,414.7882958295025,5026.0,3527.0,4360.8493150684935,4235.6596430675845,4165.776669490901,4115.9960402372835,4475.0,4451.4,1.0082739600091932,,4352.0,1.1897841117539156,210.0,20.89047619047619,20.89047619047619,0.9991235758106924,-3.5357142857142208,0.8504338322627041,1.1092520294974282,688.0,0.0,0.0,0.0,0.0,4316.0,15,0.9709418174260521,-0.2393156642875575,0
2017-04-23,7,6,23,4,4,2,2017,113,1,0,0,1,0,0,-0.7818314824680299,0.6234898018587334,0.8660254037844387,-0.4999999999999998,0.9307239310379795,-0.36572252349726897,0,0,0,0,0,0,0,0,0,0,0,0,0,0,0,0,0,0,0,0,0,0,0,0,0,0,0,0,0,0,0,0,0,0,0,0,0,0,0,0,0,0,0,8,7,0,0,0,0,0,0,0,0,0,0,0,0,0,0,0,0,0,0,0,0,0,0,0,0,0,0,0,0,0,0,0,0,0,0,0,2,2,0,1,0,1.0,,,,,,,4580.0,4316.0,4006.0,4073.0,4254.0,4303.0,4387.0,4330.0,3995.0,3829.0,3589.0,4411.0,4546.0,4580.0,4073.0,4254.0,4303.0,3995.0,3829.0,3589.0,4411.0,4300.666666666667,234.58521313634031,4580.0,4006.0,4066.285714285714,306.4090236855278,4580.0,3622.0,3945.5714285714284,369.1143288401333,4580.0,3153.0,4041.8571428571427,355.99024006341546,4915.0,3153.0,4366.405088062622,4163.323746785864,4061.7425056924226,4040.2436297313548,4210.0,4214.285714285715,1.1317024956758093,3937.0,,,210.0,21.80952380952381,19.395238095238096,1.0060438977839041,24.42857142857156,1.5116786826711697,1.0416003958576328,169.0,0.0,0.0,0.0,0.0,4355.0,16,0.9350162426854148,-0.35460488704253545,0
2017-05-01,17,0,1,1,5,2,2017,121,0,0,0,0,1,0,0.0,1.0,0.49999999999999994,-0.8660254037844387,0.8717063187093218,-0.4900286664290592,0,0,0,0,0,0,1,0,0,0,0,0,0,0,0,0,0,0,0,0,0,0,0,0,0,0,0,0,0,0,0,0,0,0,1,0,0,0,0,0,0,0,0,0,0,0,0,0,0,0,0,0,0,0,0,0,0,0,0,1,0,0,0,0,0,0,0,0,0,0,0,0,0,1,0,0,0,0,0,0,3,3,0,1,0,1.0,,,,,,,,,,,3622.0,4083.0,3757.0,3935.0,3910.0,4184.0,3377.0,5237.0,3985.0,4006.0,4006.0,3622.0,4083.0,3910.0,4184.0,3377.0,5237.0,3957.6666666666665,180.84677369407382,4151.0,3716.0,3945.5714285714284,238.66704670664836,4314.0,3622.0,3900.9285714285716,320.56233275865935,4314.0,3153.0,4044.8928571428573,357.89287496257816,4915.0,3153.0,3983.293542074364,3927.7259197022527,3930.7046717815806,3976.7194376869434,3852.5,3817.3333333333335,1.2026418492945061,4285.0,,,217.0,18.46082949308756,18.46082949308756,0.9754452263436255,-99.3214285714289,-0.10867178383175143,0.952435611043909,-1231.0,0.0,0.0,4044.8928571428573,0.0,5121.0,18,0.8229838658936565,-0.5680647467311557,0
2017-05-09,26,1,9,2,5,2,2017,129,0,0,0,0,0,0,0.7818314824680298,0.6234898018587336,0.49999999999999994,-0.8660254037844387,0.7961828637826158,-0.6050560696488488,0,0,0,0,0,0,0,0,0,0,0,0,0,0,0,0,0,0,0,0,0,0,0,0,0,0,0,0,0,0,0,0,0,0,0,0,0,0,0,0,0,0,0,21,8,0,0,0,0,0,0,0,0,0,0,0,0,0,0,0,0,0,0,0,0,0,0,0,0,0,0,0,0,0,0,0,0,0,0,0,0,0,0,0,1,0.0,,,,,,,,,,,,3716.0,3688.0,3925.0,3600.0,4297.0,3773.0,3123.0,4525.0,4151.0,4151.0,4151.0,3716.0,3600.0,4297.0,3773.0,3123.0,3829.6666666666665,230.43485461670556,4151.0,3622.0,3879.714285714286,273.90807336232575,4314.0,3545.0,3919.0714285714284,332.9443248793824,4314.0,3153.0,4042.1785714285716,358.4652855847937,4915.0,3153.0,3959.9647749510764,3901.7950876071623,3918.989094877491,3974.492857672627,3716.0,3750.2,1.2198060534822215,,,,210.0,19.766666666666666,19.766666666666666,0.9598077415820676,-162.46428571428578,0.30357591919646876,0.9193062439808801,1028.0,0.0,0.0,0.0,0.0,4129.0,19,0.7485107481711013,-0.663122658240795,0
2017-05-18,8,3,18,3,5,2,2017,138,0,0,0,0,0,0,0.43388373911755823,-0.900968867902419,0.49999999999999994,-0.8660254037844387,0.6932812268869777,-0.7206671495538609,0,0,0,0,0,0,0,0,0,0,0,0,0,0,0,0,0,0,0,0,0,0,0,0,0,0,0,0,0,0,0,0,0,0,0,0,0,0,0,0,0,0,0,12,17,0,0,0,0,0,0,0,0,0,0,0,0,0,0,0,0,0,0,0,0,0,0,0,0,0,0,0,0,0,0,0,0,0,0,0,0,0,0,0,1,0.0,,,,,,,,4129.0,3725.0,4252.0,3915.0,3995.0,4006.0,3545.0,4208.0,4484.0,3661.0,3695.0,4517.0,4129.0,4252.0,3915.0,3995.0,4208.0,4484.0,3661.0,3695.0,3976.3333333333335,179.08160771620916,4129.0,3725.0,4089.1428571428573,234.52043990811094,4525.0,3725.0,4341.5,511.9576921694102,5543.0,3725.0,4223.714285714285,445.60647734639275,5543.0,3677.0,4044.2133072407046,4144.90056987367,4217.230924130915,4204.191769509512,4054.0,4025.8571428571427,1.3221261607428754,,,,210.0,19.66190476190476,20.247619047619047,0.9681390786714471,-134.571428571428,-0.2125514114568381,0.959818710681188,434.0,0.0,0.0,0.0,0.0,4065.0,20,0.6631226582407952,-0.7485107481711012,0
2017-05-26,18,4,26,4,5,2,2017,146,0,1,0,0,0,0,-0.433883739117558,-0.9009688679024191,0.49999999999999994,-0.8660254037844387,0.5877852522924732,-0.8090169943749473,0,0,0,0,0,0,0,0,0,0,0,0,0,0,0,0,0,0,0,0,0,0,0,0,0,0,0,0,0,0,0,0,0,0,0,0,0,0,0,0,0,0,0,4,25,0,0,0,0,0,0,0,0,0,0,0,0,0,0,0,0,0,0,0,0,0,0,0,0,0,0,0,0,0,0,0,0,0,0,0,0,0,0,0,1,0.0,,,,,,,,,,,3948.0,4111.0,4254.0,4316.0,4020.0,4114.0,4155.0,3792.0,5041.0,4075.0,4075.0,3948.0,4111.0,4020.0,4114.0,4155.0,3792.0,4182.666666666667,247.55650309014754,4525.0,3948.0,4340.428571428572,384.6745775486663,5121.0,3948.0,4319.857142857143,526.3306751385832,5543.0,3775.0,4205.285714285715,459.5207796593921,5543.0,3622.0,4201.845401174169,4291.605078605167,4308.544093819667,4245.617051759661,4029.5,4064.3333333333335,1.0002454590083456,,,,210.0,19.404761904761905,19.404761904761905,1.0321364269456805,135.14285714285688,-0.28352518548189615,0.9581988653735094,283.0,0.0,0.0,0.0,0.0,4088.0,21,0.5680647467311558,-0.8229838658936564,0
2017-06-03,28,5,3,1,6,2,2017,154,1,0,1,0,1,0,-0.9749279121818236,-0.2225209339563146,1.2246467991473532e-16,-1.0,0.4711595076738638,-0.8820480249558537,0,0,0,0,0,0,0,0,0,0,0,0,0,0,0,0,0,0,0,0,0,0,0,0,0,0,0,0,0,0,0,0,0,0,0,0,0,0,0,0,0,0,0,120,4,0,0,0,0,0,0,0,0,0,0,0,0,0,0,0,0,0,0,0,0,0,0,0,0,0,0,0,0,0,0,0,0,0,0,0,2,1,1,0,0,0.5,,,,,,,,,,,,,4981.0,4798.0,4314.0,4656.0,4536.0,3823.0,5414.0,3948.0,3948.0,3948.0,3948.0,4314.0,4656.0,4536.0,3823.0,4056.6666666666665,138.41322993927358,4252.0,3948.0,4615.285714285715,568.0778906064893,5543.0,3948.0,4359.357142857143,533.4730689604888,5543.0,3775.0,4197.678571428572,455.95144271319606,5543.0,3622.0,4131.328767123287,4310.306950987234,4316.947835404944,4238.289269200536,,4668.25,1.096057745696835,4109.0,,,210.0,18.8,18.8,1.0994852597098737,417.6071428571431,-0.5475990380528857,,125.0,0.0,0.0,0.0,0.0,4086.0,22,0.46472317204376906,-0.8854560256532096,0
2017-06-12,9,0,12,2,6,2,2017,163,0,0,0,0,0,0,0.0,1.0,1.2246467991473532e-16,-1.0,0.3294084822245304,-0.9441875088341993,0,0,0,0,0,0,0,0,0,0,0,0,0,0,0,0,0,0,0,0,0,0,0,0,0,0,0,0,0,0,0,0,0,0,0,0,0,0,0,0,0,0,0,111,13,0,0,0,0,0,0,0,0,0,0,0,0,0,0,0,0,0,0,0,0,0,0,0,0,0,0,0,0,0,0,0,0,0,0,0,0,0,0,0,1,0.0,,,,,,,,,3336.0,4225.0,3854.0,3700.0,3725.0,5121.0,3744.0,3597.0,3597.0,3499.0,4305.0,3336.0,4225.0,3854.0,3700.0,3744.0,3597.0,3597.0,3499.0,3130.3333333333335,145.49761357340387,3336.0,3022.0,3709.4285714285716,580.4035190261678,4454.0,3022.0,3895.214285714286,481.1376664548647,4588.0,3022.0,3976.1428571428573,390.0475899797095,4588.0,3022.0,3289.485322896282,3532.675159451991,3752.1240339663796,3915.720670592305,3926.3333333333335,4020.714285714286,0.945042492917847,,,,210.0,15.885714285714286,20.11904761904762,0.9329213523515252,-266.7142857142858,-1.6411916740112606,0.9874729038671122,-163.0,0.0,0.0,0.0,0.0,3636.0,24,0.23931566428755768,-0.970941817426052,0
2017-06-20,19,1,20,3,6,2,2017,171,0,0,0,0,0,0,0.7818314824680298,0.6234898018587336,1.2246467991473532e-16,-1.0,0.19667288979357647,-0.980469160361632,0,0,0,0,0,0,0,0,0,0,0,0,0,0,0,0,0,0,0,0,0,0,0,0,0,0,0,0,0,0,0,0,0,0,0,0,0,0,0,0,0,0,0,103,21,0,0,0,0,0,0,0,0,0,0,0,0,0,0,0,0,0,0,0,0,0,0,0,0,0,0,0,0,0,0,0,0,0,0,0,0,0,0,0,1,0.0,,,,,,,,,,,3527.0,3918.0,3699.0,4129.0,3775.0,3822.0,3751.0,3421.0,3783.0,3033.0,3033.0,3527.0,3918.0,3775.0,3822.0,3751.0,3421.0,3595.0,489.0017041551764,4225.0,3033.0,3990.1428571428573,480.17985575985074,4454.0,3033.0,4029.0,379.5915097650556,4588.0,3033.0,4041.9285714285716,321.56869168093425,4588.0,3033.0,3467.941291585127,3792.0671365145904,3939.0879590583804,4028.4866751733753,3722.5,3923.3333333333335,0.8962765957446809,,,,210.0,14.442857142857143,14.442857142857143,0.9871878700054783,-51.78571428571422,-3.137521150316608,0.9209712478131019,-388.0,0.0,0.0,0.0,0.0,3608.0,25,0.12053668025532308,-0.992708874098054,0
2017-06-29,1,3,29,5,6,2,2017,180,0,0,0,0,0,1,0.43388373911755823,-0.900968867902419,1.2246467991473532e-16,-1.0,0.04302223300453059,-0.99907411510223,0,0,0,0,0,0,0,0,0,0,0,0,0,0,0,0,0,0,0,0,0,0,0,0,0,0,0,0,0,0,0,0,0,0,0,0,0,0,0,0,0,0,0,94,30,0,0,0,0,0,0,0,0,0,0,0,0,0,0,0,0,0,0,0,0,0,0,0,0,0,0,0,0,0,0,0,0,0,0,0,0,0,0,0,1,0.0,4048.0,3880.0,3895.0,4492.0,4131.0,3880.0,4103.0,3608.0,3493.0,3852.0,3823.0,3022.0,4235.0,4065.0,4252.0,4260.0,3736.0,3445.0,4129.0,3880.0,3852.0,3823.0,3022.0,4252.0,4260.0,3736.0,3445.0,3941.0,75.90783885739337,4048.0,3880.0,4061.285714285714,202.01535605402046,4492.0,3880.0,3950.0714285714284,245.91301141597503,4492.0,3493.0,3872.6785714285716,363.0241091532773,4536.0,3022.0,4012.150684931507,4004.6911586175224,3975.4424389939713,3960.4822424399963,3644.25,3913.375,1.1645569620253164,,,,210.0,18.476190476190474,18.34285714285714,1.0487019873657029,188.60714285714266,0.020167885236341596,0.9410153548208604,435.0,0.0,0.0,0.0,0.0,4139.0,26,-3.216245299353273e-16,-1.0,0
2017-07-07,11,4,7,1,7,3,2017,188,0,1,0,0,0,0,-0.433883739117558,-0.9009688679024191,-0.4999999999999997,-0.8660254037844388,-0.09453674981719933,-0.9955213724144752,0,0,0,0,0,0,0,0,0,0,0,0,0,0,0,0,0,0,0,0,0,0,0,0,0,0,0,0,0,0,0,0,0,0,0,0,0,0,0,0,0,0,0,86,38,0,0,0,0,0,0,0,0,0,0,0,0,0,0,0,0,0,0,0,0,0,0,0,0,0,0,0,0,0,0,0,0,0,0,0,0,0,0,0,1,0.0,,,,,,,,,,4131.0,3884.0,3999.0,3336.0,4088.0,4126.0,3737.0,4301.0,3762.0,4875.0,3895.0,4131.0,3884.0,3999.0,4126.0,3737.0,4301.0,3762.0,4172.666666666667,245.4985856487885,4492.0,3895.0,3943.1428571428573,312.4426477983845,4492.0,3493.0,3922.8571428571427,256.6158488432681,4492.0,3493.0,3866.3928571428573,373.2936740581559,4536.0,3022.0,4071.9530332681015,4026.381610542576,3977.025364893333,3959.4471653397636,4004.6666666666665,3961.4285714285716,0.8070866141732284,,,,210.0,18.547619047619047,19.67142857142857,1.019850543603765,76.75,0.07663441639968943,1.0357630004587763,133.0,0.0,0.0,0.0,0.0,4118.0,27,-0.12053668025532283,-0.992708874098054,0
2017-07-15,21,5,15,3,7,3,2017,196,1,0,1,0,0,0,-0.9749279121818236,-0.2225209339563146,-0.4999999999999997,-0.8660254037844388,-0.23030567023061196,-0.973118337233262,0,0,0,0,0,0,0,0,0,0,0,0,0,0,0,0,0,0,0,0,0,0,0,0,0,0,0,0,0,0,0,0,0,0,0,0,0,0,0,0,0,0,0,78,46,0,0,0,0,0,0,0,0,0,0,0,0,0,0,0,0,0,0,0,0,0,0,0,0,0,0,0,0,0,0,0,0,0,0,0,2,1,1,0,0,0.5,,,,,,,,,,,,4188.0,4536.0,4086.0,4588.0,4580.0,4514.0,4050.0,5384.0,4131.0,4131.0,4131.0,4188.0,4588.0,4580.0,4514.0,4050.0,4038.0,112.30612924799192,4131.0,3880.0,3875.8571428571427,254.76343568743397,4188.0,3493.0,3961.0,288.639171680788,4536.0,3493.0,3881.964285714286,382.6903337969652,4536.0,3022.0,4004.516634050881,3929.50638116102,3912.289880642872,3925.1528376518786,4188.0,4353.4,1.1299234135667395,4345.0,,,210.0,19.67142857142857,19.67142857142857,0.9984267905607433,-6.107142857143117,0.6507499466078469,1.078835273011638,81.0,0.0,0.0,0.0,0.0,4315.0,28,-0.23931566428755743,-0.9709418174260521,0
2017-07-24,2,0,24,4,7,3,2017,205,0,0,0,0,0,0,0.0,1.0,-0.4999999999999997,-0.8660254037844388,-0.37770796520396466,-0.9259247771938499,0,0,0,0,0,0,0,0,0,0,0,0,0,0,0,0,0,0,0,0,0,0,0,0,0,0,0,0,0,0,0,0,0,0,0,0,0,0,0,0,0,0,0,69,55,0,0,0,0,0,0,0,0,0,0,0,0,0,0,0,0,0,0,0,0,0,0,0,0,0,0,0,0,0,0,0,0,0,0,0,0,0,0,0,1,0.0,,4451.0,3984.0,3834.0,3594.0,3551.0,4304.0,4315.0,4137.0,3698.0,3544.0,3880.0,3493.0,3636.0,4225.0,3776.0,3143.0,4307.0,4350.0,3551.0,3698.0,3544.0,3880.0,4225.0,3776.0,3143.0,4307.0,4089.6666666666665,262.7373001476739,4451.0,3834.0,4004.714285714286,335.75829498772066,4451.0,3551.0,4032.5,370.2620211224941,4767.0,3551.0,4043.8928571428573,345.42410157512114,4767.0,3544.0,4168.92759295499,4035.6991810789705,4009.37165702549,4005.6020560494917,3668.25,3695.75,1.1262651821862348,,,,210.0,16.909523809523808,17.60952380952381,0.9903116692720063,-39.17857142857156,-1.4269208630645174,0.9071086029197467,-756.0,0.0,0.0,0.0,0.0,4076.0,30,-0.46472317204376806,-0.8854560256532101,0
2017-08-01,12,1,1,1,8,3,2017,213,0,0,0,0,1,0,0.7818314824680298,0.6234898018587336,-0.8660254037844385,-0.5000000000000004,-0.5012418134457756,-0.8653072543632061,0,0,0,0,0,0,0,0,0,0,0,0,0,0,0,0,0,0,0,0,0,0,0,0,0,0,0,0,0,0,0,0,0,0,0,0,0,0,0,0,0,0,0,61,63,0,0,0,0,0,0,0,0,0,0,0,0,0,0,0,0,0,0,0,0,0,0,0,0,0,0,0,0,0,0,0,0,0,0,0,0,0,0,0,1,0.0,,,,,,,,,,3594.0,3702.0,3681.0,4048.0,3608.0,3714.0,4492.0,4624.0,3302.0,4092.0,3834.0,3594.0,3702.0,3681.0,3714.0,4492.0,4624.0,3302.0,3659.6666666666665,124.51595167777589,3834.0,3551.0,3926.1428571428573,299.93400634683843,4315.0,3551.0,3988.9285714285716,361.3963918480874,4767.0,3551.0,4028.75,338.04074405736526,4767.0,3544.0,3786.802348336595,3868.384033135667,3934.621158255972,3971.686168473059,3659.0,3751.1428571428573,1.0359362334504187,,,,210.0,18.257142857142856,17.114285714285714,0.9745312707770046,-102.60714285714266,-0.5761139845525576,0.9082221532733478,532.0,0.0,0.0,0.0,0.0,3670.0,31,-0.5680647467311556,-0.8229838658936566,0
2017-08-09,22,2,9,2,8,3,2017,221,0,0,0,0,0,0,0.9749279121818236,-0.22252093395631434,-0.8660254037844385,-0.5000000000000004,-0.6152845999633277,-0.7883050558305253,0,0,0,0,0,0,0,0,0,0,0,0,0,0,0,0,0,0,0,0,0,0,0,0,0,0,0,0,0,0,0,0,0,0,0,0,0,0,0,0,0,0,0,53,71,0,0,0,0,0,0,0,0,0,0,0,0,0,0,0,0,0,0,0,0,0,0,0,0,0,0,0,0,0,0,0,0,0,0,0,0,0,0,0,1,0.0,,,,,,,,,,,,3849.0,3865.0,4097.0,4119.0,4162.0,4243.0,3492.0,4129.0,3551.0,3551.0,3551.0,3849.0,4119.0,4162.0,4243.0,3492.0,4056.6666666666665,357.5885282773422,4315.0,3551.0,3943.714285714286,284.08837371781453,4315.0,3551.0,3997.3571428571427,354.33188783214797,4767.0,3551.0,4038.8571428571427,335.53536265472343,4767.0,3544.0,3886.491193737769,3975.7666330586317,4004.9918160015095,4010.682159356,3849.0,4006.6,0.9058673469387755,,,,210.0,16.909523809523808,16.909523809523808,0.9764431239388796,-95.14285714285688,-1.453966398645031,0.9529923599320883,59.0,0.0,0.0,0.0,0.0,4141.0,32,-0.663122658240795,-0.7485107481711013,0
2017-08-18,4,4,18,3,8,3,2017,230,0,1,0,0,0,0,-0.433883739117558,-0.9009688679024191,-0.8660254037844385,-0.5000000000000004,-0.7295575540864876,-0.6839194216246105,0,0,0,0,0,0,0,0,0,0,0,0,0,0,0,0,0,0,0,0,0,0,0,0,0,0,0,0,0,0,0,0,0,0,0,0,0,0,0,0,0,0,0,44,80,0,0,0,0,0,0,0,0,0,0,0,0,0,0,0,0,0,0,0,0,0,0,0,0,0,0,0,0,0,0,0,0,0,0,0,0,0,0,0,1,0.0,,,,4245.0,4473.0,3958.0,4068.0,4141.0,4152.0,4612.0,4433.0,4451.0,4137.0,4118.0,4131.0,4166.0,4488.0,3824.0,4460.0,3958.0,4612.0,4433.0,4451.0,4131.0,4166.0,4488.0,3824.0,4225.333333333333,210.70727456724308,4473.0,3958.0,4168.285714285715,148.6930820618808,4473.0,3958.0,4192.214285714285,388.01347152081286,4925.0,3454.0,4188.107142857143,376.30594878613965,4925.0,3454.0,4253.262230919765,4240.389759513347,4235.442547247091,4200.075890734277,4363.5,4275.375,0.9498769299619602,,,,210.0,18.847619047619048,21.961904761904762,0.9952672107242447,-19.82142857142844,-0.6114895169725751,1.0418787894292512,134.0,0.0,0.0,0.0,0.0,4350.0,33,-0.7485107481711011,-0.6631226582407952,0
2017-08-26,13,5,26,4,8,3,2017,238,1,0,1,0,0,0,-0.9749279121818236,-0.2225209339563146,-0.8660254037844385,-0.5000000000000004,-0.8165380514459157,-0.5772916165517278,0,0,0,0,0,0,0,0,0,0,0,0,0,0,0,0,0,0,0,0,0,0,0,0,0,0,0,0,0,0,0,0,0,0,0,0,0,0,0,0,0,0,0,36,88,0,0,0,0,0,0,0,0,0,0,0,0,0,0,0,0,0,0,0,0,0,0,0,0,0,0,0,0,0,0,0,0,0,0,0,2,1,1,0,0,0.5,,,,,,,,,,4473.0,4779.0,4767.0,4781.0,4315.0,4752.0,4369.0,4549.0,4080.0,4277.0,4473.0,4473.0,4779.0,4767.0,4752.0,4369.0,4549.0,4080.0,4166.333333333333,221.4472598360361,4473.0,3958.0,4265.428571428572,305.99759903019645,4925.0,3958.0,4180.071428571428,388.8307498653062,4925.0,3454.0,4190.214285714285,376.78350710254,4925.0,3454.0,4262.242661448141,4239.038970867498,4233.9524935405325,4196.698424137208,4673.0,4662.0,1.1071782178217822,4615.0,,,210.0,21.3,21.3,1.0179499855104581,75.21428571428623,0.7505257235390501,1.115217428362,393.0,0.0,0.0,0.0,0.0,3762.0,34,-0.8229838658936564,-0.5680647467311559,0
2017-09-03,23,6,3,1,9,3,2017,246,1,0,0,1,1,0,-0.7818314824680299,0.6234898018587334,-1.0,-1.8369701987210297e-16,-0.888057322629493,-0.4597327394521046,0,0,0,0,0,0,0,0,0,0,0,0,0,0,0,0,0,0,0,0,0,0,0,0,0,0,0,0,0,0,0,0,0,0,0,0,0,0,0,0,0,0,0,28,96,0,0,0,0,0,0,0,0,0,0,0,0,0,0,0,0,0,0,0,0,0,0,0,0,0,0,0,0,0,0,0,0,0,0,0,2,2,0,1,0,1.0,,,,,,,,,,,,4925.0,4075.0,4479.0,4521.0,4142.0,4158.0,4557.0,4128.0,4068.0,4068.0,4068.0,4925.0,4521.0,4142.0,4158.0,4557.0,4120.333333333333,37.27674282385138,4152.0,4068.0,4402.571428571428,331.6740470241646,4925.0,4068.0,4235.0,409.50719512255563,4925.0,3454.0,4190.964285714285,371.26900933947934,4925.0,3454.0,4143.6360078277885,4229.454085864453,4234.247316254555,4192.45781328231,4925.0,4460.8,1.190169689877121,4066.0,,,206.0,19.74757281553398,19.74757281553398,1.0504912780045508,211.60714285714312,-0.33119997258335604,1.1751472129666716,-489.0,0.0,0.0,0.0,0.0,4195.0,35,-0.8854560256532096,-0.4647231720437691,0
2017-09-12,5,1,12,2,9,3,2017,255,0,0,0,0,0,0,0.7818314824680298,0.6234898018587336,-1.0,-1.8369701987210297e-16,-0.9483615800121716,-0.31719128858910595,0,0,0,0,0,0,0,0,0,0,0,0,0,0,0,0,0,0,0,0,0,0,0,0,0,0,0,0,0,0,0,0,0,0,0,0,0,0,0,0,0,0,0,19,105,0,0,0,0,0,0,0,0,0,0,0,0,0,0,0,0,0,0,0,0,0,0,0,0,0,0,0,0,0,0,0,0,0,0,0,0,0,0,0,1,0.0,,,,,4746.0,4176.0,3785.0,4195.0,4698.0,3265.0,3777.0,4168.0,4152.0,3670.0,3594.0,3911.0,3600.0,3405.0,3851.0,4176.0,3265.0,3777.0,4168.0,3594.0,3911.0,3600.0,3405.0,4235.666666666667,394.5886747262549,4746.0,3785.0,4233.285714285715,373.7102446264693,4746.0,3701.0,3941.8571428571427,476.015734605314,4746.0,3099.0,4025.75,426.90678348524085,4791.0,3099.0,4425.097847358122,4215.877470695623,4082.8311096625507,4052.233124660021,3846.5,3865.875,1.1791304347826086,,,,210.0,19.885714285714286,15.547619047619047,1.0515520621712016,207.53571428571468,0.3519503690556711,0.9554741352543005,771.0,0.0,0.0,0.0,0.0,4239.0,37,-0.970941817426052,-0.23931566428755774,0
2017-09-20,15,2,20,3,9,3,2017,263,0,0,0,0,0,0,0.9749279121818236,-0.22252093395631434,-1.0,-1.8369701987210297e-16,-0.9829265519799822,-0.18399835165767986,0,0,0,0,0,0,0,0,0,0,0,0,0,0,0,0,0,0,0,0,0,0,0,0,0,0,0,0,0,0,0,0,0,0,0,0,0,0,0,0,0,0,0,11,113,0,0,0,0,0,0,0,0,0,0,0,0,0,0,0,0,0,0,0,0,0,0,0,0,0,0,0,0,0,0,0,0,0,0,0,0,0,0,0,1,0.0,,,,,,,,,,,3674.0,3346.0,4313.0,4141.0,4205.0,4103.0,3917.0,3520.0,4119.0,3785.0,3785.0,3674.0,3346.0,4205.0,4103.0,3917.0,3520.0,4226.0,373.3747000891553,4698.0,3785.0,3950.0,447.226372848727,4698.0,3265.0,3813.3571428571427,432.75341166318077,4698.0,3099.0,4003.285714285714,404.2956712554791,4791.0,3099.0,4024.5283757338552,3993.0947875480447,3950.519644391403,3987.696096469177,3510.0,3933.8333333333335,0.9308903098868667,,,,210.0,18.023809523809526,18.023809523809526,0.9866895050494237,-53.28571428571422,-0.5399160312744902,0.87677978803126,265.0,0.0,0.0,0.0,0.0,4029.0,38,-0.992708874098054,-0.12053668025532357,0
2017-09-28,24,3,28,4,9,3,2017,271,0,0,0,0,0,1,0.43388373911755823,-0.900968867902419,-1.0,-1.8369701987210297e-16,-0.9988797155850335,-0.04732138832243232,0,0,0,0,0,0,0,0,0,0,0,0,0,0,0,0,0,0,0,0,0,0,0,0,0,0,0,0,0,0,0,0,0,0,0,0,0,0,0,0,0,0,0,3,121,0,0,0,0,0,0,0,0,0,0,0,0,0,0,0,0,0,0,0,0,0,0,0,0,0,0,0,0,0,0,0,0,0,0,0,0,0,0,0,1,0.0,,,,,,,,,,,,3701.0,4135.0,4306.0,4149.0,4139.0,4260.0,3400.0,4616.0,4195.0,4195.0,4195.0,3701.0,4149.0,4139.0,4260.0,3400.0,4408.333333333333,212.32417562669485,4698.0,4195.0,3852.0,538.4936662314874,4698.0,3099.0,3824.0714285714284,433.77437589566483,4698.0,3099.0,4016.0,402.82617662141644,4791.0,3099.0,4264.011741682974,4062.3405127672427,3976.0943170044557,4002.683266173629,3701.0,4071.8,0.9205617730963354,,,,210.0,19.976190476190474,19.976190476190474,0.9591633466135459,-164.0,0.4443603975821749,0.9215637450199203,795.0,0.0,0.0,0.0,0.0,3846.0,39,-1.0,-1.8369701987210297e-16,0
2017-10-07,6,5,7,1,10,4,2017,280,1,0,1,0,0,0,-0.9749279121818236,-0.2225209339563146,-0.8660254037844386,0.5000000000000001,-0.994217906893952,0.10738134666416306,0,0,0,0,0,1,0,0,0,0,0,0,0,0,0,0,0,0,0,0,0,0,0,0,0,0,0,0,0,0,0,0,0,1,0,0,0,0,0,0,0,0,0,79,3,0,0,0,0,0,0,0,0,0,0,0,0,1,0,0,0,0,0,0,0,0,0,0,0,0,0,0,0,0,0,0,0,0,1,0,8,7,0,0,0,0.875,,,,,,4041.0,3885.0,3846.0,3984.0,4610.0,4835.0,4909.0,4698.0,3762.0,4473.0,4767.0,4314.0,3645.0,3879.0,4041.0,4610.0,4835.0,4909.0,4473.0,4767.0,4314.0,3645.0,3924.0,84.24962907930218,4041.0,3846.0,3922.0,106.38474648987179,4053.0,3730.0,4039.0714285714284,250.4106525249259,4610.0,3730.0,4222.25,349.8033758923923,4909.0,3730.0,3964.682974559687,3975.4049147077403,4046.1179489786564,4107.327497701783,4598.75,4514.875,1.0335038363171356,,,,223.0,18.121076233183857,20.672645739910315,0.9288886257327255,-300.25,-0.5181482298094137,1.0891704659837764,396.0,0.0,4222.25,0.0,0.0,4170.0,40,-0.992708874098054,0.1205366802553232,0
2017-10-15,16,6,15,3,10,4,2017,288,1,0,0,1,0,0,-0.7818314824680299,0.6234898018587334,-0.8660254037844386,0.5000000000000001,-0.970063921851507,0.2428497220959358,0,0,0,0,0,0,0,0,0,0,0,0,0,0,0,0,0,0,0,0,0,0,0,0,0,0,0,0,0,0,0,0,0,0,0,0,0,0,0,0,0,0,0,71,11,0,0,0,0,0,0,0,0,0,0,0,0,0,0,0,0,0,0,0,0,0,0,0,0,0,0,0,0,0,0,0,0,0,0,0,2,2,0,1,0,1.0,,,,,,,,,,,4053.0,4501.0,4454.0,4195.0,4170.0,4304.0,4252.0,4122.0,4023.0,3846.0,3846.0,4053.0,4501.0,4170.0,4304.0,4252.0,4122.0,3853.3333333333335,103.82463848025455,3984.0,3730.0,4035.8571428571427,262.6172818660148,4610.0,3730.0,4124.642857142857,321.5572837531345,4835.0,3730.0,4261.678571428572,352.25863606684436,4909.0,3730.0,3892.7964774951074,3977.9292792211636,4072.3172436778996,4129.259229109192,4277.0,4137.5,1.1311764705882352,3793.0,,,210.0,18.314285714285713,18.314285714285713,0.9470111542232688,-225.8214285714289,-1.180037985923765,1.0035951628717725,-276.0,0.0,0.0,0.0,0.0,3835.0,41,-0.9709418174260521,0.23931566428755738,0
2017-10-23,26,0,23,4,10,4,2017,296,0,0,0,0,0,0,0.0,1.0,-0.8660254037844386,0.5000000000000001,-0.9275416835791965,0.3737197147904692,0,0,0,0,0,0,0,0,0,0,0,0,0,0,0,0,0,0,0,0,0,0,0,0,0,0,0,0,0,0,0,0,0,0,0,0,0,0,0,0,0,0,0,63,19,0,0,0,0,0,0,0,0,0,0,0,0,0,0,0,0,0,0,0,0,0,0,0,0,0,0,0,0,0,0,0,0,0,0,0,0,0,0,0,1,0.0,,,,,,,,,,,,3915.0,3833.0,3968.0,3099.0,4076.0,3776.0,3589.0,3793.0,3730.0,3730.0,3730.0,3915.0,3099.0,4076.0,3776.0,3589.0,3899.3333333333335,132.32871528466106,4053.0,3730.0,4098.714285714285,255.9334256546943,4610.0,3730.0,4181.428571428572,325.3417355611776,4835.0,3730.0,4245.428571428572,372.1007379509929,4909.0,3674.0,3894.5772994129156,4036.1425123114586,4126.404499978336,4162.506313171049,3915.0,3720.0,1.044525343041165,,,,210.0,17.761904761904763,17.761904761904763,0.9654418197725283,-146.71428571428623,-1.385185566324933,0.922168382798304,141.0,0.0,0.0,0.0,0.0,3898.0,43,-0.8854560256532101,0.464723172043768,0
2017-11-01,7,2,1,1,11,4,2017,305,0,0,0,0,1,0,0.9749279121818236,-0.22252093395631434,-0.5000000000000004,0.8660254037844384,-0.858763958275803,0.5123714121284235,0,0,0,0,0,0,0,0,0,0,0,0,0,0,0,0,0,0,0,0,0,0,0,0,0,0,0,0,0,0,0,0,0,0,0,0,0,0,0,0,0,0,0,54,28,0,0,0,0,0,0,0,0,0,0,0,0,0,0,0,0,0,0,0,0,0,0,0,0,0,0,0,0,0,0,0,0,0,0,0,0,0,0,0,1,0.0,,,,,,,3693.0,3898.0,3897.0,3793.0,3490.0,3639.0,3984.0,4029.0,4746.0,3924.0,3970.0,3175.0,3092.0,3693.0,3793.0,3490.0,3639.0,4746.0,3924.0,3970.0,3175.0,3829.3333333333335,96.40308893160818,3898.0,3693.0,4038.285714285714,329.2778740932147,4765.0,3693.0,4058.3571428571427,347.4335716862921,4765.0,3490.0,3988.75,411.1705958949052,4765.0,3083.0,3859.436399217221,3981.3664087507195,4005.0911964055267,4019.1603071934187,3640.6666666666665,3966.1428571428573,1.1476072094468615,,,,208.0,17.754807692307693,18.235576923076923,1.0124188566056318,49.53571428571422,-0.7192878161832209,0.9127337302830878,518.0,0.0,0.0,0.0,0.0,3759.0,44,-0.822983865893657,0.5680647467311548,0
2017-11-09,17,3,9,2,11,4,2017,313,0,0,0,0,0,0,0.43388373911755823,-0.900968867902419,-0.5000000000000004,0.8660254037844384,-0.780295851070776,0.6254105729852457,0,0,0,0,0,0,0,0,0,0,0,0,0,0,0,0,0,0,0,0,0,0,0,0,0,0,0,0,0,0,0,0,0,0,0,0,0,0,0,0,0,0,0,46,36,0,0,0,0,0,0,0,0,0,0,0,0,0,0,0,0,0,0,0,0,0,0,0,0,0,0,0,0,0,0,0,0,0,0,0,0,0,0,0,1,0.0,,,,,,,,,,,4136.0,3910.0,4058.0,3846.0,4543.0,4068.0,4178.0,3616.0,3734.0,3897.0,3897.0,4136.0,3910.0,4543.0,4068.0,4178.0,3616.0,4249.333333333333,372.70572246150925,4765.0,3897.0,4124.0,286.6964547092572,4765.0,3793.0,3961.785714285714,475.5257509282945,4765.0,3083.0,3990.6785714285716,410.1523282854301,4765.0,3083.0,4155.814090019569,4138.505066579884,4077.232443255311,4053.9987462178633,4023.0,4122.333333333333,0.9417593040115998,,,,208.0,18.735576923076923,18.735576923076923,1.0334082102041364,133.32142857142844,-0.22839946275613845,1.0080992312442387,281.0,0.0,0.0,0.0,0.0,4129.0,45,-0.7485107481711011,0.6631226582407952,0
2017-11-17,27,4,17,3,11,4,2017,321,0,1,0,0,0,0,-0.433883739117558,-0.9009688679024191,-0.5000000000000004,0.8660254037844384,-0.6870527672236675,0.7266075247685652,0,0,0,0,0,0,0,0,0,0,0,0,0,0,0,0,0,0,0,0,0,0,0,0,0,0,0,0,0,0,0,0,0,0,0,0,0,0,0,0,0,0,0,38,44,0,0,0,0,0,0,0,0,0,0,0,0,0,0,0,0,0,0,0,0,0,0,0,0,0,0,0,0,0,0,0,0,0,0,0,0,0,0,0,1,0.0,,,,,,,,,,,,4086.0,4452.0,4567.0,4113.0,4350.0,4166.0,3661.0,3983.0,4086.0,4086.0,4086.0,4086.0,4113.0,4350.0,4166.0,3661.0,4005.0,151.29000848260492,4136.0,3793.0,4101.714285714285,265.17041112985345,4671.0,3793.0,3878.714285714286,452.2605804766332,4671.0,3083.0,3990.714285714286,400.4190534519392,4671.0,3083.0,4064.7553816046966,4036.7875527787437,4003.713652460159,4013.8584388319355,4086.0,4220.6,1.215709610235049,,,,208.0,19.64423076923077,19.64423076923077,1.0278145695364238,110.99999999999955,0.2379649855926524,1.0238768569894399,425.0,0.0,0.0,0.0,0.0,4029.0,46,-0.6631226582407955,0.7485107481711007,0
2017-11-26,9,6,26,4,11,4,2017,330,1,0,0,1,0,0,-0.7818314824680299,0.6234898018587334,-0.5000000000000004,0.8660254037844384,-0.5667017562911184,0.8239230057575536,0,0,0,0,0,0,0,0,0,0,0,0,0,0,0,0,0,0,0,0,0,0,0,0,0,0,0,0,0,0,0,0,0,0,0,0,0,0,0,0,0,0,0,29,53,0,0,0,0,0,0,0,0,0,0,0,0,0,0,0,0,0,0,0,0,0,0,0,0,0,0,0,0,0,0,0,0,0,0,0,2,2,0,1,0,1.0,,,,,,,,,3953.0,3825.0,4146.0,3975.0,3897.0,3835.0,4231.0,3452.0,4454.0,4293.0,4138.0,3953.0,3825.0,4146.0,3975.0,4231.0,3452.0,4454.0,4293.0,3741.0,164.85144827995902,3953.0,3551.0,3943.0,333.775373567314,4490.0,3551.0,3989.1428571428573,354.1881778181232,4610.0,3499.0,3994.6071428571427,353.22011948093,4765.0,3499.0,3835.0802348336597,3863.5154249897723,3918.7578840832343,3962.329121770637,3982.0,3891.1428571428573,1.0800546448087431,3918.0,,,208.0,19.004807692307693,18.389423076923077,0.9870807964309024,-51.60714285714266,-0.11779380777710481,0.9968439592665111,-340.0,0.0,0.0,0.0,0.0,3948.0,47,-0.5680647467311559,0.8229838658936564,0
2017-12-04,18,0,4,1,12,4,2017,338,0,0,0,0,0,0,0.0,1.0,-2.4492935982947064e-16,1.0,-0.4482293417404106,0.893918596519257,0,0,0,0,0,0,0,0,0,0,0,0,0,0,0,0,0,0,0,0,0,0,0,0,0,0,0,0,0,0,0,0,0,0,0,0,0,0,0,0,0,0,0,21,61,0,0,0,0,0,0,0,0,0,0,0,0,0,0,0,0,0,0,0,0,0,0,0,0,0,0,0,0,0,0,0,0,0,0,0,0,0,0,0,1,0.0,,,,,,,,,,,3680.0,3683.0,3654.0,3898.0,3083.0,3785.0,3539.0,3909.0,3629.0,3719.0,3719.0,3680.0,3683.0,3083.0,3785.0,3539.0,3909.0,3650.0,71.79136438319027,3719.0,3551.0,3968.1428571428573,340.149726936086,4490.0,3551.0,4002.285714285714,356.01232494143244,4610.0,3499.0,4001.1428571428573,354.08178174436665,4765.0,3499.0,3716.2720156555774,3833.600611772898,3913.5295973613406,3963.0535824901885,3681.5,3680.6666666666665,1.0589407744874715,,,,200.0,18.595,18.595,0.9917523564695802,-33.0,-0.79682963566466,0.9201121108254784,-190.0,0.0,0.0,0.0,0.0,3282.0,49,-0.35460488704253595,0.9350162426854147,0
2017-12-12,28,1,12,2,12,4,2017,346,0,0,0,0,0,0,0.7818314824680298,0.6234898018587336,-2.4492935982947064e-16,1.0,-0.32126966169236515,0.9469877530760751,0,0,0,0,0,0,0,0,0,0,0,0,0,0,0,0,0,0,0,0,0,0,0,0,0,0,0,0,0,0,0,0,0,0,0,0,0,0,0,0,0,0,0,13,69,0,0,0,0,0,0,0,0,0,0,0,0,0,0,0,0,0,0,0,0,0,0,0,0,0,0,0,0,0,0,0,0,0,0,0,0,0,0,0,1,0.0,,,,,,,,,,,,,3499.0,3572.0,4105.0,4239.0,3911.0,3597.0,3594.0,3680.0,3680.0,3680.0,3680.0,4105.0,4239.0,3911.0,3597.0,3998.3333333333335,352.6644612407411,4490.0,3680.0,3971.1428571428573,343.2805718656507,4490.0,3499.0,4006.6428571428573,351.99281793461495,4610.0,3499.0,4023.5714285714284,341.6483602197094,4765.0,3499.0,3877.1115459882585,3978.9013064784735,4004.087533486629,4012.961166052459,,3717.25,0.9646133682830931,,,,210.0,17.523809523809526,17.523809523809526,0.9869696431741524,-52.428571428571104,-1.0056287943266649,,83.0,0.0,0.0,0.0,0.0,3594.0,50,-0.2393156642875578,0.970941817426052,0
2017-12-21,10,3,21,3,12,4,2017,355,0,0,0,0,0,0,0.43388373911755823,-0.900968867902419,-2.4492935982947064e-16,1.0,-0.1712931441814778,0.9852201067560606,0,0,0,0,0,0,0,0,0,0,0,0,0,0,0,0,0,0,0,0,0,0,0,0,0,0,0,0,0,0,0,0,0,0,0,0,0,0,0,0,0,0,0,4,78,0,0,0,0,0,0,0,0,0,0,0,0,0,0,0,0,0,0,0,0,0,0,0,0,0,0,0,0,0,0,0,0,0,0,0,0,0,0,0,1,0.0,,,,,,,,,,4022.0,3843.0,4125.0,3953.0,4129.0,3844.0,4241.0,3880.0,3564.0,4142.0,3831.0,4022.0,3843.0,4125.0,3844.0,4241.0,3880.0,3564.0,4212.666666666667,270.681034101435,4429.0,3831.0,3945.714285714286,359.2999997160011,4429.0,3282.0,3983.4285714285716,344.32827241409245,4765.0,3282.0,4010.4285714285716,323.32131613827715,4765.0,3282.0,4059.2504892367906,4053.958255616943,4032.1887557756527,4023.959270503513,3996.6666666666665,4007.5714285714284,0.8351863963374755,,,,210.0,18.242857142857144,19.152380952380952,0.9838634987354398,-64.71428571428578,-0.55495435182453,0.9965684702976763,267.0,0.0,0.0,0.0,0.0,4043.0,51,-0.12053668025532363,0.992708874098054,0
2017-12-29,20,4,29,5,12,4,2017,363,0,1,0,0,0,1,-0.433883739117558,-0.9009688679024191,-2.4492935982947064e-16,1.0,-0.034421611622745804,0.9994074007397048,0,0,0,0,0,0,0,0,0,0,0,0,0,0,0,0,0,0,0,0,0,0,0,0,0,0,0,0,0,0,0,0,0,0,0,0,0,0,0,0,0,0,0,3,4,0,0,0,0,0,0,0,0,0,0,0,0,0,0,0,0,0,0,0,0,0,0,0,0,0,0,0,0,0,0,0,0,0,0,0,0,0,0,0,1,0.0,,,,,,,,,,,4378.0,4038.0,3866.0,4029.0,4388.0,3885.0,4363.0,3736.0,4886.0,4378.0,4378.0,4378.0,4038.0,4388.0,3885.0,4363.0,3736.0,4072.3333333333335,231.77623308316626,4378.0,3817.0,4009.285714285714,430.9331119080727,4765.0,3282.0,4001.785714285714,356.3235244572447,4765.0,3282.0,4012.3928571428573,326.4470356609732,4765.0,3282.0,4145.665362035225,4028.3849744479394,4007.0274571192854,4009.5149565051843,4208.0,4180.333333333333,1.1131451817950673,,,,210.0,20.847619047619048,20.847619047619048,0.999225613501028,-3.107142857143117,1.119958532069008,1.0487507454582676,642.0,0.0,0.0,0.0,0.0,4251.0,52,6.432490598706546e-16,1.0,0
2018-01-07,2,6,7,1,1,1,2018,7,1,0,0,1,0,0,-0.7818314824680299,0.6234898018587334,0.49999999999999994,0.8660254037844387,0.1202080448993527,0.9927487224577402,0,0,0,0,0,0,0,0,0,0,0,0,0,0,0,0,0,0,0,0,0,0,0,0,0,0,0,0,0,0,0,0,0,0,0,0,0,0,0,0,0,0,0,40,6,0,0,0,0,0,0,0,0,0,0,0,0,0,0,0,0,0,0,0,0,0,0,0,0,0,0,0,0,0,0,0,0,0,0,0,2,2,0,1,0,1.0,,3829.0,3560.0,3592.0,4042.0,4582.0,4365.0,4251.0,4052.0,4625.0,3786.0,3831.0,3940.0,3948.0,3825.0,3329.0,4521.0,4691.0,4053.0,4582.0,4625.0,3786.0,3831.0,3825.0,3329.0,4521.0,4691.0,3660.3333333333335,119.97870181365062,3829.0,3560.0,4031.5714285714284,362.34192894197014,4582.0,3560.0,4034.6428571428573,362.36930789751284,4625.0,3480.0,3989.3928571428573,334.20463569556927,4625.0,3423.0,3781.4598825831704,3899.7436712348785,3964.0143623213094,3983.5107475972513,4206.0,4067.375,0.9584480600750939,4233.0,,,210.0,21.81904761904762,22.023809523809526,1.0105726793371708,42.178571428571104,1.7731864838552243,1.0542957664521095,-109.0,0.0,0.0,0.0,0.0,3923.0,1,0.12053668025532305,0.992708874098054,0
2018-01-15,11,0,15,3,1,1,2018,15,0,0,0,0,0,0,0.0,1.0,0.49999999999999994,0.8660254037844387,0.255353295116187,0.9668478136052775,0,0,0,0,0,0,0,0,0,0,0,0,0,0,0,0,0,0,0,0,0,0,0,0,0,0,0,0,0,0,0,0,0,0,0,0,0,0,0,0,0,0,0,32,14,0,0,0,0,0,0,0,0,0,0,0,0,0,0,0,0,0,0,0,0,0,0,0,0,0,0,0,0,0,0,0,0,0,0,0,0,0,0,0,1,0.0,,,,,,,,,,4042.0,4103.0,3423.0,3633.0,3282.0,4303.0,4086.0,3551.0,4320.0,3630.0,3560.0,4042.0,4103.0,3423.0,4303.0,4086.0,3551.0,4320.0,3731.3333333333335,220.06261735141558,4042.0,3560.0,4063.4285714285716,352.809077119565,4582.0,3560.0,4049.9285714285716,357.85780581632343,4625.0,3480.0,3996.285714285714,332.81288792254867,4625.0,3423.0,3733.7553816046966,3923.5474090450084,3984.897806573577,3994.9708595207794,3856.0,3779.8571428571427,0.9732094040459267,,,,210.0,16.952380952380953,19.247619047619047,1.0168013155072568,67.14285714285734,-1.310903904620561,0.9648959748337742,-760.0,0.0,0.0,0.0,0.0,3541.0,3,0.3546048870425356,0.9350162426854148,0
2018-01-23,21,1,23,4,1,1,2018,23,0,0,0,0,0,0,0.7818314824680298,0.6234898018587336,0.49999999999999994,0.8660254037844387,0.38566340624360707,0.9226395488404876,0,0,0,0,0,0,0,0,0,0,0,0,0,0,0,0,0,0,0,0,0,0,0,0,0,0,0,0,0,0,0,0,0,0,0,0,0,0,0,0,0,0,0,24,22,0,0,0,0,0,0,0,0,0,0,0,0,0,0,0,0,0,0,0,0,0,0,0,0,0,0,0,0,0,0,0,0,0,0,0,0,0,0,0,1,0.0,,,,,,,,,,,,3745.0,3755.0,3594.0,3869.0,3693.0,4125.0,3143.0,3436.0,4042.0,4042.0,4042.0,3745.0,3869.0,3693.0,4125.0,3143.0,4329.666666666667,221.86532451517118,4582.0,4042.0,4126.714285714285,271.12132986949604,4582.0,3745.0,4077.5,326.3142109772639,4625.0,3480.0,4015.0714285714284,315.55935920785726,4625.0,3423.0,4227.168297455969,4196.07374072932,4121.168617714262,4059.3334357794247,3745.0,3764.8,0.8685002148689299,,,,210.0,19.247619047619047,19.247619047619047,1.0278059454555157,111.64285714285688,0.08533599350743343,0.9327355855615449,899.0,0.0,0.0,0.0,0.0,3655.0,4,0.4647231720437685,0.8854560256532099,0
2018-02-01,3,3,1,1,2,1,2018,32,0,0,0,0,1,0,0.43388373911755823,-0.900968867902419,0.8660254037844386,0.5000000000000001,0.5234156073655503,0.8520775211013093,0,0,0,0,0,0,0,0,0,0,0,0,0,0,0,0,0,0,0,0,0,0,0,0,0,0,0,0,0,0,0,0,0,0,0,0,0,0,0,0,0,0,0,15,31,0,0,0,0,0,0,0,0,0,0,0,0,0,0,0,0,0,0,0,0,0,0,0,0,0,0,0,0,0,0,0,0,0,0,0,0,0,0,0,1,0.0,,,4080.0,4146.0,3806.0,3990.0,3784.0,3655.0,3355.0,4056.0,4565.0,3829.0,4052.0,4043.0,4022.0,4137.0,4149.0,4877.0,2813.0,3990.0,4056.0,4565.0,3829.0,4022.0,4137.0,4149.0,4877.0,4010.6666666666665,147.20809156504347,4146.0,3806.0,3830.8571428571427,252.6694218434314,4146.0,3355.0,3878.1428571428573,281.7044695479029,4415.0,3355.0,3967.035714285714,349.88666350108053,4781.0,3355.0,4034.5185909980432,3958.1682760570934,3947.972182418813,3968.276997000835,4110.0,4083.25,1.3835198372329602,,,,206.0,19.368932038834952,19.689320388349515,0.9656724614456638,-136.17857142857156,0.06563349824339577,1.0360380636855515,-887.0,0.0,0.0,0.0,0.0,3785.0,5,0.5680647467311558,0.8229838658936564,0
2018-02-09,13,4,9,2,2,1,2018,40,0,1,0,0,0,0,-0.433883739117558,-0.9009688679024191,0.8660254037844386,0.5000000000000001,0.6354323008901774,0.7721565844991642,1,0,0,0,0,0,0,0,0,1,0,0,0,0,0,0,0,0,0,0,0,0,0,0,0,0,0,0,0,0,0,0,0,0,0,0,0,0,0,0,0,0,0,7,39,0,0,0,0,1,0,0,0,0,0,0,0,0,0,0,0,0,0,0,0,0,0,0,0,0,0,0,0,0,0,0,0,1,0,0,0,0,0,0,1,0.0,,,,,,,,,,3806.0,4252.0,4297.0,4354.0,4251.0,4214.0,4383.0,3958.0,4403.0,5070.0,3806.0,3806.0,4252.0,4297.0,4214.0,4383.0,3958.0,4403.0,3860.0,92.36160818579691,3990.0,3784.0,3828.4285714285716,299.5343324671324,4415.0,3355.0,3931.0,365.34797502811324,4781.0,3355.0,3992.785714285714,373.25693536211537,4781.0,3355.0,3832.5714285714284,3841.533975770271,3893.9887889158717,3946.3217355396996,4118.333333333333,4093.4285714285716,1.8141086749285034,,4243.0,1.0653852851721806,206.0,18.475728155339805,18.475728155339805,0.9588364729243816,-164.35714285714266,-0.5004212824726324,1.0314436155685551,-597.0,3992.785714285714,0.0,0.0,0.0,3902.0,6,0.6631226582407952,0.7485107481711011,0
2018-02-17,22,5,17,3,2,1,2018,48,1,0,1,0,0,0,-0.9749279121818236,-0.2225209339563146,0.8660254037844386,0.5000000000000001,0.7354170229639855,0.6776147890466889,1,0,0,0,0,0,0,0,0,0,0,0,0,0,0,0,0,1,0,0,0,0,0,0,0,0,0,0,0,0,0,0,0,0,0,0,0,0,0,0,0,0,0,43,1,0,0,0,0,0,1,0,0,0,0,0,0,0,0,0,0,0,0,0,0,0,0,0,0,0,0,0,0,0,0,0,0,0,1,0,7,3,0,0,0,0.42857142857142855,,,,,,,,,,,,4415.0,4781.0,4511.0,4409.0,4639.0,4791.0,4488.0,4341.0,3990.0,3990.0,3990.0,4415.0,4409.0,4639.0,4791.0,4488.0,3809.6666666666665,137.96215262004125,3990.0,3655.0,3892.1428571428573,333.49638189145907,4415.0,3355.0,3966.0714285714284,375.1017889064465,4781.0,3355.0,4008.6785714285716,374.43739258971954,4781.0,3355.0,3859.1037181996085,3853.8141261736228,3907.679909419522,3956.822791653346,4415.0,4496.2,1.4712389380530972,5000.0,3622.0,0.9094568708210319,212.0,18.82075471698113,18.82075471698113,0.9709291448019031,-116.53571428571422,-0.04988436464474086,1.101360441185642,-498.0,4008.6785714285716,0.0,0.0,0.0,3057.0,7,0.7485107481711011,0.6631226582407953,0
2018-02-26,4,0,26,4,2,1,2018,57,0,0,0,0,0,0,0.0,1.0,0.8660254037844386,0.5000000000000001,0.8311706263658079,0.5560174366570446,1,0,0,0,0,0,0,0,0,0,0,0,0,0,0,0,0,0,0,0,0,0,0,0,0,0,1,0,0,0,0,0,0,0,0,0,0,0,0,0,0,0,0,34,10,1,0,0,0,0,0,0,0,0,0,0,0,0,0,0,0,0,0,0,0,0,0,0,0,0,0,0,0,1,0,0,0,0,0,0,0,0,0,0,1,0.0,,,,4295.0,4299.0,4275.0,4059.0,3057.0,2422.0,2920.0,4530.0,3658.0,3355.0,3541.0,4042.0,3673.0,3099.0,3995.0,3918.0,4275.0,2920.0,4530.0,3658.0,4042.0,3673.0,3099.0,3995.0,4289.666666666667,10.498677165349081,4299.0,4275.0,3429.1428571428573,1009.1105600720763,4299.0,1597.0,3359.6428571428573,889.2607368838823,4299.0,1597.0,3729.1785714285716,783.0590222952285,5036.0,1597.0,4177.154598825831,3774.215150761488,3603.2928183065032,3659.7412980032077,3845.75,3763.5,1.21568072459666,,4297.0,1.0789442777244544,212.0,20.16509433962264,13.773584905660377,0.9195437524541024,-300.0357142857142,0.697037404628285,1.031259277703822,280.0,3729.1785714285716,0.0,0.0,0.0,3633.0,9,0.8854560256532099,0.4647231720437686,0
2018-03-06,14,1,6,1,3,1,2018,65,0,0,0,0,0,0,0.7818314824680298,0.6234898018587336,1.0,6.123233995736766e-17,0.8996308696522433,0.43665123195606403,0,0,0,0,0,0,0,0,0,0,0,0,0,0,0,0,0,0,0,0,0,0,0,0,0,0,0,0,0,0,0,0,0,0,0,0,0,0,0,0,0,0,0,26,18,0,0,0,0,0,0,0,0,0,0,0,0,0,0,0,0,0,0,0,0,0,0,0,0,0,0,0,0,0,0,0,0,0,0,0,0,0,0,0,1,0.0,,,,,,,,,,,2692.0,4160.0,3684.0,3655.0,3517.0,3861.0,4176.0,3910.0,3505.0,4275.0,4275.0,2692.0,4160.0,3517.0,3861.0,4176.0,3910.0,3797.0,530.6373526241815,4275.0,3057.0,2863.0,936.7153859554749,4275.0,1597.0,3328.0,859.3546582008086,4275.0,1597.0,3687.9285714285716,767.3026469658607,5036.0,1597.0,3812.7084148727986,3366.544564937697,3372.9781293547503,3561.713781098058,3426.0,3557.0,0.9426681367144433,,,,210.0,20.357142857142858,20.357142857142858,0.7763165540082508,-824.9285714285716,0.7651106520912976,0.928976777517383,365.0,0.0,0.0,0.0,0.0,3414.0,10,0.9350162426854148,0.35460488704253557,0
2018-03-14,24,2,14,2,3,1,2018,73,0,0,0,0,0,0,0.9749279121818236,-0.22252093395631434,1.0,6.123233995736766e-17,0.9510565162951535,0.30901699437494745,0,0,0,0,0,0,0,0,0,0,0,0,0,0,0,0,0,0,0,0,0,0,0,0,0,0,0,0,0,0,0,0,0,0,0,0,0,0,0,0,0,0,0,18,26,0,0,0,0,0,0,0,0,0,0,0,0,0,0,0,0,0,0,0,0,0,0,0,0,0,0,0,0,0,0,0,0,0,0,0,0,0,0,0,1,0.0,,,,,,,,,,,,1939.0,3991.0,3546.0,3786.0,3968.0,4082.0,3600.0,3457.0,3057.0,3057.0,3057.0,1939.0,3786.0,3968.0,4082.0,3600.0,2358.6666666666665,597.7225294584622,3057.0,1597.0,2592.1428571428573,613.7261903607291,3518.0,1597.0,3384.785714285714,922.8370989641073,4599.0,1597.0,3645.6071428571427,757.6912459799795,5036.0,1597.0,2640.058708414873,2731.331036484396,3107.0495527514486,3467.988877926783,1939.0,3409.2,0.6811497326203209,,,,210.0,14.557142857142857,14.557142857142857,0.711031868099572,-1053.4642857142853,-0.7768430029778851,0.5318729978349678,-543.0,0.0,0.0,0.0,0.0,4016.0,11,0.970941817426052,0.23931566428755804,0
2018-03-23,5,4,23,4,3,1,2018,82,0,1,0,0,0,0,-0.433883739117558,-0.9009688679024191,1.0,6.123233995736766e-17,0.9873494423939864,0.15855938510313475,0,0,0,0,0,0,0,0,0,0,0,0,0,0,0,0,0,0,0,0,0,0,0,0,0,0,0,0,0,0,0,0,0,0,0,0,0,0,0,0,0,0,0,9,35,0,0,0,0,0,0,0,0,0,0,0,0,0,0,0,0,0,0,0,0,0,0,0,0,0,0,0,0,0,0,0,0,0,0,0,0,0,0,0,1,0.0,,,,,4647.0,4345.0,4067.0,4016.0,3954.0,4735.0,3217.0,4108.0,2422.0,3902.0,3806.0,3480.0,4113.0,4208.0,4352.0,4345.0,4735.0,3217.0,4108.0,3806.0,3480.0,4113.0,4208.0,4353.0,236.8515709609431,4647.0,4067.0,4175.428571428572,278.4994778876138,4647.0,3788.0,4112.428571428572,416.3607148830917,4877.0,3414.0,3986.0,421.1705626668878,4877.0,3093.0,4423.273972602739,4267.015723015339,4128.134711533195,3978.9436884023735,4101.25,3863.25,1.038435754189944,,,,210.0,20.69047619047619,22.547619047619047,1.047523475019712,189.42857142857156,0.8523862582578932,1.0289136979427997,137.0,0.0,0.0,0.0,0.0,4266.0,12,0.992708874098054,0.120536680255323,0
2018-03-31,15,5,31,5,3,1,2018,90,1,0,1,0,0,1,-0.9749279121818236,-0.2225209339563146,1.0,6.123233995736766e-17,0.9997685019798909,0.021516097436222254,0,0,0,0,1,0,0,0,0,0,0,0,0,0,0,0,0,0,0,0,0,0,0,0,0,0,0,0,0,0,0,0,0,0,0,0,0,0,0,0,0,0,0,1,43,0,0,0,0,0,0,0,0,0,0,0,0,0,0,0,0,0,0,0,0,0,0,0,0,0,0,0,0,0,0,0,0,0,1,0,2,1,1,0,0,0.5,,,,,,,,,,,4877.0,3687.0,4149.0,3057.0,5036.0,4365.0,4041.0,4020.0,4241.0,4067.0,4067.0,4877.0,3687.0,5036.0,4365.0,4041.0,4020.0,4012.3333333333335,46.20485784946091,4067.0,3954.0,4264.0,385.85859734215734,4877.0,3788.0,3963.285714285714,443.8872811506846,4877.0,3217.0,3860.535714285714,509.5288076913286,4877.0,2422.0,4050.25831702544,4071.423044664385,4002.844234541264,3898.4714051561123,4282.0,4117.666666666667,1.093279569892473,,4580.0,1.1406673040306579,210.0,19.366666666666667,19.366666666666667,1.1045099218280217,403.4642857142858,0.4052063055075806,1.1091724871640687,47.0,0.0,0.0,0.0,0.0,4394.0,13,1.0,-1.6081226496766366e-16,0
2018-04-08,25,6,8,2,4,2,2018,98,1,0,0,1,0,0,-0.7818314824680299,0.6234898018587334,0.8660254037844387,-0.4999999999999998,0.9932568492674143,-0.11593459959550041,0,0,0,0,0,0,0,0,0,0,0,0,0,0,0,0,0,0,0,0,0,0,0,0,0,0,0,0,0,0,0,0,0,0,0,0,0,0,0,0,0,0,0,23,3,0,0,0,0,0,0,0,0,0,0,0,0,0,0,0,0,0,0,0,0,0,0,0,0,0,0,0,0,0,0,0,0,0,0,0,0,0,0,0,1,0.0,,,,,,,,,,,,4411.0,3908.0,3439.0,3518.0,3923.0,3329.0,4314.0,3991.0,3954.0,3954.0,3954.0,4411.0,3518.0,3923.0,3329.0,4314.0,4051.0,263.4248786023573,4411.0,3788.0,4225.857142857143,412.2091801055204,4877.0,3788.0,3872.8571428571427,496.0659312664651,4877.0,3093.0,3698.1428571428573,738.7258680750697,4877.0,1597.0,4047.655577299413,4092.144246970588,3989.130706398187,3876.30976177923,4411.0,3867.0,1.0992493744787322,,,,208.0,19.009615384615383,19.009615384615383,1.1426971066558504,527.7142857142858,0.3463492398389146,1.1927608452118823,-360.0,0.0,0.0,0.0,0.0,3395.0,14,0.992708874098054,-0.12053668025532288,0
2018-04-17,7,1,17,3,4,2,2018,107,0,0,0,0,0,0,0.7818314824680298,0.6234898018587336,0.8660254037844387,-0.4999999999999998,0.9634705485641488,-0.2678143051621742,0,0,0,0,0,0,0,0,0,0,0,0,0,0,0,0,0,0,0,0,0,0,0,0,0,0,0,0,0,0,0,0,0,0,0,0,0,0,0,0,0,0,0,14,12,0,0,0,0,0,0,0,0,0,0,0,0,0,0,0,0,0,0,0,0,0,0,0,0,0,0,0,0,0,0,0,0,0,0,0,0,0,0,0,1,0.0,,,,,,,3344.0,3395.0,3947.0,3138.0,3798.0,3886.0,3954.0,3414.0,4299.0,3634.0,4105.0,3744.0,3632.0,3344.0,3138.0,3798.0,3886.0,4299.0,3634.0,4105.0,3744.0,3562.0,273.0311337558411,3947.0,3344.0,3482.5714285714284,359.8780972745621,4049.0,3009.0,3725.5714285714284,421.1343040418535,4394.0,3009.0,3921.535714285714,411.8480546913646,4717.0,3009.0,3476.27397260274,3576.6121301194776,3694.625773070611,3803.907296512581,3607.3333333333335,3774.5714285714284,0.8210164497913086,,,,208.0,16.076923076923077,15.086538461538462,0.8880631676730144,-438.9642857142858,-1.4023028825971133,0.9198777204022963,-400.0,0.0,0.0,0.0,0.0,3766.0,16,0.9350162426854148,-0.35460488704253545,0
2018-04-25,16,2,25,4,4,2,2018,115,0,0,0,0,0,0,0.9749279121818236,-0.22252093395631434,0.8660254037844387,-0.4999999999999998,0.9175836260593937,-0.39754281428255595,0,0,0,0,0,0,0,0,0,0,0,0,0,0,0,0,0,0,0,0,0,0,0,0,0,0,0,0,0,0,0,0,0,0,0,0,0,0,0,0,0,0,0,6,20,0,0,0,0,0,0,0,0,0,0,0,0,0,0,0,0,0,0,0,0,0,0,0,0,0,0,0,0,0,0,0,0,0,0,0,0,0,0,0,1,0.0,,,,,,,,,,,3009.0,3596.0,3578.0,4016.0,3724.0,3784.0,3770.0,3775.0,3620.0,3395.0,3395.0,3009.0,3596.0,3724.0,3784.0,3770.0,3775.0,3797.0,287.2907934480324,4049.0,3395.0,3504.8571428571427,355.4093931435885,4049.0,3009.0,3762.1428571428573,408.4507064406141,4394.0,3009.0,3937.3928571428573,397.60760801194385,4717.0,3009.0,3610.6027397260273,3654.692282206368,3748.677554851242,3838.010672279829,3302.5,3646.1666666666665,0.7869726471951785,,,,208.0,16.322115384615383,16.322115384615383,0.8901466706577049,-432.5357142857147,-1.3641410431124452,0.8387529819405516,-380.0,0.0,0.0,0.0,0.0,4034.0,17,0.8854560256532099,-0.4647231720437685,0
2018-05-03,26,3,3,1,5,2,2018,123,0,0,0,0,1,0,0.43388373911755823,-0.900968867902419,0.49999999999999994,-0.8660254037844387,0.854322169749827,-0.5197438121555155,0,0,0,0,0,0,1,0,0,0,0,0,0,0,0,0,0,0,0,0,0,0,0,0,0,0,0,0,0,0,0,0,0,0,0,0,1,0,0,0,0,0,0,46,2,0,0,0,0,0,0,0,0,0,0,0,0,0,0,0,0,0,1,0,0,0,0,0,0,0,0,0,0,0,0,0,1,0,0,0,0,0,0,0,1,0.0,,,,,,,,,,,,3496.0,4108.0,4050.0,3862.0,3785.0,4137.0,3970.0,3602.0,4049.0,4049.0,4049.0,3496.0,3862.0,3785.0,4137.0,3970.0,3518.0,424.86311521084843,4049.0,3009.0,3657.4285714285716,472.9161378821701,4394.0,3009.0,3863.214285714286,463.88286368919665,4717.0,3009.0,4006.8928571428573,426.9579553811655,4877.0,3009.0,3709.5342465753424,3674.0801857498095,3781.045053084229,3865.4926851115615,3496.0,3916.6,1.1421720733427363,,,,208.0,19.466346153846153,19.466346153846153,0.9127842200493792,-349.4642857142858,0.09862128653757402,0.8724965015642687,79.0,0.0,0.0,4006.8928571428573,0.0,3210.0,18,0.8229838658936565,-0.5680647467311557,0
2018-05-12,8,5,12,2,5,2,2018,132,1,0,1,0,0,0,-0.9749279121818236,-0.2225209339563146,0.49999999999999994,-0.8660254037844387,0.7638886127905428,-0.6453481132295501,0,0,0,0,0,0,0,0,0,0,0,0,0,0,0,0,0,0,0,0,0,0,0,0,0,0,0,0,0,0,0,0,0,0,0,0,0,0,0,0,0,0,0,37,11,0,0,0,0,0,0,0,0,0,0,0,0,0,0,0,0,0,0,0,0,0,0,0,0,0,0,0,0,0,0,0,0,0,0,0,2,1,1,0,0,0.5,,,,,,,,3210.0,3344.0,4188.0,4883.0,4599.0,3947.0,4394.0,4647.0,3900.0,4490.0,4126.0,4779.0,3210.0,4188.0,4883.0,4599.0,4647.0,3900.0,4490.0,4126.0,3552.3333333333335,393.20421609585463,4103.0,3210.0,3967.714285714286,529.7381332280303,4630.0,3210.0,4056.9285714285716,472.96065440186976,4883.0,3210.0,3976.464285714286,414.96983385567205,4883.0,3210.0,3511.9530332681015,3810.0820380404175,3929.8383228305374,3956.656268298267,4556.666666666667,4482.142857142857,0.8085642317380353,4423.0,,,208.0,15.432692307692308,20.134615384615383,0.9977995527254111,-8.75,-1.847036153430046,1.145909114043045,-916.0,0.0,0.0,0.0,0.0,4127.0,19,0.7485107481711013,-0.663122658240795,0
2018-05-20,18,6,20,3,5,2,2018,140,1,0,0,1,0,0,-0.7818314824680299,0.6234898018587334,0.49999999999999994,-0.8660254037844387,0.6680638642135335,-0.7441039398713607,0,0,0,0,0,0,0,0,0,0,0,0,0,0,0,0,0,0,0,0,0,0,0,0,0,0,0,0,0,0,0,0,0,0,0,0,0,0,0,0,0,0,0,29,19,0,0,0,0,0,0,0,0,0,0,0,0,0,0,0,0,0,0,0,0,0,0,0,0,0,0,0,0,0,0,0,0,0,0,0,2,2,0,1,0,1.0,,,,,,,,,,,4613.0,4384.0,3895.0,3395.0,4040.0,4059.0,4002.0,4588.0,3685.0,4103.0,4103.0,4613.0,4384.0,4040.0,4059.0,4002.0,4588.0,4448.666666666667,244.52175545110273,4630.0,4103.0,4177.285714285715,315.8958753792658,4630.0,3686.0,4134.428571428572,385.2549646079879,4883.0,3522.0,3974.714285714286,422.6137933945684,4883.0,3009.0,4287.225048923679,4233.28199162604,4148.204538712931,4061.7490894864927,4498.5,4057.1666666666665,0.8012107010349541,3974.0,,,214.0,19.172897196261683,19.172897196261683,1.0509650289328973,202.5714285714289,0.30355306970764623,1.1317794630341804,-485.0,0.0,0.0,0.0,0.0,3716.0,20,0.6631226582407952,-0.7485107481711012,0
2018-05-28,27,0,28,4,5,2,2018,148,0,0,0,0,0,1,0.0,1.0,0.49999999999999994,-0.8660254037844387,0.5595892624101765,-0.8287700871745038,0,0,0,0,0,0,0,0,0,0,0,0,0,0,0,0,0,0,0,0,0,0,0,0,0,0,0,0,0,0,0,0,0,0,0,0,0,0,0,0,0,0,0,21,27,0,0,0,0,0,0,0,0,0,0,0,0,0,0,0,0,0,0,0,0,0,0,0,0,0,0,0,0,0,0,0,0,0,0,0,0,0,0,0,1,0.0,,,,,,,,,,,,4630.0,3522.0,3728.0,3500.0,3633.0,3673.0,4454.0,3502.0,4630.0,4630.0,4630.0,4630.0,3500.0,3633.0,3673.0,4454.0,4477.0,204.47167693024545,4630.0,4188.0,4161.571428571428,321.87968344125863,4630.0,3686.0,4110.357142857143,396.8212276765117,4883.0,3522.0,3940.25,449.25506794184145,4883.0,3009.0,4472.0,4276.690249533895,4155.076972166636,4058.703931517145,4630.0,3744.8,0.8352877503157136,,,,209.0,22.15311004784689,22.15311004784689,1.0561693873666465,221.32142857142844,1.5353193524559015,1.1750523443943912,176.0,0.0,0.0,0.0,0.0,3703.0,22,0.46472317204376906,-0.8854560256532096,0
2018-06-06,9,2,6,1,6,2,2018,157,0,0,0,0,0,0,0.9749279121818236,-0.22252093395631434,1.2246467991473532e-16,-1.0,0.42500033996955416,-0.9051931898913974,0,0,0,0,0,0,0,0,0,0,0,0,0,0,0,0,0,0,0,0,0,0,0,0,0,0,0,0,0,0,0,0,0,0,0,0,0,0,0,0,0,0,0,12,36,0,0,0,0,0,0,0,0,0,0,0,0,0,0,0,0,0,0,0,0,0,0,0,0,0,0,0,0,0,0,0,0,0,0,0,0,0,0,0,1,0.0,,,,,,,,,3869.0,3544.0,3341.0,3839.0,3344.0,4034.0,4019.0,3954.0,3817.0,3714.0,3414.0,3869.0,3544.0,3341.0,3839.0,4019.0,3954.0,3817.0,3714.0,4062.3333333333335,221.21231631373712,4372.0,3869.0,3786.5714285714284,287.8371847033652,4372.0,3471.0,3777.5,364.3751500857324,4430.0,3322.0,3773.1071428571427,358.5432170888304,4630.0,3210.0,3964.3796477495107,3885.2923681389343,3832.3806239873607,3824.9901438975094,3574.6666666666665,3667.5714285714284,0.8855573357747768,,,,205.0,18.87317073170732,17.28780487804878,1.0035684875102937,13.46428571428578,0.2674513212701484,0.9474066151113298,155.0,0.0,0.0,0.0,0.0,3677.0,23,0.35460488704253584,-0.9350162426854147,0
2018-06-14,19,3,14,2,6,2,2018,165,0,0,0,0,0,0,0.43388373911755823,-0.900968867902419,1.2246467991473532e-16,-1.0,0.29671281927349075,-0.9549667548552551,0,0,0,0,0,0,0,0,0,0,0,0,0,0,0,0,0,0,0,0,0,0,0,0,0,0,0,0,0,0,0,0,0,0,0,0,0,0,0,0,0,0,0,4,44,0,0,0,0,0,0,0,0,0,0,0,0,0,0,0,0,0,0,0,0,0,0,0,0,0,0,0,0,0,0,0,0,0,0,0,0,0,0,0,1,0.0,,,,,,,,,,,3471.0,3841.0,3767.0,3210.0,4087.0,4067.0,4109.0,4119.0,3816.0,3946.0,3946.0,3471.0,3841.0,4087.0,4067.0,4109.0,4119.0,3653.6666666666665,208.84816387882265,3946.0,3471.0,3773.0,304.2841716929376,4430.0,3471.0,3732.785714285714,345.88771476375075,4430.0,3322.0,3793.1071428571427,382.5655255999304,4630.0,3210.0,3748.279843444227,3729.594239973549,3742.9590241231417,3780.851351963894,3656.0,3727.1666666666665,0.9317591499409681,,,,194.0,20.34020618556701,20.34020618556701,0.9946990311373074,-20.107142857142662,0.3996514241660805,0.9638536066360975,-173.0,0.0,0.0,0.0,0.0,3665.0,24,0.23931566428755768,-0.970941817426052,0
2018-06-23,1,5,23,4,6,2,2018,174,1,0,1,0,0,0,-0.9749279121818236,-0.2225209339563146,1.2246467991473532e-16,-1.0,0.1457991969198751,-0.9893142039703663,0,0,0,0,0,0,0,0,0,0,0,0,0,0,0,0,0,0,0,0,0,0,0,0,0,0,0,0,0,0,0,0,0,0,0,0,0,0,0,0,0,0,0,93,5,0,0,0,0,0,0,0,0,0,0,0,0,0,0,0,0,0,0,0,0,0,0,0,0,0,0,0,0,0,0,0,0,0,0,0,2,1,1,0,0,0.5,3701.0,3520.0,3182.0,3726.0,4237.0,3980.0,3593.0,3665.0,3408.0,4618.0,4204.0,4372.0,4430.0,4127.0,4188.0,4717.0,4409.0,4131.0,4826.0,3980.0,4618.0,4204.0,4372.0,4188.0,4717.0,4409.0,4131.0,3467.6666666666665,215.08809564661846,3701.0,3182.0,3705.5714285714284,311.5403469136895,4237.0,3182.0,3769.6428571428573,348.3306325774934,4618.0,3182.0,3778.8928571428573,304.1731578377349,4618.0,3182.0,3611.816046966732,3651.646894919722,3703.0994240811747,3743.1243377375054,4293.5,4215.75,0.9020229100658055,4492.0,,,197.0,20.20304568527919,23.441624365482234,0.9805971136670792,-73.3214285714289,0.6611600585888182,1.136179342021945,-151.0,0.0,0.0,0.0,0.0,4373.0,25,0.12053668025532308,-0.992708874098054,0
2018-07-01,11,6,1,1,7,3,2018,182,1,0,0,1,1,0,-0.7818314824680299,0.6234898018587334,-0.4999999999999997,-0.8660254037844388,0.008606996888688698,-0.9999629591162655,0,0,0,0,0,0,0,0,0,0,0,0,0,0,0,0,0,0,0,0,0,0,0,0,0,0,0,0,0,0,0,0,0,0,0,0,0,0,0,0,0,0,0,85,13,0,0,0,0,0,0,0,0,0,0,0,0,0,0,0,0,0,0,0,0,0,0,0,0,0,0,0,0,0,0,0,0,0,0,0,2,2,0,1,0,1.0,,,,,,,,,,4237.0,3803.0,3816.0,3869.0,3716.0,3629.0,4016.0,4582.0,4752.0,4040.0,3182.0,4237.0,3803.0,3816.0,3629.0,4016.0,4582.0,4752.0,3715.0,430.77217489836397,4237.0,3182.0,3684.4285714285716,323.37720440150173,4237.0,3182.0,3798.1428571428573,344.22892240543666,4618.0,3182.0,3771.535714285714,308.56586263167975,4618.0,3182.0,3525.2994129158515,3673.503355049642,3731.7907679499403,3763.0977351692577,3952.0,3794.0,0.9109647867162898,4193.0,,,166.0,19.16867469879518,25.52409638554217,0.9769040652254198,-87.10714285714266,-1.910566869768788,1.0478490194407355,-1570.0,0.0,0.0,0.0,0.0,4293.0,26,-3.216245299353273e-16,-1.0,0
2018-07-09,20,0,9,2,7,3,2018,190,0,0,0,0,0,0,0.0,1.0,-0.4999999999999997,-0.8660254037844388,-0.12874817745258066,-0.99167731989929,0,0,0,0,0,0,0,0,0,0,0,0,0,0,0,0,0,0,0,0,0,0,0,0,0,0,0,0,0,0,0,0,0,0,0,0,0,0,0,0,0,0,0,77,21,0,0,0,0,0,0,0,0,0,0,0,0,0,0,0,0,0,0,0,0,0,0,0,0,0,0,0,0,0,0,0,0,0,0,0,0,0,0,0,1,0.0,,,,,,,,,,,3726.0,3604.0,3581.0,3703.0,3400.0,3344.0,3787.0,4521.0,3631.0,3726.0,3726.0,3726.0,3604.0,3400.0,3344.0,3787.0,4521.0,3981.0,208.61607480409236,4237.0,3726.0,3753.8571428571427,252.44599341609035,4237.0,3408.0,3817.8571428571427,315.04350201720604,4618.0,3408.0,3785.75,289.6695931821041,4618.0,3408.0,3869.8140900195694,3837.6588627411734,3816.535536205738,3806.255107629127,3665.0,3623.0,0.9994635193133047,,,,188.0,19.819148936170212,19.819148936170212,0.9915755511740455,-31.892857142857338,-0.20626949257472627,0.9681040744898634,-795.0,0.0,0.0,0.0,0.0,3972.0,28,-0.23931566428755743,-0.9709418174260521,0
2018-07-18,2,2,18,3,7,3,2018,199,0,0,0,0,0,0,0.9749279121818236,-0.22252093395631434,-0.4999999999999997,-0.8660254037844388,-0.2802306751992161,-0.9599326896597445,0,0,0,0,0,0,0,0,0,0,0,0,0,0,0,0,0,0,0,0,0,0,0,0,0,0,0,0,0,0,0,0,0,0,0,0,0,0,0,0,0,0,0,68,30,0,0,0,0,0,0,0,0,0,0,0,0,0,0,0,0,0,0,0,0,0,0,0,0,0,0,0,0,0,0,0,0,0,0,0,0,0,0,0,1,0.0,,4483.0,5016.0,4679.0,4357.0,3918.0,4010.0,3972.0,4425.0,4030.0,3775.0,3520.0,3408.0,3677.0,3544.0,3552.0,3786.0,3594.0,4083.0,3918.0,4030.0,3775.0,3520.0,3544.0,3552.0,3786.0,3594.0,4726.0,220.1196644252091,5016.0,4483.0,4347.857142857143,380.715652637589,5016.0,3918.0,4282.642857142857,408.9075353291739,5016.0,3583.0,4063.3928571428573,451.1814126178479,5016.0,3182.0,4604.808219178082,4486.200690553236,4341.079747889988,4170.550514418362,3810.75,3672.5,1.0389339513325608,,,,188.0,20.840425531914892,21.43617021276596,1.0700065919578114,284.4642857142858,-0.32224921744727447,0.9378246539222148,324.0,0.0,0.0,0.0,0.0,4700.0,29,-0.3546048870425356,-0.9350162426854148,0
2018-07-26,12,3,26,4,7,3,2018,207,0,0,0,0,0,0,0.43388373911755823,-0.900968867902419,-0.4999999999999997,-0.8660254037844388,-0.4093559588156211,-0.9123747579707274,0,0,0,0,0,0,0,0,0,0,0,0,0,0,0,0,0,0,0,0,0,0,0,0,0,0,0,0,0,0,0,0,0,0,0,0,0,0,0,0,0,0,0,60,38,0,0,0,0,0,0,0,0,0,0,0,0,0,0,0,0,0,0,0,0,0,0,0,0,0,0,0,0,0,0,0,0,0,0,0,0,0,0,0,1,0.0,,,,,,,,,,4357.0,4187.0,3877.0,3701.0,3665.0,3624.0,3987.0,3990.0,4205.0,3610.0,4679.0,4357.0,4187.0,3877.0,3624.0,3987.0,3990.0,4205.0,4318.0,311.89848775950594,4679.0,3918.0,4333.714285714285,367.96572599931653,4975.0,3918.0,4236.214285714285,359.3220160587016,4975.0,3583.0,4017.6071428571427,405.0871457640507,4975.0,3182.0,4435.602739726028,4309.830085749095,4211.45444891109,4083.0218788954003,4140.333333333333,3907.714285714286,1.2483991462113126,,,,188.0,24.888297872340427,23.175531914893618,1.0786804512280763,316.10714285714266,1.6327174635358483,1.030547085892752,474.0,0.0,0.0,0.0,0.0,4421.0,30,-0.46472317204376806,-0.8854560256532101,0
2018-08-03,22,4,3,1,8,3,2018,215,0,1,0,0,1,0,-0.433883739117558,-0.9009688679024191,-0.8660254037844385,-0.5000000000000004,-0.5307300481619331,-0.8475409228928312,0,0,0,0,0,0,0,0,0,0,0,0,0,0,0,0,0,0,0,0,0,0,0,0,0,0,0,0,0,0,0,0,0,0,0,0,0,0,0,0,0,0,0,52,46,0,0,0,0,0,0,0,0,0,0,0,0,0,0,0,0,0,0,0,0,0,0,0,0,0,0,0,0,0,0,0,0,0,0,0,0,0,0,0,1,0.0,,,,,,,,,,,,4481.0,3962.0,4145.0,4070.0,4015.0,4371.0,4149.0,4316.0,3918.0,3918.0,3918.0,4481.0,4070.0,4015.0,4371.0,4149.0,3966.6666666666665,37.74770044504551,4010.0,3918.0,4281.142857142857,348.85503684868,4975.0,3918.0,4150.714285714285,348.34392458591606,4975.0,3583.0,3954.1071428571427,388.85218815726614,4975.0,3182.0,4023.3561643835615,4128.944123406971,4105.382296558781,4015.1704780749437,4481.0,4050.2,1.0583468395461912,,,,188.0,20.840425531914892,20.840425531914892,1.0827078534977193,327.0357142857142,-0.09285570187543757,1.1332520435352031,-231.0,0.0,0.0,0.0,0.0,4709.0,31,-0.5680647467311556,-0.8229838658936566,0
2018-08-12,3,6,12,2,8,3,2018,224,1,0,0,1,0,0,-0.7818314824680299,0.6234898018587334,-0.8660254037844385,-0.5000000000000004,-0.655156357209085,-0.7554933140726804,0,0,0,0,0,0,0,0,0,0,0,0,0,0,0,0,0,0,0,0,0,0,0,0,0,0,0,0,0,0,0,0,0,0,0,0,0,0,0,0,0,0,0,43,55,0,0,0,0,0,0,0,0,0,0,0,0,0,0,0,0,0,0,0,0,0,0,0,0,0,0,0,0,0,0,0,0,0,0,0,2,2,0,1,0,1.0,,,4534.0,4311.0,4282.0,4575.0,4810.0,4709.0,4314.0,4566.0,5092.0,4483.0,4425.0,4293.0,4237.0,3488.0,3518.0,4473.0,4075.0,4575.0,4566.0,5092.0,4483.0,4237.0,3488.0,3518.0,4473.0,4375.666666666667,112.58280902912703,4534.0,4282.0,4505.0,194.2855042015671,4810.0,4282.0,4452.5,224.21856365099273,4810.0,4027.0,4542.5,284.666785156661,5116.0,4027.0,4456.954990215264,4459.605542368386,4470.945516320504,4438.088966592482,4679.0,4438.75,1.092003853564547,4245.0,,,186.0,24.596774193548388,24.548387096774192,0.9917446340121079,-37.5,0.11416857074531628,1.0300495321959273,102.0,0.0,0.0,0.0,0.0,4365.0,32,-0.663122658240795,-0.7485107481711013,0
2018-08-20,13,0,20,3,8,3,2018,232,0,0,0,0,0,0,0.0,1.0,-0.8660254037844385,-0.5000000000000004,-0.7526668275320083,-0.6584015846980489,0,0,0,0,0,0,0,0,0,0,0,0,0,0,0,0,0,0,0,0,0,0,0,0,0,0,0,0,0,0,0,0,0,0,0,0,0,0,0,0,0,0,0,35,63,0,0,0,0,0,0,0,0,0,0,0,0,0,0,0,0,0,0,0,0,0,0,0,0,0,0,0,0,0,0,0,0,0,0,0,0,0,0,0,1,0.0,,,,,,,,,,4282.0,4027.0,4269.0,4291.0,3972.0,3410.0,3724.0,4275.0,4170.0,3997.0,4282.0,4282.0,4027.0,4269.0,3410.0,3724.0,4275.0,4170.0,4555.666666666667,215.98816840023645,4810.0,4282.0,4448.714285714285,226.98503052323218,4810.0,4205.0,4458.0,236.44570503304016,4810.0,4027.0,4509.75,319.53343498205095,5116.0,3918.0,4447.334637964775,4476.215855954448,4483.705641963673,4439.4553490158805,4192.666666666667,4013.1428571428573,0.8694416243654822,,,,186.0,23.021505376344088,23.021505376344088,0.9864658319672455,-61.035714285714675,-0.7127579622858351,0.9296893767208086,112.0,0.0,0.0,0.0,0.0,3908.0,34,-0.8229838658936564,-0.5680647467311559,0
2018-08-28,23,1,28,4,8,3,2018,240,0,0,0,0,0,1,0.7818314824680298,0.6234898018587336,-0.8660254037844385,-0.5000000000000004,-0.8359254794186365,-0.5488429582847199,0,0,0,0,0,0,0,0,0,0,0,0,0,0,0,0,0,0,0,0,0,0,0,0,0,0,0,0,0,0,0,0,0,0,0,0,0,0,0,0,0,0,0,27,71,0,0,0,0,0,0,0,0,0,0,0,0,0,0,0,0,0,0,0,0,0,0,0,0,0,0,0,0,0,0,0,0,0,0,0,0,0,0,0,1,0.0,,,,,,,,,,,,4246.0,4231.0,4265.0,3583.0,3586.0,3933.0,3099.0,3139.0,4810.0,4810.0,4810.0,4246.0,3583.0,3586.0,3933.0,3099.0,4611.0,214.02024826325817,4810.0,4314.0,4411.0,266.87503763800333,4810.0,4027.0,4494.0,287.5462695686681,5092.0,4027.0,4493.321428571428,332.2820503268086,5116.0,3918.0,4652.264187866927,4529.54239069405,4504.80687509909,4441.568818625578,4246.0,4067.0,1.0429314830875975,,,,186.0,25.86021505376344,25.86021505376344,0.9816791587514804,-82.32142857142844,0.9530414631699468,0.9449579932121482,1711.0,0.0,0.0,0.0,0.0,4391.0,35,-0.8854560256532096,-0.4647231720437691,0
2018-09-06,5,3,6,1,9,3,2018,249,0,0,0,0,0,0,0.43388373911755823,-0.900968867902419,-1.0,-1.8369701987210297e-16,-0.9106046300942162,-0.41327860778290443,0,0,0,0,0,0,0,0,0,0,0,0,0,0,0,0,0,0,0,0,0,0,0,0,0,0,0,0,0,0,0,0,0,0,0,0,0,0,0,0,0,0,0,18,80,0,0,0,0,0,0,0,0,0,0,0,0,0,0,0,0,0,0,0,0,0,0,0,0,0,0,0,0,0,0,0,0,0,0,0,0,0,0,0,1,0.0,,,,,4293.0,4032.0,4153.0,4391.0,4167.0,4683.0,4287.0,4461.0,4314.0,4421.0,4357.0,3943.0,3862.0,4746.0,3998.0,4032.0,4683.0,4287.0,4461.0,4357.0,3943.0,3862.0,4746.0,4159.333333333333,106.64687316351828,4293.0,4032.0,4324.714285714285,228.9870328741123,4775.0,4032.0,4354.142857142857,257.6686291518228,4775.0,3908.0,4408.25,266.00706556137084,4896.0,3908.0,4221.011741682974,4277.99628394824,4335.08865014039,4375.755121476858,4365.75,4433.5,1.159956768440962,,,,192.0,21.0,24.390625,0.9810501413745331,-83.53571428571468,-1.4144361135896026,0.9903589859921738,-714.0,0.0,0.0,0.0,0.0,4925.0,36,-0.9350162426854147,-0.3546048870425359,0
2018-09-14,14,4,14,2,9,3,2018,257,0,1,0,0,0,0,-0.433883739117558,-0.9009688679024191,-1.0,-1.8369701987210297e-16,-0.9587178169872964,-0.2843591872810036,0,0,0,0,0,0,0,0,0,0,0,0,0,0,0,0,0,0,0,0,0,0,0,0,0,0,0,0,0,0,0,0,0,0,0,0,0,0,0,0,0,0,0,10,88,0,0,0,0,0,0,0,0,0,0,0,0,0,0,0,0,0,0,0,0,0,0,0,0,0,0,0,0,0,0,0,0,0,0,0,0,0,0,0,1,0.0,,,,,,,,,,,4689.0,4808.0,4673.0,4709.0,4752.0,3593.0,4345.0,4543.0,3732.0,4032.0,4032.0,4689.0,4808.0,4752.0,3593.0,4345.0,4543.0,4192.0,149.13305021579444,4391.0,4032.0,4381.285714285715,260.8616022150521,4775.0,4032.0,4390.928571428572,281.93298704421494,4808.0,3908.0,4423.107142857143,270.73053805341925,4896.0,3908.0,4149.162426614482,4273.297028638479,4341.7375088008475,4381.844188333764,4748.5,4696.333333333333,1.0974414806750137,,,,192.0,21.0,21.0,0.9905447850977416,-41.82142857142844,-1.4446362263719645,1.0735665781165469,-511.0,0.0,0.0,0.0,0.0,4516.0,37,-0.970941817426052,-0.23931566428755774,0
2018-09-22,24,5,22,4,9,3,2018,265,1,0,1,0,0,0,-0.9749279121818236,-0.2225209339563146,-1.0,-1.8369701987210297e-16,-0.9886775902323404,-0.15005539834465262,0,0,0,0,0,0,0,0,0,0,0,0,0,0,0,0,0,0,0,0,0,0,0,0,0,0,0,0,0,0,0,0,0,0,0,0,0,0,0,0,0,0,0,2,96,0,0,0,0,0,0,0,0,0,0,0,0,0,0,0,0,0,0,0,0,0,0,0,0,0,0,0,0,0,0,0,0,0,0,0,3,1,1,0,0,0.3333333333333333,,,,,,,,,,,,4775.0,4578.0,4896.0,4788.0,4373.0,4717.0,4113.0,4334.0,4391.0,4391.0,4391.0,4775.0,4788.0,4373.0,4717.0,4113.0,4340.0,125.71661253257926,4462.0,4167.0,4504.428571428572,202.6283417934401,4775.0,4167.0,4428.214285714285,256.2853260866625,4808.0,3908.0,4435.035714285715,259.24539975844965,4896.0,3908.0,4379.291585127202,4421.396504538632,4426.348668066954,4426.524635324805,4775.0,4769.4,1.4169086802194257,4610.0,,,192.0,22.869791666666668,22.869791666666668,1.0156465159726527,69.39285714285688,-0.16986112126481198,1.076654238571118,278.0,0.0,0.0,0.0,0.0,5038.0,38,-0.992708874098054,-0.12053668025532357,0
2018-10-01,6,0,1,1,10,4,2018,274,0,0,0,0,1,0,0.0,1.0,-0.8660254037844386,0.5000000000000001,-0.9999907397361901,0.004303538296243821,0,0,0,0,0,1,0,0,0,0,0,0,0,0,0,0,0,0,0,0,0,0,0,0,0,0,0,1,0,0,0,0,0,0,0,0,0,0,0,0,0,0,0,0,0,0,0,0,0,0,0,0,1,0,0,0,0,0,0,0,0,0,0,0,0,0,0,0,0,0,0,0,0,1,0,0,0,0,0,0,7,1,1,0,0,0.14285714285714285,,,,,,3657.0,4482.0,5038.0,4510.0,3893.0,4250.0,4166.0,4167.0,3908.0,4282.0,3841.0,3500.0,4231.0,4787.0,3657.0,3893.0,4250.0,4166.0,4282.0,3841.0,3500.0,4231.0,4392.333333333333,567.3448882489575,5038.0,3657.0,4285.0,466.1704164174912,5038.0,3607.0,3936.9285714285716,1201.5912939744119,5038.0,0.0,4250.107142857143,945.6480521422376,5360.0,0.0,4116.489236790607,4147.800167941255,4118.055129102471,4190.96495582812,3991.5,4042.75,0.9022945965951147,4569.0,,,196.0,18.658163265306122,19.862244897959183,1.0082098770619228,34.89285714285688,-0.6271964939953497,0.9391527944673663,-574.0,0.0,4250.107142857143,0.0,0.0,4987.0,40,-0.992708874098054,0.1205366802553232,0
2018-10-09,16,1,9,2,10,4,2018,282,0,0,0,0,0,0,0.7818314824680298,0.6234898018587336,-0.8660254037844386,0.5000000000000001,-0.989932495087353,0.141540295217043,0,0,0,0,0,0,0,0,0,0,0,0,0,0,0,0,0,0,0,0,0,0,0,0,0,0,0,0,0,0,0,0,0,0,0,0,0,0,0,0,0,0,0,77,8,0,0,0,0,0,0,0,0,0,0,0,0,0,0,0,0,0,0,0,0,0,0,0,0,0,0,0,0,0,0,0,0,0,0,0,0,0,0,0,1,0.0,,,,,,,,,,,3607.0,4526.0,4705.0,4391.0,4032.0,4010.0,4079.0,3083.0,3220.0,5038.0,5038.0,3607.0,4526.0,4032.0,4010.0,4079.0,3083.0,4643.666666666667,283.61515395964926,5038.0,4383.0,3678.4285714285716,1559.6427115705387,5038.0,0.0,3997.5,1210.8085698644286,5038.0,0.0,4267.607142857143,938.7812516877444,5360.0,0.0,4667.58904109589,4255.011772237984,4144.0214956853515,4211.8911973394615,4066.5,4220.666666666667,1.2248966690979821,,,,192.0,26.239583333333332,26.239583333333332,0.8619417036981245,-589.1785714285716,0.8206308506458152,0.9528759006803745,1955.0,0.0,0.0,0.0,0.0,4023.0,41,-0.9709418174260521,0.23931566428755738,0
2018-10-17,25,2,17,3,10,4,2018,290,0,0,0,0,0,0,0.9749279121818236,-0.22252093395631434,-0.8660254037844386,0.5000000000000001,-0.9611297838723007,0.27609697309746883,0,0,0,0,0,0,0,0,0,0,0,0,0,0,0,0,0,0,0,0,0,0,0,0,0,0,0,0,0,0,0,0,0,0,0,0,0,0,0,0,0,0,0,69,16,0,0,0,0,0,0,0,0,0,0,0,0,0,0,0,0,0,0,0,0,0,0,0,0,0,0,0,0,0,0,0,0,0,0,0,0,0,0,0,1,0.0,,,,,,,,,,,,4318.0,4453.0,4677.0,4364.0,4700.0,3552.0,4105.0,3509.0,4510.0,4510.0,4510.0,4318.0,4364.0,4700.0,3552.0,4105.0,4403.666666666667,79.73428093082394,4510.0,4318.0,3392.285714285714,1464.816879270552,4510.0,0.0,4020.5,1233.2061436990748,5360.0,0.0,4258.214285714285,932.3196630349662,5360.0,0.0,4296.514677103718,3993.6549056545,4006.4326095770602,4150.609458921516,4318.0,4393.0,1.06342843668946,,,,192.0,23.489583333333332,23.489583333333332,0.7966451396460623,-865.9285714285711,0.27006371770180243,1.0140400905812297,405.0,0.0,0.0,0.0,0.0,4804.0,42,-0.9350162426854148,0.35460488704253557,0
2018-10-26,7,4,26,4,10,4,2018,299,0,1,0,0,0,0,-0.433883739117558,-0.9009688679024191,-0.8660254037844386,0.5000000000000001,-0.9070138128026362,0.42110087079608916,0,0,0,0,0,0,0,0,0,0,0,0,0,0,0,0,0,0,0,0,0,0,0,0,0,0,0,0,0,0,0,0,0,0,0,0,0,0,0,0,0,0,0,60,25,0,0,0,0,0,0,0,0,0,0,0,0,0,0,0,0,0,0,0,0,0,0,0,0,0,0,0,0,0,0,0,0,0,0,0,0,0,0,0,1,0.0,,,,,,,4718.0,4804.0,4682.0,4584.0,5467.0,4660.0,4510.0,4516.0,4293.0,4547.0,3686.0,3844.0,3840.0,4718.0,4584.0,5467.0,4660.0,4293.0,4547.0,3686.0,3844.0,4734.666666666667,51.18159391378463,4804.0,4682.0,4675.571428571428,200.0384656887321,5052.0,4395.0,4590.857142857143,415.0944569170556,5467.0,3920.0,4586.642857142857,487.01746920015347,5467.0,3657.0,4712.624266144814,4673.0084693374765,4635.29831493415,4559.488219790834,4903.666666666667,4748.285714285715,1.2438702873714738,,,,192.0,24.572916666666668,23.875,1.0193885973245294,88.92857142857156,0.26971751767524016,1.0691189219213142,874.0,0.0,0.0,0.0,0.0,4944.0,43,-0.8854560256532101,0.464723172043768,0
2018-11-03,17,5,3,1,11,4,2018,307,1,0,1,0,1,0,-0.9749279121818236,-0.2225209339563146,-0.5000000000000004,0.8660254037844384,-0.8406184056344783,0.5416278206559811,0,0,0,0,0,0,0,0,0,0,0,0,0,0,0,0,0,0,0,0,0,0,0,0,0,0,0,0,0,0,0,0,0,0,0,0,0,0,0,0,0,0,0,52,33,0,0,0,0,0,0,0,0,0,0,0,0,0,0,0,0,0,0,0,0,0,0,0,0,0,0,0,0,0,0,0,0,0,0,0,2,1,1,0,0,0.5,,,,,,,,,,,5052.0,4587.0,4084.0,5038.0,5360.0,4810.0,3807.0,4388.0,4080.0,4682.0,4682.0,5052.0,4587.0,5360.0,4810.0,3807.0,4388.0,4523.666666666667,119.03034160340052,4682.0,4395.0,4689.285714285715,208.1563384201639,5052.0,4395.0,4663.785714285715,480.7177934493121,5467.0,3920.0,4557.321428571428,487.9357432498836,5467.0,3657.0,4606.0469667318985,4608.527207073735,4594.70575868064,4528.685559661759,4819.5,4526.0,1.1458639255996084,4610.0,,,190.0,24.642105263157895,24.642105263157895,1.0289565455899066,131.96428571428623,0.2555225214659478,1.0575290936875514,294.0,0.0,0.0,0.0,0.0,5196.0,44,-0.822983865893657,0.5680647467311548,0
2018-11-11,27,6,11,2,11,4,2018,315,1,0,0,1,0,0,-0.7818314824680299,0.6234898018587334,-0.5000000000000004,0.8660254037844384,-0.7583058084785625,0.6518989958787125,0,0,0,0,0,0,0,0,0,0,0,0,0,0,0,0,0,0,0,0,0,0,0,0,0,0,0,0,0,0,0,0,0,0,0,0,0,0,0,0,0,0,0,44,41,0,0,0,0,0,0,0,0,0,0,0,0,0,0,0,0,0,0,0,0,0,0,0,0,0,0,0,0,0,0,0,0,0,0,0,2,2,0,1,0,1.0,,,,,,,,,,,,4494.0,3928.0,4397.0,0.0,4365.0,3488.0,4490.0,3815.0,4494.0,4494.0,4494.0,4494.0,0.0,4365.0,3488.0,4490.0,4710.0,244.6058053276741,5052.0,4494.0,4527.285714285715,390.72742208264185,5052.0,3920.0,4762.0,519.2057120531047,5467.0,3920.0,4501.0,530.4983506100655,5467.0,3607.0,4662.61252446184,4645.493418651857,4609.85709265262,4526.278268006308,4494.0,3460.2,0.962106615285806,3825.0,,,190.0,23.652631578947368,23.652631578947368,1.0058399720696989,26.285714285714675,-0.013195139988560003,0.9984447900466563,4.0,0.0,0.0,0.0,0.0,4805.0,45,-0.7485107481711011,0.6631226582407952,0
2018-11-20,8,1,20,3,11,4,2018,324,0,0,0,0,0,0,0.7818314824680298,0.6234898018587336,-0.5000000000000004,0.8660254037844384,-0.6486295610349818,0.7611042586607742,0,0,0,0,0,0,0,0,0,0,0,0,0,0,0,0,0,0,0,0,0,0,0,0,0,0,0,0,0,0,0,0,0,0,0,0,0,0,0,0,0,0,0,35,50,0,0,0,0,0,0,0,0,0,0,0,0,0,0,0,0,0,0,0,0,0,0,0,0,0,0,0,0,0,0,0,0,0,0,0,0,0,0,0,1,0.0,,,,,,,,4805.0,5386.0,4183.0,4126.0,4423.0,4682.0,4023.0,3768.0,4063.0,3580.0,4303.0,3370.0,4805.0,4183.0,4126.0,4423.0,3768.0,4063.0,3580.0,4303.0,5128.666666666667,241.78548803065544,5386.0,4805.0,4768.857142857143,404.86697235773926,5386.0,4183.0,4670.785714285715,390.1170481079874,5386.0,4126.0,4686.178571428572,329.6538285591015,5386.0,4126.0,4985.240704500979,4893.743841966413,4789.657677660358,4704.540027140478,4244.0,4381.428571428572,1.0701559020044544,,,,190.0,25.289473684210527,22.01578947368421,1.0176430689032336,82.67857142857156,0.36044304138917566,0.9056419714509995,502.0,0.0,0.0,0.0,0.0,4560.0,47,-0.5680647467311559,0.8229838658936564,0
2018-11-28,18,2,28,4,11,4,2018,332,0,0,0,0,0,1,0.9749279121818236,-0.22252093395631434,-0.5000000000000004,0.8660254037844384,-0.5380051715382992,0.8429415373547832,0,0,0,0,0,0,0,0,0,0,0,0,0,0,0,0,0,0,0,0,0,0,0,0,0,0,0,0,0,0,0,0,0,0,0,0,0,0,0,0,0,0,0,27,58,0,0,0,0,0,0,0,0,0,0,0,0,0,0,0,0,0,0,0,0,0,0,0,0,0,0,0,0,0,0,0,0,0,0,0,0,0,0,0,1,0.0,,,,,,,,,,,4615.0,4369.0,4533.0,4804.0,5399.0,4153.0,3508.0,3869.0,3615.0,5195.0,5195.0,4615.0,4369.0,5399.0,4153.0,3508.0,3869.0,4897.0,237.05414290129303,5195.0,4615.0,4736.0,366.4809486375598,5196.0,4183.0,4647.0,368.6829842251238,5226.0,4126.0,4663.142857142857,310.23248359504686,5226.0,4126.0,4943.2896281800395,4768.6058643939305,4694.518414944877,4645.840599330901,4492.0,4744.833333333333,1.258173891983531,,,,190.0,27.342105263157894,27.342105263157894,1.0156240426444458,72.85714285714312,1.7143825066087783,0.9632988174744195,1326.0,0.0,0.0,0.0,0.0,4551.0,48,-0.4647231720437684,0.88545602565321,0
2018-12-06,28,3,6,1,12,4,2018,340,0,0,0,0,0,0,0.43388373911755823,-0.900968867902419,-2.4492935982947064e-16,1.0,-0.41719360261231697,0.9088176373395028,0,0,0,0,0,0,0,0,0,0,0,0,0,0,0,0,0,0,0,0,0,0,0,0,0,0,0,0,0,0,0,0,0,0,0,0,0,0,0,0,0,0,0,19,66,0,0,0,0,0,0,0,0,0,0,0,0,0,0,0,0,0,0,0,0,0,0,0,0,0,0,0,0,0,0,0,0,0,0,0,0,0,0,0,1,0.0,,,,,,,,,,,,,4527.0,4460.0,4869.0,4925.0,3943.0,3817.0,3933.0,4615.0,4615.0,4615.0,4615.0,4869.0,4925.0,3943.0,3817.0,4371.666666666667,180.54977768533038,4615.0,4183.0,4630.0,311.3385846401218,5196.0,4183.0,4599.0,342.14053085997114,5226.0,4126.0,4640.892857142857,292.726266487715,5226.0,4126.0,4497.4481409001955,4541.191593146541,4576.60641225956,4584.544318219452,,4643.5,1.3189482709345528,,,,190.0,24.289473684210527,24.289473684210527,0.9976528531301705,-10.892857142856883,-0.0884541638628235,,798.0,0.0,0.0,0.0,0.0,4633.0,49,-0.35460488704253595,0.9350162426854147,0
2018-12-15,10,5,15,3,12,4,2018,349,1,0,1,0,0,0,-0.9749279121818236,-0.2225209339563146,-2.4492935982947064e-16,1.0,-0.27195815753410524,0.9623090774541487,0,0,0,0,0,0,0,0,0,0,0,0,0,0,0,0,0,0,0,0,0,0,0,0,0,0,0,0,0,0,0,0,0,0,0,0,0,0,0,0,0,0,0,10,75,0,0,0,0,0,0,0,0,0,0,0,0,0,0,0,0,0,0,0,0,0,0,0,0,0,0,0,0,0,0,0,0,0,0,0,2,1,1,0,0,0.5,,,,,,,,,,5036.0,5417.0,5292.0,5386.0,5196.0,5112.0,3035.0,3980.0,4214.0,4180.0,4666.0,5036.0,5417.0,5292.0,5112.0,3035.0,3980.0,4214.0,4519.666666666667,109.94038788765887,4666.0,4401.0,4601.714285714285,191.71236958803996,5036.0,4401.0,4644.857142857143,282.0113617627228,5417.0,4326.0,4663.857142857143,346.040946615706,5417.0,3993.0,4593.270058708415,4609.839621426955,4625.553866064301,4632.430482369617,5248.333333333333,5237.857142857143,1.4216940889701402,4272.0,,,190.0,24.557894736842105,26.50526315789474,0.9866756516678407,-62.14285714285779,0.006192495899153294,1.1253203459225452,452.0,0.0,0.0,0.0,0.0,4644.0,50,-0.2393156642875578,0.970941817426052,0
2018-12-23,20,6,23,4,12,4,2018,357,1,0,0,1,0,0,-0.7818314824680299,0.6234898018587334,-2.4492935982947064e-16,1.0,-0.13727877211326517,0.9905324521322227,0,0,0,0,0,0,0,0,1,0,0,0,0,0,0,0,0,0,0,0,0,0,0,0,0,0,0,0,0,0,0,0,0,0,0,0,0,0,0,0,0,0,0,2,83,0,0,0,0,0,0,0,0,0,0,0,0,0,0,0,0,0,0,0,0,0,0,0,0,0,0,0,0,0,0,0,0,0,0,1,2,2,0,1,0,1.0,,,,,,,,,,,4492.0,4906.0,4242.0,4805.0,4632.0,4482.0,3839.0,4409.0,4125.0,4492.0,4492.0,4492.0,4906.0,4632.0,4482.0,3839.0,4409.0,4683.666666666667,249.45852472015375,5036.0,4492.0,4611.857142857143,179.3754470946572,5036.0,4492.0,4633.214285714285,286.52229496184776,5417.0,4326.0,4643.607142857143,359.7516344930321,5417.0,3993.0,4643.00782778865,4653.9236600622235,4652.832516836918,4646.847324534055,4699.0,4640.333333333333,0.942707240293809,4625.0,,,190.0,23.642105263157895,23.642105263157895,0.9931626429576761,-31.75,-0.4214216929710143,1.0119288422639419,83.0,0.0,0.0,0.0,0.0,4918.0,51,-0.12053668025532363,0.992708874098054,0
2019-01-01,1,1,1,1,1,1,2019,1,0,0,0,0,1,0,0.7818314824680298,0.6234898018587336,0.49999999999999994,0.8660254037844387,0.017213356155834685,0.9998518392091162,0,0,0,0,0,0,0,1,0,0,0,0,0,0,0,0,0,0,0,0,0,0,0,0,0,0,0,0,0,0,0,0,0,0,0,0,0,0,0,0,0,0,0,0,0,0,0,0,0,0,0,0,0,0,0,0,0,0,0,0,0,0,0,0,0,0,0,0,0,0,0,0,0,0,1,0,0,0,0,0,3,3,0,1,0,1.0,5071.0,4973.0,4715.0,4889.0,4620.0,4522.0,4640.0,4918.0,4900.0,4459.0,4301.0,4666.0,4643.0,4560.0,4183.0,5465.0,3583.0,4042.0,3658.0,4522.0,4459.0,4301.0,4666.0,4183.0,5465.0,3583.0,4042.0,4919.666666666667,150.14955507389587,5071.0,4715.0,4775.714285714285,188.85800734619517,5071.0,4522.0,4680.714285714285,281.4803795677998,5071.0,3887.0,4654.607142857143,275.29585893903237,5343.0,3887.0,4963.444227005871,4846.224705288253,4753.334544316511,4691.581297716134,4487.0,4471.125,1.161741122565865,,,,230.0,19.660869565217393,19.38695652173913,1.0260187678874233,121.10714285714221,-0.4816895661569344,0.9639911301398767,480.0,0.0,0.0,0.0,0.0,4796.0,1,0.12053668025532305,0.992708874098054,0
2019-01-09,11,2,9,2,1,1,2019,9,0,0,0,0,0,0,0.9749279121818236,-0.22252093395631434,0.49999999999999994,0.8660254037844387,0.15430882066428117,0.9880226656636976,0,0,0,0,0,0,0,0,0,0,0,0,0,0,0,0,0,0,0,0,0,0,0,0,0,0,0,0,0,0,0,0,0,0,0,0,0,0,0,0,0,0,0,27,8,0,0,0,0,0,0,0,0,0,0,0,0,0,0,0,0,0,0,0,0,0,0,0,0,0,0,0,0,0,0,0,0,0,0,0,0,0,0,0,1,0.0,,,,,,,,,,4620.0,4595.0,4594.0,4676.0,4551.0,4610.0,4749.0,3918.0,3517.0,3792.0,4715.0,4620.0,4595.0,4594.0,4610.0,4749.0,3918.0,3517.0,4741.333333333333,111.38621498591685,4889.0,4620.0,4743.428571428572,147.3342721674154,4918.0,4522.0,4595.571428571428,266.56538042442105,4918.0,3887.0,4636.178571428572,267.90817371035234,5343.0,3887.0,4736.51663405088,4704.170512427144,4662.90830209102,4640.252255976447,4603.0,4608.857142857143,1.1636229022704838,,,,230.0,20.5,20.08695652173913,1.0231332763282568,107.25,0.29421061507681306,0.9928435518784713,1198.0,0.0,0.0,0.0,0.0,4531.0,2,0.23931566428755774,0.970941817426052,0
2019-01-17,21,3,17,3,1,1,2019,17,0,0,0,0,0,0,0.43388373911755823,-0.900968867902419,0.49999999999999994,0.8660254037844387,0.288482432880609,0.9574851883550393,0,0,0,0,0,0,0,0,0,0,0,0,0,0,0,0,0,0,0,0,0,0,0,0,0,0,0,0,0,0,0,0,0,0,0,0,0,0,0,0,0,0,0,19,16,0,0,0,0,0,0,0,0,0,0,0,0,0,0,0,0,0,0,0,0,0,0,0,0,0,0,0,0,0,0,0,0,0,0,0,0,0,0,0,1,0.0,,,,,,,,,,,,4722.0,4581.0,4633.0,4326.0,4718.0,4913.0,3786.0,3692.0,4620.0,4620.0,4620.0,4722.0,4326.0,4718.0,4913.0,3786.0,4594.0,51.56226010045202,4640.0,4522.0,4705.857142857143,139.39299897507516,4918.0,4522.0,4560.071428571428,250.97594201314945,4918.0,3887.0,4616.964285714285,263.94784145774724,5343.0,3887.0,4625.755381604697,4637.672346702412,4618.735758195097,4616.074597980381,4722.0,4561.0,1.233644859813084,,,,230.0,20.08695652173913,20.08695652173913,1.0192535292980083,88.89285714285779,0.011501190041747822,1.022749951653452,834.0,0.0,0.0,0.0,0.0,5089.0,3,0.3546048870425356,0.9350162426854148,0
2019-01-26,3,5,26,4,1,1,2019,26,1,0,1,0,0,0,-0.9749279121818236,-0.2225209339563146,0.49999999999999994,0.8660254037844387,0.4327755925504312,0.901501684131884,0,0,0,0,0,0,0,0,0,0,0,0,0,0,0,0,0,0,0,0,0,0,0,0,0,0,0,0,0,0,0,0,0,0,0,0,0,0,0,0,0,0,0,10,25,0,0,0,0,0,0,0,0,0,0,0,0,0,0,0,0,0,0,0,0,0,0,0,0,0,0,0,0,0,0,0,0,0,0,0,2,1,1,0,0,0.5,,,4269.0,4503.0,4596.0,5300.0,4763.0,5089.0,4933.0,5583.0,5189.0,4973.0,4900.0,4644.0,5036.0,5226.0,4788.0,3806.0,2949.0,5300.0,5583.0,5189.0,4973.0,5036.0,5226.0,4788.0,3806.0,4456.0,137.57179943578552,4596.0,4269.0,4779.0,329.7787136854045,5300.0,4269.0,4813.071428571428,355.56383077459105,5583.0,4269.0,4799.857142857143,322.4330178818667,5583.0,4269.0,4468.692759295499,4654.290682212448,4737.572618790842,4753.5172537354265,5261.25,5121.0,1.2724292101341281,4146.0,,,225.0,23.555555555555557,24.813333333333333,0.9956546325783505,-20.857142857143117,1.5511527337628297,1.0961263728087145,1494.0,0.0,0.0,0.0,0.0,5510.0,4,0.4647231720437685,0.8854560256532099,0
2019-02-03,12,6,3,1,2,1,2019,34,1,0,0,1,1,0,-0.7818314824680299,0.6234898018587334,0.8660254037844386,0.5000000000000001,0.5524353131676196,0.8335557718385699,1,0,0,0,0,0,0,0,0,0,0,0,0,0,1,0,0,0,0,0,0,0,0,0,0,0,0,0,0,0,0,0,0,0,0,0,0,0,0,0,0,0,0,2,33,0,0,0,0,0,0,1,0,0,0,0,0,0,0,0,0,0,0,0,0,0,0,0,0,0,0,0,0,0,0,0,0,0,0,1,0,0,0,0,1,0.0,,,,,,,,,,4596.0,4984.0,4589.0,5071.0,4918.0,4892.0,4765.0,4575.0,5036.0,4385.0,4503.0,4596.0,4984.0,4589.0,4892.0,4765.0,4575.0,5036.0,4799.666666666667,355.8204915715538,5300.0,4503.0,4844.0,260.3920121662721,5300.0,4503.0,4822.357142857143,342.6986612885723,5583.0,4399.0,4808.892857142857,310.76372964563495,5583.0,4333.0,4669.7847358121335,4783.139712874971,4809.672822518641,4789.381166301134,4723.0,4751.142857142857,1.186874011597259,,1939.0,0.49037747701444806,227.0,19.837004405286343,20.24669603524229,1.007300462684461,35.10714285714312,-0.9843261229090913,0.9821387459245892,-533.0,4808.892857142857,0.0,0.0,0.0,2880.0,5,0.5680647467311558,0.8229838658936564,0
2019-02-11,22,0,11,2,2,1,2019,42,0,0,0,0,0,0,0.0,1.0,0.8660254037844386,0.5000000000000001,0.6616346182422783,0.7498264012045686,1,0,0,0,0,0,0,0,0,0,0,0,0,0,0,0,0,0,0,0,0,0,1,0,0,0,0,0,0,0,0,0,0,0,0,0,0,0,0,0,0,0,0,53,6,1,0,0,0,0,0,0,0,0,0,0,0,0,0,0,0,0,0,0,0,0,0,0,0,0,0,0,0,1,0,0,0,0,0,0,0,0,0,0,1,0.0,,,,,,,,,,,,4410.0,4333.0,5297.0,3887.0,3993.0,4019.0,3518.0,3717.0,5300.0,5300.0,5300.0,4410.0,3887.0,3993.0,4019.0,3518.0,5050.666666666667,220.89866958001858,5300.0,4763.0,4886.142857142857,265.21335269737006,5300.0,4410.0,4809.714285714285,356.83678313189404,5583.0,4333.0,4825.285714285715,304.6125005809907,5583.0,4333.0,5082.352250489237,4971.244950524373,4897.094347888897,4826.441086883015,4410.0,4513.4,1.2464722483537158,,4123.0,1.0427160070812633,227.0,23.348017621145374,23.348017621145374,1.0126121325162092,60.85714285714221,1.5584202382005259,0.913935518252065,1782.0,4825.285714285715,0.0,0.0,0.0,5701.0,7,0.7485107481711011,0.6631226582407953,0
2019-02-20,4,2,20,3,2,1,2019,51,0,0,0,0,0,0,0.9749279121818236,-0.22252093395631434,0.8660254037844386,0.5000000000000001,0.7694148268839378,0.6387494220515272,0,0,0,0,0,0,0,0,0,0,0,0,0,0,0,0,0,0,0,0,0,0,0,0,0,0,0,0,0,0,0,0,0,0,0,0,0,0,0,0,0,0,0,44,15,0,0,0,0,0,0,0,0,0,0,0,0,0,0,0,0,0,0,0,0,0,0,0,0,0,0,0,0,0,0,0,0,0,0,0,0,0,0,0,1,0.0,,,,5358.0,5222.0,5537.0,5668.0,5701.0,5493.0,4483.0,4647.0,4421.0,4933.0,4531.0,4620.0,4616.0,4364.0,4299.0,3527.0,5537.0,4483.0,4647.0,4421.0,4620.0,4616.0,4364.0,4299.0,5372.333333333333,128.9969853222246,5537.0,5222.0,5584.142857142857,264.58346162083774,6110.0,5222.0,4801.071428571428,1138.4538050911556,6110.0,2457.0,4752.214285714285,843.6919866677334,6110.0,2457.0,5386.285714285715,5358.093769270114,5127.292627269194,4914.805580934359,4772.0,4705.25,3.3550407013149655,,,,227.0,24.3920704845815,19.748898678414097,1.1750612496430235,831.9285714285716,0.9301803581012114,1.004163472666877,1238.0,0.0,0.0,0.0,0.0,4795.0,8,0.8229838658936564,0.5680647467311559,0
2019-02-28,14,3,28,4,2,1,2019,59,0,0,0,0,0,1,0.43388373911755823,-0.900968867902419,0.8660254037844386,0.5000000000000001,0.8498170915275278,0.5270777086423722,0,0,0,0,0,0,0,0,0,0,0,0,0,0,0,0,0,0,0,0,0,0,0,0,0,0,0,0,0,0,0,0,0,0,0,0,0,0,0,0,0,0,0,36,23,0,0,0,0,0,0,0,0,0,0,0,0,0,0,0,0,0,0,0,0,0,0,0,0,0,0,0,0,0,0,0,0,0,0,0,0,0,0,0,1,0.0,,,,,,,,,,,4998.0,4539.0,4820.0,5089.0,4671.0,4543.0,4032.0,3724.0,3658.0,5537.0,5537.0,4998.0,4539.0,4671.0,4543.0,4032.0,3724.0,5635.333333333333,70.82529366139065,5701.0,5537.0,5642.857142857143,336.8634435373431,6110.0,4998.0,4679.357142857143,1125.4958023113227,6110.0,2457.0,4726.214285714285,833.1907412018509,6110.0,2457.0,5600.6066536203525,5402.71116891741,5071.403928799297,4856.438574803758,4768.5,4785.833333333333,2.0568350668647843,,,,227.0,24.3920704845815,24.3920704845815,1.193948645094987,916.6428571428578,0.9731093664293272,1.008947058201218,1813.0,0.0,0.0,0.0,0.0,5338.0,9,0.8854560256532099,0.4647231720437686,0
2019-03-08,23,4,8,2,3,1,2019,67,0,1,0,0,0,0,-0.433883739117558,-0.9009688679024191,1.0,6.123233995736766e-17,0.9141279881853337,0.40542572835999735,0,0,0,0,0,0,0,0,0,0,0,0,0,0,0,0,0,0,0,0,0,0,0,0,0,0,0,0,0,0,0,0,0,0,0,0,0,0,0,0,0,0,0,28,31,0,0,0,0,0,0,0,0,0,0,0,0,0,0,0,0,0,0,0,0,0,0,0,0,0,0,0,0,0,0,0,0,0,0,0,0,0,0,0,1,0.0,,,,,,,,,,,,5993.0,4337.0,4915.0,5100.0,4836.0,5208.0,3862.0,4748.0,5668.0,5668.0,5668.0,5993.0,5100.0,4836.0,5208.0,3862.0,5620.666666666667,91.27370316191235,5701.0,5493.0,5492.285714285715,530.4579461682719,6110.0,4483.0,4615.785714285715,1100.1067596615617,6110.0,2457.0,4704.642857142857,819.628583753716,6110.0,2457.0,5658.185909980431,5357.061347734892,4999.37002022852,4805.857524501966,5993.0,5021.6,1.941095890410959,,,,227.0,24.969162995594715,24.969162995594715,1.1674182039019207,787.6428571428578,1.1753581585029433,1.2738480224702042,1806.0,0.0,0.0,0.0,0.0,6062.0,10,0.9350162426854148,0.35460488704253557,0
2019-03-17,5,6,17,3,3,1,2019,76,1,0,0,1,0,0,-0.7818314824680299,0.6234898018587334,1.0,6.123233995736766e-17,0.9657399376548549,0.2595117970697999,0,0,0,0,0,0,0,0,0,0,0,0,0,0,0,0,0,0,0,0,0,0,0,0,0,0,0,0,0,0,0,0,0,0,0,0,0,0,0,0,0,0,0,19,40,0,0,0,0,0,0,0,0,0,0,0,0,0,0,0,0,0,0,0,0,0,0,0,0,0,0,0,0,0,0,0,0,0,0,0,2,2,0,1,0,1.0,,,,,4660.0,5676.0,6412.0,6062.0,5972.0,5692.0,5285.0,5726.0,5493.0,2880.0,4596.0,4208.0,0.0,4647.0,4387.0,5676.0,5692.0,5285.0,5726.0,4596.0,4208.0,0.0,4647.0,5582.666666666667,718.2893257981463,6412.0,4660.0,5608.428571428572,560.7978645625883,6412.0,4660.0,5568.142857142857,439.2851103364025,6412.0,4660.0,5449.928571428572,431.48248835277434,6412.0,4660.0,5282.164383561644,5525.167399063996,5529.1227991549695,5402.158444407292,5594.75,5042.0,1.0564497846293357,4196.0,,,227.0,25.004405286343612,25.07488986784141,1.029082949973132,158.5,0.5239411440183303,1.0265730874585512,1029.0,0.0,0.0,0.0,0.0,5358.0,11,0.970941817426052,0.23931566428755804,0
2019-03-25,15,0,25,4,3,1,2019,84,0,0,0,0,0,0,0.0,1.0,1.0,6.123233995736766e-17,0.9922222094179323,0.12447926388678915,0,0,0,0,0,0,0,0,0,0,0,0,0,0,0,0,0,0,0,0,0,0,0,0,0,0,0,0,0,0,0,0,0,0,0,0,0,0,0,0,0,0,0,11,48,0,0,0,0,0,0,0,0,0,0,0,0,0,0,0,0,0,0,0,0,0,0,0,0,0,0,0,0,0,0,0,0,0,0,0,0,0,0,0,1,0.0,,,,,,,,,,,5337.0,4747.0,5033.0,5701.0,4444.0,4640.0,3657.0,4040.0,3757.0,6412.0,6412.0,5337.0,4747.0,4444.0,4640.0,3657.0,4040.0,6148.666666666667,189.79521127315678,6412.0,5972.0,5707.428571428572,432.5056092593671,6412.0,5097.0,5546.428571428572,432.02905231108747,6412.0,4747.0,5480.571428571428,404.28353103903174,6412.0,4747.0,6137.823874755381,5859.843671464971,5660.453820221519,5440.498830676652,5042.0,4619.833333333333,1.3541710665258713,,,,227.0,28.24669603524229,28.24669603524229,1.041392972578459,226.85714285714312,2.3038993674433064,0.9199770618287979,2372.0,0.0,0.0,0.0,0.0,4669.0,13,1.0,-1.6081226496766366e-16,0
2019-04-02,25,1,2,1,4,2,2019,92,0,0,0,0,1,0,0.7818314824680298,0.6234898018587336,0.8660254037844387,-0.4999999999999998,0.9999166586547379,-0.01291029607500882,0,0,0,0,0,0,0,0,0,0,0,0,0,0,0,0,0,0,0,0,0,0,0,0,0,0,0,0,0,0,0,0,0,0,0,0,0,0,0,0,0,0,0,3,56,0,0,0,0,0,0,0,0,0,0,0,0,0,0,0,0,0,0,0,0,0,0,0,0,0,0,0,0,0,0,0,0,0,0,0,0,0,0,0,1,0.0,,,,,,,,,,,,5097.0,5199.0,4811.0,3632.0,4796.0,5465.0,3500.0,3688.0,5972.0,5972.0,5972.0,5097.0,3632.0,4796.0,5465.0,3500.0,5483.0,364.5664091309931,5972.0,5097.0,5581.0,320.2838027214525,6047.0,5097.0,5482.142857142857,344.5960071783556,6047.0,4747.0,5467.321428571428,379.129364801913,6110.0,4747.0,5660.070450097847,5545.918475023784,5464.43908705002,5316.537412123492,5097.0,4881.4,1.5103692463328275,,,,229.0,26.078602620087338,26.078602620087338,1.020792370251821,113.67857142857156,1.3311513648969273,0.9322663879544044,2472.0,0.0,0.0,0.0,0.0,4895.0,14,0.992708874098054,-0.12053668025532288,0
2019-04-11,6,3,11,2,4,2,2019,101,0,0,0,0,0,0,0.43388373911755823,-0.900968867902419,0.8660254037844387,-0.4999999999999998,0.9859481499638304,-0.16705162550211924,0,0,0,0,0,0,0,0,0,0,0,0,0,0,0,0,0,0,0,0,0,0,0,0,0,0,0,0,0,0,0,0,0,0,0,0,0,0,0,0,0,0,0,10,6,0,0,0,0,0,0,0,0,0,0,0,0,0,0,0,0,0,0,0,0,0,0,0,0,0,0,0,0,0,0,0,0,0,0,0,0,0,0,0,1,0.0,,,,,,4949.0,4771.0,4895.0,4692.0,5492.0,4894.0,5072.0,5972.0,5338.0,5222.0,4598.0,4869.0,4019.0,4006.0,4949.0,5492.0,4894.0,5072.0,5222.0,4598.0,4869.0,4019.0,4871.666666666667,74.5177085590324,4949.0,4771.0,5207.857142857143,572.7942608879059,6480.0,4692.0,5274.785714285715,500.14971738062434,6480.0,4669.0,5359.392857142857,500.3275597964165,6480.0,4660.0,4925.837573385518,5065.938981997594,5188.08564765747,5271.249909682246,5101.75,5245.0,1.64473246925889,,,,229.0,21.611353711790393,23.982532751091703,0.9717252087456603,-151.53571428571377,-0.8202483535183349,0.9519268573865644,930.0,0.0,0.0,0.0,0.0,5285.0,15,0.9709418174260521,-0.2393156642875575,0
2019-04-19,16,4,19,3,4,2,2019,109,0,1,0,0,0,0,-0.433883739117558,-0.9009688679024191,0.8660254037844387,-0.4999999999999998,0.9536809966304457,-0.30081980763566735,0,0,0,0,1,0,0,0,0,0,0,0,0,0,0,0,0,0,0,0,0,0,0,0,0,0,0,0,0,0,0,0,0,0,0,0,0,0,0,0,0,0,0,2,14,0,0,0,0,0,0,0,0,0,0,0,0,0,0,0,0,0,0,0,0,0,0,0,0,0,0,0,0,0,0,0,0,1,0,0,0,0,0,0,1,0.0,,,,,,,,,,,5223.0,5601.0,5727.0,6062.0,5730.0,4763.0,4901.0,4087.0,4254.0,4895.0,4895.0,5223.0,5601.0,5730.0,4763.0,4901.0,4087.0,5010.666666666667,318.10515382321125,5445.0,4692.0,5348.285714285715,532.0455711646498,6480.0,4692.0,5303.857142857143,483.8145833068781,6480.0,4669.0,5417.678571428572,491.903594908264,6480.0,4660.0,5034.088062622309,5216.758890641021,5294.734426604711,5333.830717937478,5412.0,5647.5,1.3985714285714286,,4368.0,1.17792179548519,229.0,21.375545851528383,21.375545851528383,0.9871914038036851,-69.39285714285688,-1.062563024216253,0.9989518441609809,808.0,0.0,0.0,0.0,0.0,5612.0,16,0.9350162426854148,-0.35460488704253545,0
2019-04-27,26,5,27,4,4,2,2019,117,1,0,1,0,0,0,-0.9749279121818236,-0.2225209339563146,0.8660254037844387,-0.4999999999999998,0.9033558023246845,-0.4288919379124835,0,0,0,0,0,0,0,0,0,0,0,0,0,0,0,0,0,0,0,0,0,0,0,0,0,0,0,0,0,0,0,0,0,0,0,0,0,0,0,0,0,0,0,4,6,0,0,0,0,0,0,0,0,0,0,0,0,0,0,0,0,0,0,0,0,0,0,0,0,0,0,0,0,0,0,0,0,0,0,0,1,1,1,1,0,1.0,,,,,,,,,,,,6480.0,5960.0,6160.0,6047.0,5510.0,5226.0,3686.0,4981.0,5445.0,5445.0,5445.0,6480.0,6047.0,5510.0,5226.0,3686.0,5716.0,547.7791525788473,6480.0,5223.0,5350.428571428572,531.734051985404,6480.0,4669.0,5353.285714285715,445.19376657352063,6480.0,4669.0,5447.928571428572,465.18260075030355,6480.0,4660.0,5659.303326810176,5535.196373782169,5458.513930524242,5416.123842525395,6480.0,6211.8,1.2391898042785616,,,,231.0,23.571428571428573,23.571428571428573,0.9821032895858189,-97.5,-0.006295530881524802,1.1894429075271074,1759.0,0.0,0.0,0.0,0.0,5753.0,17,0.8854560256532099,-0.4647231720437685,0
2019-05-06,8,0,6,1,5,2,2019,126,0,0,0,0,0,0,0.0,1.0,0.49999999999999994,-0.8660254037844387,0.8263541987239096,-0.5631507242749186,0,0,0,0,0,0,0,0,0,0,0,0,0,0,0,0,0,0,0,0,0,0,0,0,0,0,0,0,0,0,0,0,0,0,0,0,0,0,0,0,0,0,0,32,5,0,0,0,0,0,0,0,0,0,0,0,0,0,0,0,0,0,0,0,0,0,0,0,0,0,0,0,0,0,0,0,0,0,0,0,0,0,0,0,1,0.0,,,,,,,,5753.0,5465.0,4622.0,5042.0,4647.0,4692.0,4669.0,4660.0,2457.0,4317.0,3629.0,3725.0,5753.0,4622.0,5042.0,4647.0,4660.0,2457.0,4317.0,3629.0,5445.333333333333,259.61039184816076,5753.0,5118.0,5207.571428571428,320.8545986414839,5753.0,4622.0,5095.571428571428,750.2785877150391,5753.0,2587.0,5196.892857142857,657.601341417955,6572.0,2587.0,5522.285714285715,5318.1672732352245,5231.613579031005,5232.94754587968,4770.333333333333,4767.571428571428,1.5607704829083018,,,,229.0,25.12227074235808,20.183406113537117,1.0020547992275604,10.678571428571558,0.8456599885548215,0.9179202774551644,2124.0,0.0,0.0,0.0,0.0,5135.0,19,0.7485107481711013,-0.663122658240795,0
2019-05-14,17,1,14,2,5,2,2019,134,0,0,0,0,0,0,0.7818314824680298,0.6234898018587336,0.49999999999999994,-0.8660254037844387,0.7412220108485958,-0.6712599575675313,0,0,0,0,0,0,0,0,0,0,0,0,0,0,0,0,0,0,0,0,0,0,0,0,0,0,0,0,0,0,0,0,0,0,0,0,0,0,0,0,0,0,0,24,13,0,0,0,0,0,0,0,0,0,0,0,0,0,0,0,0,0,0,0,0,0,0,0,0,0,0,0,0,0,0,0,0,0,0,0,0,0,0,0,1,0.0,,,,,,,,,,,5163.0,5320.0,4956.0,4895.0,5238.0,5668.0,4435.0,3400.0,3699.0,5465.0,5465.0,5163.0,5320.0,5238.0,5668.0,4435.0,3400.0,5244.333333333333,156.58082754780534,5465.0,5118.0,5194.571428571428,299.6339944202675,5662.0,4622.0,5154.071428571428,827.2402021425314,6572.0,2587.0,5222.857142857143,692.4732957350213,6572.0,2587.0,5285.375733855186,5173.447929124739,5151.554288853141,5194.045095984463,5241.5,5084.166666666667,1.3707047905693504,,,,230.0,23.76086956521739,23.76086956521739,0.9945842450765864,-28.285714285714675,0.3496782599910021,1.003569474835886,2065.0,0.0,0.0,0.0,0.0,5010.0,20,0.6631226582407952,-0.7485107481711012,0
2019-05-22,27,2,22,4,5,2,2019,142,0,0,0,0,0,0,0.9749279121818236,-0.22252093395631434,0.49999999999999994,-0.8660254037844387,0.6420547132365637,-0.766658819300159,0,0,0,0,0,0,0,0,0,0,0,0,0,0,0,0,0,0,0,0,0,0,0,0,0,0,0,0,0,0,0,0,0,0,0,0,0,0,0,0,0,0,0,16,21,0,0,0,0,0,0,0,0,0,0,0,0,0,0,0,0,0,0,0,0,0,0,0,0,0,0,0,0,0,0,0,0,0,0,0,0,0,0,0,1,0.0,,,,,,,,,,,,5150.0,5213.0,5332.0,5211.0,4795.0,4616.0,3580.0,3910.0,5150.0,5150.0,5150.0,5150.0,5211.0,4795.0,4616.0,3580.0,4978.333333333333,252.0216040122134,5163.0,4622.0,4854.0,979.1557588044917,5662.0,2587.0,5160.071428571428,825.9704650795169,6572.0,2587.0,5227.571428571428,692.5297017132926,6572.0,2587.0,5092.911937377691,5062.582070097909,5101.172221300599,5177.791870705283,5150.0,5135.4,1.2897570748810419,,,,285.0,18.07017543859649,18.07017543859649,0.9285382450195393,-373.57142857142844,-0.11201169910766227,0.9851610963845544,1570.0,0.0,0.0,0.0,0.0,5626.0,21,0.5680647467311558,-0.8229838658936564,0
2019-05-31,9,4,31,5,5,2,2019,151,0,1,0,0,0,1,-0.433883739117558,-0.9009688679024191,0.49999999999999994,-0.8660254037844387,0.5160623910158528,-0.8565509959010036,0,0,0,0,0,0,0,0,0,0,0,0,0,0,0,0,0,0,0,0,0,0,0,0,0,0,0,0,0,0,0,0,0,0,0,0,0,0,0,0,0,0,0,7,30,0,0,0,0,0,0,0,0,0,0,0,0,0,0,0,0,0,0,0,0,0,0,0,0,0,0,0,0,0,0,0,0,0,0,0,0,0,0,0,1,0.0,,,,,,,,,5406.0,6043.0,5872.0,6783.0,5465.0,5612.0,5809.0,5542.0,4523.0,3624.0,3336.0,5406.0,6043.0,5872.0,6783.0,5809.0,5542.0,4523.0,3624.0,5720.666666666667,365.4096635588914,6233.0,5406.0,5883.571428571428,652.8014043102143,7269.0,5343.0,5737.857142857143,565.8785656131606,7269.0,5010.0,5717.892857142857,638.4945093893981,7269.0,4868.0,5671.945205479452,5790.102565824624,5757.787583120259,5671.0872984479065,6232.666666666667,5852.285714285715,1.4516648764769065,,,,298.0,18.140939597315437,20.278523489932887,1.028975459241354,165.67857142857156,-0.48848165889652634,1.0900285861216774,1782.0,0.0,0.0,0.0,0.0,6096.0,22,0.46472317204376906,-0.8854560256532096,0
2019-06-08,19,5,8,2,6,2,2019,159,1,0,1,0,0,0,-0.9749279121818236,-0.2225209339563146,1.2246467991473532e-16,-1.0,0.39359027665646673,-0.9192859697186104,0,0,1,0,0,0,0,0,0,0,0,0,0,0,0,0,0,0,0,0,0,0,0,0,0,0,0,0,0,0,0,0,0,0,0,0,0,0,0,0,0,0,1,97,1,0,0,0,0,0,0,0,0,0,0,0,0,0,0,0,0,0,0,0,0,0,0,0,0,0,0,0,0,0,0,0,0,0,1,0,3,2,0,0,0,0.6666666666666666,,,,,,,,,,,7269.0,6201.0,5607.0,5753.0,6572.0,6412.0,5343.0,4070.0,4536.0,6233.0,6233.0,7269.0,6201.0,6572.0,6412.0,5343.0,4070.0,6515.0,538.7714419553682,7269.0,6043.0,5758.0,754.919484826977,7269.0,5010.0,5721.285714285715,580.4730126089817,7269.0,5010.0,5677.035714285715,674.5843419756906,7269.0,4622.0,6354.2054794520545,6049.619074709768,5855.8283062001765,5702.964058735508,6735.0,6177.333333333333,1.4069977426636568,4618.0,3182.0,0.7556399905010687,298.0,20.916107382550337,20.916107382550337,1.01426171857798,80.96428571428532,0.8241583018159057,1.1863585749605239,2163.0,0.0,0.0,0.0,0.0,6879.0,23,0.35460488704253584,-0.9350162426854147,0
2019-06-16,28,6,16,3,6,2,2019,167,1,0,0,1,0,0,-0.7818314824680299,0.6234898018587334,1.2246467991473532e-16,-1.0,0.26366549272800704,-0.9646141756912435,0,0,0,0,0,0,0,0,0,0,0,0,0,0,0,0,0,0,0,0,0,0,0,0,0,0,0,0,0,0,0,0,0,0,0,0,0,0,0,0,0,0,0,89,9,0,0,0,0,0,0,0,0,0,0,0,0,0,0,0,0,0,0,0,0,0,0,0,0,0,0,0,0,0,0,0,0,0,0,0,2,2,0,1,0,1.0,,,,,,,,,,,,,5431.0,4868.0,5182.0,5358.0,4208.0,3980.0,3728.0,7269.0,7269.0,7269.0,7269.0,5182.0,5358.0,4208.0,3980.0,6218.333333333333,796.0005583470962,7269.0,5343.0,5643.428571428572,734.724604799621,7269.0,5010.0,5623.785714285715,600.621247254092,7269.0,4868.0,5639.5,671.8393462300769,7269.0,4622.0,6474.704500978473,5987.946940153356,5797.488205184724,5663.528087160255,,5257.0,1.679140679140679,4237.0,,,298.0,24.392617449664428,24.392617449664428,1.0006966169746558,3.9285714285715585,2.425431033689361,,3289.0,0.0,0.0,0.0,0.0,6368.0,24,0.23931566428755768,-0.970941817426052,0
2019-06-25,10,1,25,4,6,2,2019,176,0,0,0,0,0,0,0.7818314824680298,0.6234898018587336,1.2246467991473532e-16,-1.0,0.11165900712169512,-0.993746580436178,0,0,0,0,0,0,0,0,0,0,0,0,0,0,0,0,0,0,0,0,0,0,0,0,0,0,0,0,0,0,0,0,0,0,0,0,0,0,0,0,0,0,0,80,18,0,0,0,0,0,0,0,0,0,0,0,0,0,0,0,0,0,0,0,0,0,0,0,0,0,0,0,0,0,0,0,0,0,0,0,0,0,0,0,1,0.0,,,,,,,,,,5990.0,5458.0,6055.0,5406.0,5010.0,5300.0,4933.0,4522.0,3410.0,4048.0,6418.0,5990.0,5458.0,6055.0,5300.0,4933.0,4522.0,3410.0,6276.333333333333,172.8358244757788,6418.0,6033.0,6196.714285714285,396.6371909245145,6879.0,5501.0,6040.142857142857,536.6304737024561,6879.0,5244.0,6101.0,527.8048881925972,7269.0,5244.0,6302.649706457925,6175.956116760981,6103.86789645015,6022.577188333899,5834.333333333333,5540.142857142857,1.7511596180081856,,,,298.0,21.536912751677853,20.100671140939596,1.0156882946589552,95.71428571428532,0.600600727828663,0.9562913183631099,3008.0,0.0,0.0,0.0,0.0,5918.0,26,-3.216245299353273e-16,-1.0,0
2019-07-03,20,2,3,1,7,3,2019,184,0,0,0,0,1,0,0.9749279121818236,-0.22252093395631434,-0.4999999999999997,-0.8660254037844388,-0.02581844022713239,-0.9996666485105112,0,0,0,0,0,0,0,0,0,0,0,0,0,0,0,0,0,0,0,0,0,0,0,0,0,0,0,0,0,0,0,0,0,0,0,0,0,0,0,0,0,0,0,72,26,0,0,0,0,0,0,0,0,0,0,0,0,0,0,0,0,0,0,0,0,0,0,0,0,0,0,0,0,0,0,0,0,0,0,0,0,0,0,0,1,0.0,,,,,,,,,,,6033.0,5244.0,6386.0,5626.0,5770.0,4771.0,4470.0,3583.0,3865.0,6033.0,6033.0,6033.0,5244.0,5770.0,4771.0,4470.0,3583.0,5841.333333333333,241.2914328266869,6033.0,5501.0,6080.714285714285,476.28434312940004,6879.0,5454.0,6004.571428571428,520.0474860578619,6879.0,5244.0,6050.642857142857,538.8443463485877,7269.0,5244.0,5990.203522504892,6000.335091033342,6006.407841311597,5964.355753695687,5638.5,5737.833333333333,1.6447655398037078,,,,298.0,20.24496644295302,20.24496644295302,1.0049699559668983,30.07142857142844,-0.03274202886679897,0.93188445147505,2450.0,0.0,0.0,0.0,0.0,5559.0,27,-0.12053668025532283,-0.992708874098054,0
2019-07-12,2,4,12,2,7,3,2019,193,0,1,0,0,0,0,-0.433883739117558,-0.9009688679024191,-0.4999999999999997,-0.8660254037844388,-0.17976658572556214,-0.9837092937736098,0,0,0,0,0,0,0,0,0,0,0,0,0,0,0,0,0,0,0,0,0,0,0,0,0,0,0,0,0,0,0,0,0,0,0,0,0,0,0,0,0,0,0,63,35,0,0,0,0,0,0,0,0,0,0,0,0,0,0,0,0,0,0,0,0,0,0,0,0,0,0,0,0,0,0,0,0,0,0,0,0,0,0,0,1,0.0,,6058.0,6207.0,6687.0,7279.0,6078.0,5976.0,5559.0,5468.0,6235.0,6774.0,6418.0,6530.0,6096.0,6043.0,5382.0,5100.0,4357.0,4137.0,6078.0,6235.0,6774.0,6418.0,6043.0,5382.0,5100.0,4357.0,6317.333333333333,268.3782571090454,6687.0,6058.0,6263.428571428572,516.7759550860528,7279.0,5559.0,6180.5,475.23494189716314,7279.0,5468.0,6248.5,435.8317581688735,7279.0,5468.0,6243.003913894325,6270.455721145009,6235.256185608607,6198.246784469658,6376.25,6296.125,1.5251762336354482,,,,298.0,20.395973154362416,20.92281879194631,1.002389144823329,14.928571428571558,-0.39120600278499135,1.0204449067776267,1721.0,0.0,0.0,0.0,0.0,6342.0,28,-0.23931566428755743,-0.9709418174260521,0
2019-07-20,12,5,20,3,7,3,2019,201,1,0,1,0,0,0,-0.9749279121818236,-0.2225209339563146,-0.4999999999999997,-0.8660254037844388,-0.3131070409358267,-0.9497178427914317,0,0,0,0,0,0,0,0,0,0,0,0,0,0,0,0,0,0,0,0,0,0,0,0,0,0,0,0,0,0,0,0,0,0,0,0,0,0,0,0,0,0,0,55,43,0,0,0,0,0,0,0,0,0,0,0,0,0,0,0,0,0,0,0,0,0,0,0,0,0,0,0,0,0,0,0,0,0,0,0,2,1,1,0,0,0.5,,,,,,,,,,7279.0,6856.0,7179.0,6702.0,6879.0,7112.0,5662.0,5300.0,4752.0,4781.0,6687.0,7279.0,6856.0,7179.0,7112.0,5662.0,5300.0,4752.0,6681.333333333333,490.3225695623466,7279.0,6078.0,6107.714285714285,609.0516549253823,7279.0,5468.0,6145.428571428572,485.7360709400167,7279.0,5468.0,6220.857142857143,458.4426833068132,7279.0,5468.0,6651.2994129158515,6386.010671535559,6270.991898040914,6208.397156699046,7104.666666666667,6955.857142857143,1.3441206030150754,5116.0,,,298.0,22.43959731543624,24.426174496644297,0.9818123363799199,-113.14285714285779,1.016796371970649,1.1420719851804222,1935.0,0.0,0.0,0.0,0.0,7010.0,29,-0.3546048870425356,-0.9350162426854148,0
2019-07-28,21,6,28,4,7,3,2019,209,1,0,0,1,0,1,-0.7818314824680299,0.6234898018587334,-0.4999999999999997,-0.8660254037844388,-0.4405187843504952,-0.8977433935342336,0,0,0,0,0,0,0,0,0,0,0,0,0,0,0,0,0,0,0,0,0,0,0,0,0,0,0,0,0,0,0,0,0,0,0,0,0,0,0,0,0,0,0,47,51,0,0,0,0,0,0,0,0,0,0,0,0,0,0,0,0,0,0,0,0,0,0,0,0,0,0,0,0,0,0,0,0,0,0,0,2,2,0,1,0,1.0,,,,,,,,,,,,6317.0,6443.0,6368.0,6521.0,5547.0,4988.0,4788.0,4075.0,7279.0,7279.0,7279.0,6317.0,6521.0,5547.0,4988.0,4788.0,6444.333333333333,591.6656338019154,7279.0,5976.0,6054.857142857143,571.3741402647352,7279.0,5468.0,6128.0,470.1177664008395,7279.0,5468.0,6202.678571428572,449.6048307419868,7279.0,5468.0,6614.714285714285,6285.427388285069,6206.86653916132,6172.717801088707,6317.0,6365.4,1.624414193260433,4566.0,,,298.0,24.426174496644297,24.426174496644297,0.9761681301281129,-147.82142857142844,2.3939276337293034,1.0184309774003166,2491.0,0.0,0.0,0.0,0.0,6652.0,30,-0.46472317204376806,-0.8854560256532101,0
2019-08-06,3,1,6,1,8,3,2019,218,0,0,0,0,0,0,0.7818314824680298,0.6234898018587336,-0.8660254037844385,-0.5000000000000004,-0.5737722679043243,-0.8190148866680802,0,0,0,0,0,0,0,0,0,0,0,0,0,0,0,0,0,0,0,0,0,0,0,0,0,0,0,0,0,0,0,0,0,0,0,0,0,0,0,0,0,0,0,38,60,0,0,0,0,0,0,0,0,0,0,0,0,0,0,0,0,0,0,0,0,0,0,0,0,0,0,0,0,0,0,0,0,0,0,0,0,0,0,0,1,0.0,,,6212.0,6242.0,5347.0,5961.0,6151.0,6652.0,7004.0,5917.0,6638.0,6058.0,5468.0,5918.0,5990.0,5562.0,3632.0,4282.0,4152.0,5961.0,5917.0,6638.0,6058.0,5990.0,5562.0,3632.0,4282.0,5933.666666666667,415.016733263719,6242.0,5347.0,6224.142857142857,483.39260251193883,7004.0,5347.0,6177.285714285715,462.24860790510127,7010.0,5347.0,6364.535714285715,478.99168514576064,7514.0,5347.0,6107.422700587084,6120.7179874607145,6187.007454165187,6240.718483002512,6143.5,6042.5,1.4399629114510895,,,,297.0,20.07070707070707,19.922558922558924,0.977941382773965,-140.3928571428578,-0.8424691425758588,0.9652707244945484,1679.0,0.0,0.0,0.0,0.0,6501.0,32,-0.663122658240795,-0.7485107481711013,0
2019-08-14,13,2,14,2,8,3,2019,226,0,0,0,0,0,0,0.9749279121818236,-0.22252093395631434,-0.8660254037844385,-0.5000000000000004,-0.6807734094770159,-0.7324940716135792,0,0,0,0,0,0,0,0,0,0,0,0,0,0,0,0,0,0,0,0,0,0,0,0,0,0,0,0,0,0,0,0,0,0,0,0,0,0,0,0,0,0,0,30,68,0,0,0,0,0,0,0,0,0,0,0,0,0,0,0,0,0,0,0,0,0,0,0,0,0,0,0,0,0,0,0,0,0,0,0,0,0,0,0,1,0.0,,,,,,,,,,5347.0,5761.0,6172.0,6374.0,5559.0,6015.0,5368.0,5537.0,4032.0,4313.0,5347.0,5347.0,5761.0,6172.0,6015.0,5368.0,5537.0,4032.0,5819.666666666667,343.1086643551217,6151.0,5347.0,6230.142857142857,508.18962393731636,7004.0,5347.0,6208.428571428572,491.51757914874713,7010.0,5347.0,6350.25,485.98909636504635,7514.0,5347.0,5761.2896281800395,6039.895963974299,6174.34756364521,6242.764086986885,5760.0,5899.142857142857,1.2593028732925107,,,,297.0,18.003367003367003,18.003367003367003,0.9810862339502944,-120.10714285714312,-2.064346726096953,0.9070509035077359,1315.0,0.0,0.0,0.0,0.0,5828.0,33,-0.7485107481711011,-0.6631226582407952,0
2019-08-22,23,3,22,4,8,3,2019,234,0,0,0,0,0,0,0.43388373911755823,-0.900968867902419,-0.8660254037844385,-0.5000000000000004,-0.7748840413670406,-0.6321034111873488,0,0,0,0,0,0,0,0,0,0,0,0,0,0,0,0,0,0,0,0,0,0,0,0,0,0,0,0,0,0,0,0,0,0,0,0,0,0,0,0,0,0,0,22,76,0,0,0,0,0,0,0,0,0,0,0,0,0,0,0,0,0,0,0,0,0,0,0,0,0,0,0,0,0,0,0,0,0,0,0,0,0,0,0,1,0.0,,,,,,,,,,,,5955.0,6080.0,6289.0,6034.0,5797.0,5021.0,4364.0,4135.0,6151.0,6151.0,6151.0,5955.0,6034.0,5797.0,5021.0,4364.0,6602.333333333333,350.0022222151676,7004.0,6151.0,6283.0,423.2550733811198,7004.0,5761.0,6315.714285714285,431.2514063863491,7010.0,5745.0,6340.214285714285,494.85880794012184,7514.0,5468.0,6391.761252446184,6375.313665366236,6354.490679684842,6334.913584490576,5955.0,6066.8,1.3471309680245291,,,,297.0,20.71043771043771,20.71043771043771,0.9909759697171119,-57.214285714285325,-0.3823601453147831,0.9392427024773836,1787.0,0.0,0.0,0.0,0.0,6652.0,34,-0.8229838658936564,-0.5680647467311559,0
2019-08-31,4,5,31,5,8,3,2019,243,1,0,1,0,0,1,-0.9749279121818236,-0.2225209339563146,-0.8660254037844385,-0.5000000000000004,-0.8631421280499115,-0.5049610547215202,0,0,0,0,0,0,0,0,0,0,0,0,0,0,0,0,0,0,0,0,0,0,0,0,0,0,0,0,0,0,0,0,0,0,0,0,0,0,0,0,0,0,0,13,85,0,0,0,0,0,0,0,0,0,0,0,0,0,0,0,0,0,0,0,0,0,0,0,0,0,0,0,0,0,0,0,0,0,0,0,2,1,1,0,0,0.5,,,,6258.0,6719.0,7093.0,7052.0,6652.0,6360.0,7182.0,7176.0,6984.0,7004.0,7010.0,7279.0,6684.0,6047.0,4293.0,4698.0,7093.0,7182.0,7176.0,6984.0,7279.0,6684.0,6047.0,4293.0,6690.0,341.50353829304123,7093.0,6258.0,6642.285714285715,312.3435445081559,7093.0,6258.0,6446.714285714285,482.46797503956213,7182.0,5535.0,6420.821428571428,488.0979888133872,7182.0,5347.0,6543.66927592955,6609.609422209376,6550.718275038846,6473.880480088388,7108.75,7155.25,1.4025100851636039,4584.0,,,297.0,23.882154882154882,24.181818181818183,1.0344915815177187,221.46428571428623,1.3771385804368952,1.1071402746644565,2800.0,0.0,0.0,0.0,0.0,6328.0,35,-0.8854560256532096,-0.4647231720437691,0
2019-09-08,14,6,8,2,9,3,2019,251,1,0,0,1,0,0,-0.7818314824680299,0.6234898018587334,-1.0,-1.8369701987210297e-16,-0.9242907221930934,-0.3816892202666586,0,0,0,0,0,0,0,0,0,0,0,0,0,0,0,0,0,0,0,0,0,0,0,0,0,0,0,0,0,0,0,0,0,0,0,0,0,0,0,0,0,0,0,5,93,0,0,0,0,0,0,0,0,0,0,0,0,0,0,0,0,0,0,0,0,0,0,0,0,0,0,0,0,0,0,0,0,0,0,0,2,2,0,1,0,1.0,,,,,,,,,,,6813.0,6591.0,7057.0,6652.0,6724.0,6178.0,5676.0,5360.0,4454.0,7093.0,7093.0,6813.0,6591.0,6724.0,6178.0,5676.0,5360.0,6932.333333333333,198.93103215827227,7093.0,6652.0,6657.857142857143,314.6805312292037,7093.0,6273.0,6405.0,504.3536174437251,7182.0,5535.0,6414.607142857143,488.45436541383964,7182.0,5347.0,6942.438356164384,6729.652509544449,6576.920420266823,6472.672704712713,6702.0,6636.833333333333,1.5126892727660481,4737.0,,,297.0,23.882154882154882,23.882154882154882,1.0379212622975464,243.25,1.3888561658530643,1.0448028773613793,1733.0,0.0,0.0,0.0,0.0,6712.0,36,-0.9350162426854147,-0.3546048870425359,0
2019-09-16,24,0,16,3,9,3,2019,259,0,0,0,0,0,0,0.0,1.0,-1.0,-1.8369701987210297e-16,-0.9679377830240642,-0.25119006388481957,0,0,0,0,0,0,0,0,0,0,0,0,0,0,0,0,0,0,0,0,0,0,0,0,0,0,0,0,0,0,0,0,0,0,0,0,0,0,0,0,0,0,0,15,3,0,0,0,0,0,0,0,0,0,0,0,0,0,0,0,0,0,0,0,0,0,0,0,0,0,0,0,0,0,0,0,0,0,0,0,0,0,0,0,1,0.0,,,,,,,,,,,,6273.0,5802.0,6227.0,5745.0,5737.0,5041.0,,3833.0,6652.0,6652.0,6652.0,6273.0,5745.0,5737.0,5041.0,,6458.0,137.18114544887962,6652.0,6360.0,6560.571428571428,315.823575136887,7182.0,6273.0,6396.0,496.7331850630247,7182.0,5535.0,6393.178571428572,469.21172905594915,7182.0,5347.0,6523.260273972603,6459.932534932222,6412.134647412519,6380.149513130288,6273.0,6039.6,1.5242896425297892,,,,297.0,22.397306397306398,22.397306397306398,1.026183041076147,167.39285714285688,0.5516090339262734,0.981202062466133,6652.0,0.0,0.0,0.0,0.0,5367.0,38,-0.992708874098054,-0.12053668025532357,0
2019-09-25,6,2,25,4,9,3,2019,268,0,0,0,0,0,0,0.9749279121818236,-0.22252093395631434,-1.0,-1.8369701987210297e-16,-0.9951053111006974,-0.09882013873287211,0,0,0,0,0,0,0,0,0,0,0,0,0,0,0,0,0,0,0,0,0,0,0,0,0,0,0,0,0,0,0,0,0,0,0,0,0,0,0,0,0,0,0,6,12,0,0,0,0,0,0,0,0,0,0,0,0,0,0,0,0,0,0,0,0,0,0,0,0,0,0,0,0,0,0,0,0,0,0,0,0,0,0,0,1,0.0,,,,,,6925.0,6339.0,5367.0,5667.0,5326.0,6044.0,6129.0,6360.0,5828.0,5347.0,6066.0,5211.0,3768.0,3984.0,6925.0,5326.0,6044.0,6129.0,5347.0,6066.0,5211.0,3768.0,6210.333333333333,642.5248806250402,6925.0,5367.0,5667.285714285715,764.4244733851763,6925.0,4603.0,6030.428571428572,829.1346361707241,7740.0,4603.0,6132.821428571428,707.9867862755748,7740.0,4603.0,6413.178082191781,6041.96951340072,5976.4690104506135,6059.719785873113,6106.0,6036.625,1.9198780149708898,,,,297.0,23.316498316498315,17.932659932659934,0.9240911023241459,-465.53571428571377,1.1189171701860354,0.9956265759758676,3157.0,0.0,0.0,0.0,0.0,6874.0,39,-1.0,-1.8369701987210297e-16,0
2019-10-03,15,3,3,1,10,4,2019,276,0,0,0,0,1,0,0.43388373911755823,-0.900968867902419,-0.8660254037844386,0.5000000000000001,-0.9992500112396835,0.03872228089217399,0,0,0,0,0,1,0,0,0,0,0,0,0,0,0,0,0,0,0,0,0,0,0,0,0,0,0,0,0,1,0,0,0,0,0,0,0,0,0,0,0,0,0,83,2,0,0,0,0,0,0,0,0,0,0,1,0,0,0,0,0,0,0,0,0,0,0,0,0,0,0,0,0,0,0,0,1,0,0,0,7,3,0,0,0,0.42857142857142855,,,,,,,,,,,4804.0,6097.0,6036.0,6652.0,6252.0,5976.0,4949.0,5399.0,4058.0,6339.0,6339.0,4804.0,6097.0,6252.0,5976.0,4949.0,5399.0,5791.0,406.3889762284405,6339.0,5367.0,5438.857142857143,568.1783996928701,6339.0,4603.0,5967.5,791.4266277696607,7740.0,4603.0,6112.642857142857,693.014389372653,7740.0,4603.0,5899.624266144814,5746.993442168071,5830.317536505806,5995.467245334075,5450.5,5896.0,1.6283072180837401,5144.0,,,308.0,20.58116883116883,20.58116883116883,0.8897717844748005,-673.7857142857138,0.3266269017329518,0.8916765018638186,940.0,0.0,6112.642857142857,0.0,0.0,8569.0,40,-0.992708874098054,0.1205366802553232,0
2019-10-11,25,4,11,2,10,4,2019,284,0,1,0,0,0,0,-0.433883739117558,-0.9009688679024191,-0.8660254037844386,0.5000000000000001,-0.9844738167520923,0.17553149042142777,0,0,0,0,0,0,0,0,0,0,0,0,0,0,0,0,0,0,0,0,0,0,0,0,0,0,0,0,0,0,0,0,0,0,0,0,0,0,0,0,0,0,0,75,10,0,0,0,0,0,0,0,0,0,0,0,0,0,0,0,0,0,0,0,0,0,0,0,0,0,0,0,0,0,0,0,0,0,0,0,0,0,0,0,1,0.0,,,,,,,,,,,,4603.0,6878.0,5927.0,6282.0,6342.0,5382.0,4869.0,4452.0,5667.0,5667.0,5667.0,4603.0,6282.0,6342.0,5382.0,4869.0,5412.0,584.9279157867802,5966.0,4603.0,5481.142857142857,543.388950035247,6040.0,4603.0,5893.428571428572,812.9935612366465,7740.0,4603.0,6145.821428571428,678.6904435103274,7740.0,4603.0,5559.600782778865,5611.456469752577,5811.694642180845,6014.695309606992,4603.0,6148.4,1.8672158154859968,,,,278.0,20.384892086330936,20.384892086330936,0.8918487009175804,-664.6785714285716,-0.7055078396195841,0.7489641626424458,798.0,0.0,0.0,0.0,0.0,6234.0,41,-0.9709418174260521,0.23931566428755738,0
2019-10-20,7,6,20,3,10,4,2019,293,1,0,0,1,0,0,-0.7818314824680299,0.6234898018587334,-0.8660254037844386,0.5000000000000001,-0.9455963874271428,0.3253420847119795,0,0,0,0,0,0,0,0,0,0,0,0,0,0,0,0,0,0,0,0,0,0,0,0,0,0,0,0,0,0,0,0,0,0,0,0,0,0,0,0,0,0,0,66,19,0,0,0,0,0,0,0,0,0,0,0,0,0,0,0,0,0,0,0,0,0,0,0,0,0,0,0,0,0,0,0,0,0,0,0,2,2,0,1,0,1.0,,,,,,,6653.0,6234.0,6003.0,6622.0,6735.0,6459.0,5667.0,6712.0,6719.0,5984.0,5182.0,5112.0,3897.0,6653.0,6622.0,6735.0,6459.0,6719.0,5984.0,5182.0,5112.0,6296.666666666667,269.0357266651071,6653.0,6003.0,5908.714285714285,604.1422997666584,6653.0,4962.0,6839.357142857143,1189.666616394385,8785.0,4962.0,6638.464285714285,935.1487460804931,8785.0,4962.0,6318.694716242661,6295.265517617626,6490.376727033327,6540.055674991904,6605.333333333333,6395.428571428572,1.4513525305410122,4544.0,,,277.0,24.018050541516246,23.906137184115522,0.8900724672767475,-729.75,0.015543745683923006,0.9950092444645294,1541.0,0.0,0.0,0.0,0.0,7229.0,42,-0.9350162426854148,0.35460488704253557,0
2019-10-28,17,0,28,4,10,4,2019,301,0,0,0,0,0,1,0.0,1.0,-0.8660254037844386,0.5000000000000001,-0.8919813464595487,0.45207220393230374,0,0,0,0,0,0,0,0,0,0,0,0,0,0,0,0,0,0,0,0,0,0,0,0,0,0,0,0,0,0,0,0,0,0,0,0,0,0,0,0,0,0,0,58,27,0,0,0,0,0,0,0,0,0,0,0,0,0,0,0,0,0,0,0,0,0,0,0,0,0,0,0,0,0,0,0,0,0,0,0,0,0,0,0,1,0.0,,,,,,,,,,,5599.0,6700.0,5777.0,5367.0,4975.0,6151.0,5375.0,4632.0,3654.0,6003.0,6003.0,5599.0,6700.0,4975.0,6151.0,5375.0,4632.0,5417.666666666667,434.76455952874335,6003.0,4962.0,6384.714285714285,1248.3490485191935,8785.0,4962.0,6903.428571428572,1181.8830443881684,8785.0,4962.0,6555.678571428572,1012.8762459159639,8785.0,4603.0,5747.238747553816,6157.310140687113,6500.69320077309,6553.916648653528,6149.5,5743.0,1.2640555906506632,,,,274.0,21.90875912408759,21.90875912408759,0.9739211915514902,-170.96428571428623,-0.5456526141836543,0.93804171955611,1371.0,0.0,0.0,0.0,0.0,5341.0,44,-0.822983865893657,0.5680647467311548,0
2019-11-05,26,1,5,1,11,4,2019,309,0,0,0,0,0,0,0.7818314824680298,0.6234898018587336,-0.5000000000000004,0.8660254037844384,-0.8214765533024145,0.5702422926917867,0,0,0,0,0,0,0,0,0,0,0,0,0,0,0,0,0,0,0,0,0,0,0,0,0,0,0,0,0,0,0,0,0,0,0,0,0,0,0,0,0,0,0,50,35,0,0,0,0,0,0,0,0,0,0,0,0,0,0,0,0,0,0,0,0,0,0,0,0,0,0,0,0,0,0,0,0,0,0,0,0,0,0,0,1,0.0,,,,,,,,,,,,4962.0,7398.0,6439.0,5962.0,6501.0,5562.0,4317.0,3499.0,5288.0,5288.0,5288.0,4962.0,5962.0,6501.0,5562.0,4317.0,5283.0,260.0781933701222,5599.0,4962.0,6751.285714285715,1443.8739274491202,8785.0,4962.0,6937.642857142857,1162.088858610271,8785.0,4962.0,6512.857142857143,1059.60392580994,8785.0,4603.0,5494.207436399217,6209.111618377746,6577.273872428156,6594.739426267118,4962.0,6220.0,1.3144419587372607,,,,254.0,20.818897637795274,20.818897637795274,1.036608905461724,238.42857142857156,-1.1559575356620984,0.7618776047378811,971.0,0.0,0.0,0.0,0.0,5909.0,45,-0.7485107481711011,0.6631226582407952,0
2019-11-14,8,3,14,2,11,4,2019,318,0,0,0,0,0,0,0.43388373911755823,-0.900968867902419,-0.5000000000000004,0.8660254037844384,-0.7236440382959124,0.690173388242972,0,0,0,0,0,0,0,0,0,0,0,0,0,0,0,0,0,0,0,0,0,0,0,0,0,0,0,0,0,0,0,0,0,0,0,0,0,0,0,0,0,0,0,41,44,0,0,0,0,0,0,0,0,0,0,0,0,0,0,0,0,0,0,0,0,0,0,0,0,0,0,0,0,0,0,0,0,0,0,0,0,0,0,0,1,0.0,,,,,,,,5909.0,5717.0,5956.0,6335.0,6481.0,6003.0,8569.0,6462.0,5535.0,5343.0,4610.0,3953.0,5909.0,5956.0,6335.0,6481.0,6462.0,5535.0,5343.0,4610.0,5893.666666666667,138.41322993927358,6055.0,5717.0,6136.714285714285,312.4496367579967,6725.0,5717.0,6193.285714285715,381.7672118996505,6725.0,5341.0,6284.142857142857,499.5520646600537,7665.0,5288.0,5947.442270058708,6068.940808465577,6181.641176829741,6301.1520297843945,6257.333333333333,6612.571428571428,1.3687746119990734,,,,298.0,19.828859060402685,19.986577181208055,0.9765395894428153,-147.42857142857156,-0.7509584759661486,0.995733781930331,1299.0,0.0,0.0,0.0,0.0,6340.0,46,-0.6631226582407955,0.7485107481711007,0
2019-11-22,18,4,22,4,11,4,2019,326,0,1,0,0,0,0,-0.433883739117558,-0.9009688679024191,-0.5000000000000004,0.8660254037844384,-0.622046748440868,0.7829801036770624,0,0,0,0,0,0,0,0,0,0,0,0,0,0,0,0,0,0,0,0,0,0,0,0,0,0,0,0,0,0,0,0,0,0,0,0,0,0,0,0,0,0,0,33,52,0,0,0,0,0,0,0,0,0,0,0,0,0,0,0,0,0,0,0,0,0,0,0,0,0,0,0,0,0,0,0,0,0,0,0,0,0,0,0,1,0.0,,,,,,,,,,,6393.0,6624.0,6775.0,6234.0,6580.0,7052.0,6195.0,4326.0,3866.0,6055.0,6055.0,6393.0,6624.0,6580.0,7052.0,6195.0,4326.0,6391.0,273.5300105411958,6725.0,6055.0,6085.857142857143,398.8484956082693,6725.0,5341.0,6282.357142857143,352.8754549904171,6725.0,5341.0,6246.107142857143,557.4833334655277,7665.0,4962.0,6259.090019569471,6257.325440369689,6301.776381315376,6375.625559978694,6508.5,6898.5,1.1653194765204002,,,,298.0,20.318791946308725,20.318791946308725,0.9743440199895935,-160.25,-0.3428033295078952,1.0420090227627494,1729.0,0.0,0.0,0.0,0.0,6696.0,47,-0.5680647467311559,0.8229838658936564,0
2019-11-30,28,5,30,5,11,4,2019,334,1,0,1,0,0,1,-0.9749279121818236,-0.2225209339563146,-0.5000000000000004,0.8660254037844384,-0.5086709438521042,0.8609610158889945,0,0,0,0,0,0,0,0,0,0,0,0,0,0,0,0,0,0,0,0,0,0,0,0,0,0,0,0,0,0,0,0,0,0,0,0,0,0,0,0,0,0,0,25,60,0,0,0,0,0,0,0,0,0,0,0,0,0,0,0,0,0,0,0,0,0,0,0,0,0,0,0,0,0,0,0,0,0,0,0,2,1,1,0,0,0.5,,,,,,,,,,,,,6601.0,7665.0,7434.0,6328.0,6684.0,4523.0,4765.0,6393.0,6393.0,6393.0,6393.0,7434.0,6328.0,6684.0,4523.0,6183.666666666667,178.87487867842768,6393.0,5956.0,6141.857142857143,411.0767841279529,6601.0,5341.0,6433.357142857143,533.471863917711,7665.0,5341.0,6291.678571428572,595.5318783341869,7665.0,4962.0,6202.823874755381,6191.526932551634,6280.746662447518,6375.44377540837,,7088.25,1.4121935056328694,5036.0,,,279.0,22.913978494623656,22.913978494623656,0.9761873676681785,-149.82142857142844,0.1701360284101722,,1870.0,0.0,0.0,0.0,0.0,7213.0,48,-0.4647231720437684,0.88545602565321,0
2019-12-09,9,0,9,2,12,4,2019,343,0,0,0,0,0,0,0.0,1.0,-2.4492935982947064e-16,1.0,-0.3697245428906732,0.9291414114031743,0,0,0,0,0,0,0,0,0,0,0,0,0,0,0,0,0,0,0,0,0,0,0,0,0,0,0,0,0,0,0,0,0,0,0,0,0,0,0,0,0,0,0,16,69,0,0,0,0,0,0,0,0,0,0,0,0,0,0,0,0,0,0,0,0,0,0,0,0,0,0,0,0,0,0,0,0,0,0,0,0,0,0,0,1,0.0,,,,,,,,,6723.0,6009.0,5702.0,5690.0,5717.0,5341.0,5705.0,6040.0,5501.0,4892.0,3633.0,6723.0,6009.0,5702.0,5690.0,5705.0,6040.0,5501.0,4892.0,6483.666666666667,295.04387620977474,6723.0,6068.0,6435.571428571428,338.3830699677753,6993.0,6009.0,6205.928571428572,583.1327298413671,6993.0,4571.0,6192.142857142857,470.25196242361955,6993.0,4571.0,6494.52446183953,6389.635443907126,6300.103777751433,6260.167277593716,5800.333333333333,5805.857142857143,1.4798591239269205,,,,270.0,24.9,22.255555555555556,1.0393124927904025,243.42857142857156,1.1288781021160914,0.9367247279578574,1831.0,0.0,0.0,0.0,0.0,5757.0,50,-0.2393156642875578,0.970941817426052,0
2019-12-17,19,1,17,3,12,4,2019,351,0,0,0,0,0,0,0.7818314824680298,0.6234898018587336,-2.4492935982947064e-16,1.0,-0.23867276600594997,0.9711000518829505,0,0,0,0,0,0,0,0,0,0,0,0,0,0,0,0,0,0,0,0,0,0,0,0,0,0,0,0,0,0,0,0,0,0,0,0,0,0,0,0,0,0,0,8,77,0,0,0,0,0,0,0,0,0,0,0,0,0,0,0,0,0,0,0,0,0,0,0,0,0,0,0,0,0,0,0,0,0,0,0,0,0,0,0,1,0.0,,,,,,,,,,,6260.0,4571.0,5869.0,5909.0,6396.0,6339.0,6390.0,3887.0,3755.0,6660.0,6660.0,6260.0,4571.0,6396.0,6339.0,6390.0,3887.0,6309.666666666667,268.08000464206367,6660.0,6009.0,6444.0,323.0227767290014,6993.0,6009.0,6211.214285714285,572.8136294482111,6993.0,4571.0,6176.357142857143,462.28247504604144,6993.0,4571.0,6457.559686888454,6348.166299024967,6260.920695138563,6237.614326662587,5415.5,5822.333333333333,1.4344174025414602,,,,298.0,22.348993288590606,22.348993288590606,1.0433334489817159,267.6428571428569,1.0462063419009946,0.876811342793371,2773.0,0.0,0.0,0.0,0.0,5451.0,51,-0.12053668025532363,0.992708874098054,0
2019-12-26,1,3,26,4,12,4,2019,360,0,0,0,0,0,0,0.43388373911755823,-0.900968867902419,-2.4492935982947064e-16,1.0,-0.0859647987374467,0.9962981749346077,0,0,0,0,0,0,0,0,1,0,0,0,0,0,0,0,0,0,0,0,0,0,0,0,0,0,0,0,0,0,0,0,0,0,0,0,0,0,0,0,0,0,0,6,1,0,0,0,0,0,0,0,0,0,0,0,0,0,0,0,0,0,0,0,0,0,0,0,0,0,0,0,0,0,0,0,1,0,0,0,0,0,0,0,1,0.0,6565.0,6304.0,5851.0,6595.0,5481.0,4862.0,5248.0,5451.0,5322.0,5841.0,5833.0,6068.0,6154.0,6340.0,5956.0,6482.0,6034.0,4620.0,4052.0,4862.0,5841.0,5833.0,6068.0,5956.0,6482.0,6034.0,4620.0,6240.0,294.98135534301144,6565.0,5851.0,5843.714285714285,626.4183253763789,6595.0,4862.0,5863.357142857143,558.6839903025754,6873.0,4862.0,6011.107142857143,530.2795987081932,7213.0,4862.0,6334.371819960861,6069.091220985283,5958.848651524486,5981.313559760177,5651.0,5892.625,1.4148706896551724,,,,298.0,16.315436241610737,19.600671140939596,0.9721527410567341,-167.3928571428578,-2.1669835039033503,0.9400930420471626,242.0,0.0,0.0,0.0,0.0,7157.0,52,6.432490598706546e-16,1.0,0
2020-01-03,11,4,3,1,1,1,2020,3,0,1,0,0,1,0,-0.433883739117558,-0.9009688679024191,0.49999999999999994,0.8660254037844387,0.051619667223253764,0.998666816288476,0,0,0,0,0,0,0,0,0,0,0,0,0,0,0,0,0,0,0,0,0,0,0,0,0,0,0,0,0,0,0,0,0,0,0,0,0,0,0,0,0,0,0,22,2,0,0,0,0,0,0,0,0,0,0,0,0,0,0,0,0,0,0,0,0,0,0,0,0,0,0,0,0,0,0,0,0,0,0,0,0,0,0,0,1,0.0,,,,,,,,,,5481.0,6192.0,6172.0,6723.0,6696.0,6219.0,8785.0,6078.0,4671.0,4354.0,5851.0,5481.0,6192.0,6172.0,6219.0,8785.0,6078.0,4671.0,5975.666666666667,463.2532304858279,6595.0,5481.0,5544.285714285715,508.98939486165386,6595.0,4862.0,5763.571428571428,505.4871362339097,6873.0,4862.0,5989.678571428572,518.5836517154495,7213.0,4862.0,5901.590998043052,5769.262551117491,5797.6114030604995,5911.209128178486,5948.333333333333,6286.857142857143,1.1940816326530612,,,,298.0,19.63422818791946,18.392617449664428,0.9256399401351134,-445.3928571428569,-0.26741793916917667,0.9930972526151136,1180.0,0.0,0.0,0.0,0.0,7125.0,1,0.12053668025532305,0.992708874098054,0
2020-01-11,21,5,11,2,1,1,2020,11,1,0,1,0,0,0,-0.9749279121818236,-0.2225209339563146,0.49999999999999994,0.8660254037844387,0.1882267098432442,0.9821256058680006,0,0,0,0,0,0,0,0,0,0,0,0,0,0,0,0,0,0,0,0,0,0,0,0,0,0,0,0,0,0,0,0,0,0,0,0,0,0,0,0,0,0,0,14,10,0,0,0,0,0,0,0,0,0,0,0,0,0,0,0,0,0,0,0,0,0,0,0,0,0,0,0,0,0,0,0,0,0,0,0,2,1,1,0,0,0.5,,,,,,,,,,,,6873.0,6504.0,7213.0,6712.0,6653.0,7514.0,5100.0,4781.0,5481.0,5481.0,5481.0,6873.0,6712.0,6653.0,7514.0,5100.0,5197.0,255.26587446555928,5481.0,4862.0,5576.142857142857,590.055064881098,6873.0,4862.0,5771.714285714285,500.7954285179626,6873.0,4862.0,6021.214285714285,542.5835259691003,7213.0,4862.0,5309.223091976517,5458.655856357133,5665.602146108106,5865.634386092406,6873.0,6859.0,1.1607369758576873,5583.0,,,298.0,18.392617449664428,18.392617449664428,0.9260827787465746,-445.07142857142844,-0.9956334091592934,1.1414641090430264,381.0,0.0,0.0,0.0,0.0,7531.0,2,0.23931566428755774,0.970941817426052,0
2020-01-20,2,0,20,3,1,1,2020,20,0,0,0,0,0,0,0.0,1.0,0.49999999999999994,0.8660254037844387,0.3375228995941133,0.9413173175128471,1,0,0,0,0,0,0,0,0,0,0,1,0,0,0,0,0,0,0,0,0,0,0,0,0,0,0,0,0,0,0,0,0,0,0,0,0,0,0,0,0,0,0,5,19,1,0,0,0,0,0,0,0,0,0,0,0,0,0,0,0,0,0,0,0,0,0,0,0,0,0,0,0,1,0,0,0,0,0,0,0,0,0,0,1,0.0,,6003.0,6448.0,6302.0,6569.0,6402.0,7090.0,7531.0,7355.0,6930.0,6125.0,6304.0,5322.0,5757.0,6009.0,6477.0,5745.0,4596.0,3355.0,6402.0,6930.0,6125.0,6304.0,6009.0,6477.0,5745.0,4596.0,6251.0,185.2151901617863,6448.0,6003.0,6620.714285714285,479.9314576912339,7531.0,6003.0,6886.714285714285,465.8677661206065,7637.0,6003.0,6828.285714285715,531.410243539561,8152.0,5851.0,6235.874755381605,6494.5313819607445,6669.514805006138,6658.055856745711,6440.25,6079.0,1.1796030654352525,,4539.0,0.8966754395467841,299.0,21.411371237458194,23.17725752508361,0.9696012385455457,-207.57142857142935,-0.802178203126752,0.9431723084647893,1806.0,6828.285714285715,0.0,0.0,0.0,5153.0,4,0.4647231720437685,0.8854560256532099,0
2020-01-28,12,1,28,4,1,1,2020,28,0,0,0,0,0,1,0.7818314824680298,0.6234898018587336,0.49999999999999994,0.8660254037844387,0.4635502709028509,0.886070621534138,1,0,0,0,0,0,0,0,0,0,0,0,0,0,0,0,0,0,0,1,0,0,0,0,0,0,0,0,0,0,0,0,0,0,0,0,0,0,0,0,0,0,0,67,3,0,1,0,0,0,0,0,0,0,0,0,0,0,0,0,0,0,0,0,0,0,0,0,0,0,0,0,0,0,1,0,0,0,0,0,10,5,0,0,0,0.5,,,,,,,,,,6569.0,7129.0,6552.0,6565.0,5451.0,5897.0,5929.0,5961.0,4444.0,3684.0,6302.0,6569.0,7129.0,6552.0,5897.0,5929.0,5961.0,4444.0,6424.333333333333,110.1403145487105,6569.0,6302.0,6878.142857142857,439.6613724777054,7531.0,6302.0,6946.428571428572,430.70601745202924,7637.0,6162.0,6753.0,670.9309630229158,8152.0,4862.0,6494.506849315068,6730.661534903696,6821.7513189055535,6725.834189475905,6750.0,6268.285714285715,1.334038950042337,,5993.0,1.1839118548587524,321.0,19.63239875389408,20.46417445482866,1.0185314463413087,125.14285714285688,-0.6722003080138008,0.9995557529986673,1858.0,6753.0,0.0,0.0,0.0,,5,0.5680647467311558,0.8229838658936564,1
2020-02-05,22,2,5,1,2,1,2020,36,0,0,0,0,0,0,0.9749279121818236,-0.22252093395631434,0.8660254037844386,0.5000000000000001,0.5808002734538009,0.8140460935082178,0,0,0,0,0,0,0,0,0,0,0,0,0,0,0,0,0,0,0,0,0,0,0,0,0,0,0,0,0,0,0,0,0,0,0,0,0,0,0,0,0,0,0,59,11,0,0,0,0,0,0,0,0,0,0,0,0,0,0,0,0,0,0,0,0,0,0,0,0,0,0,0,0,0,0,0,0,0,0,0,0,0,0,0,1,0.0,,,,,,,,,,,,6942.0,6810.0,7021.0,5706.0,6238.0,6334.0,3632.0,3991.0,6402.0,6402.0,6402.0,6942.0,5706.0,6238.0,6334.0,3632.0,7007.666666666667,464.5745963304016,7531.0,6402.0,7049.571428571428,335.28191001554717,7531.0,6402.0,6981.5,396.0820171198312,7637.0,6162.0,6675.428571428572,759.6672405247778,8152.0,4862.0,6808.6771037182,6975.823617943055,6952.314022154276,6771.149535581538,6942.0,6345.4,1.2845104333868378,,,,0.0,6402.0,6402.0,1.0560477657935285,374.1428571428569,-0.3599320292391274,1.0399332306111968,2770.0,0.0,0.0,0.0,0.0,,6,0.6631226582407952,0.7485107481711011,1
2020-02-14,4,4,14,2,2,1,2020,45,0,1,0,0,0,0,-0.433883739117558,-0.9009688679024191,0.8660254037844386,0.5000000000000001,0.699458327051647,0.7146733860429609,0,0,0,0,0,0,0,0,0,0,0,0,0,0,0,0,0,0,0,0,0,0,0,0,0,0,0,0,0,0,0,0,0,0,0,0,0,0,0,0,0,0,0,50,20,0,0,0,0,0,0,0,0,0,0,0,0,0,0,0,0,0,0,0,0,0,0,0,0,0,0,0,0,0,0,0,0,0,0,0,0,0,0,0,1,0.0,,,,0.0,0.0,0.0,0.0,0.0,1123.0,2183.0,2904.0,6003.0,7355.0,7125.0,5481.0,6525.0,6282.0,5222.0,2422.0,0.0,2183.0,2904.0,6003.0,5481.0,6525.0,6282.0,5222.0,0.0,0.0,0.0,0.0,370.42857142857144,592.995749718051,1470.0,0.0,1437.2142857142858,1228.1072067309474,3513.0,0.0,3239.964285714286,2202.651543061921,6569.0,0.0,39.00391389432485,439.85772061928793,1322.2343288708205,2697.9377728240456,2772.5,4820.25,,,,,0.0,0.0,2183.0,0.11433106625954872,-2869.535714285714,-1.4709381953399625,0.8557193090752764,-5222.0,0.0,0.0,0.0,0.0,,7,0.7485107481711011,0.6631226582407953,1
2020-02-22,13,5,22,4,2,1,2020,53,1,0,1,0,0,0,-0.9749279121818236,-0.2225209339563146,0.8660254037844386,0.5000000000000001,0.7909456567567772,0.6118864012687243,0,0,0,0,0,0,0,0,0,0,0,0,0,0,0,0,0,0,0,0,0,0,0,0,0,0,0,0,0,0,0,0,0,0,0,0,0,0,0,0,0,0,0,42,28,0,0,0,0,0,0,0,0,0,0,0,0,0,0,0,0,0,0,0,0,0,0,0,0,0,0,0,0,0,0,0,0,0,0,0,2,1,1,0,0,0.5,,,,,,,,,,0.0,1881.0,3479.0,6031.0,7531.0,8152.0,6993.0,7093.0,5730.0,4149.0,0.0,0.0,1881.0,3479.0,8152.0,6993.0,7093.0,5730.0,0.0,0.0,0.0,0.0,598.0,702.6937963498549,1593.0,0.0,1691.142857142857,1271.4496145931146,3555.0,0.0,3493.1785714285716,2223.068857836768,7090.0,0.0,82.27984344422701,591.0377044686209,1528.2462201007618,2898.922949749807,1786.6666666666667,4958.714285714285,,5844.0,,,299.0,0.0,0.0,0.17119079021357952,-2895.1785714285716,-1.5713317017214332,0.5114730409948641,-5730.0,0.0,0.0,0.0,0.0,,8,0.8229838658936564,0.5680647467311559,1
2020-03-01,23,6,1,1,3,1,2020,61,1,0,0,1,1,0,-0.7818314824680299,0.6234898018587334,1.0,6.123233995736766e-17,0.8674563547295969,0.49751328890718066,0,0,0,0,0,0,0,0,0,0,0,0,0,0,0,0,0,0,0,0,0,0,0,0,0,0,0,0,0,0,0,0,0,0,0,0,0,0,0,0,0,0,0,34,36,0,0,0,0,0,0,0,0,0,0,0,0,0,0,0,0,0,0,0,0,0,0,0,0,0,0,0,0,0,0,0,0,0,0,0,2,2,0,1,0,1.0,,,,,,,,,,,,1593.0,3555.0,5739.0,7178.0,6300.0,5854.0,6047.0,3908.0,0.0,0.0,0.0,1593.0,7178.0,6300.0,5854.0,6047.0,374.3333333333333,529.3872768483286,1123.0,0.0,1178.5714285714287,805.3494107959525,2183.0,0.0,2147.0714285714284,1154.7885684206879,3555.0,0.0,4024.8214285714284,2214.2075501757063,7531.0,0.0,344.4422700587084,1061.8946314852767,2041.0486423101536,3346.8208709798764,1593.0,5031.0,,5692.0,,,299.0,0.0,0.0,0.29282576866764276,-2846.25,-1.8177254558869347,0.39579395714095567,-6047.0,0.0,0.0,0.0,0.0,,9,0.8854560256532099,0.4647231720437686,1
2020-03-10,5,1,10,2,3,1,2020,70,0,0,0,0,0,0,0.7818314824680298,0.6234898018587336,1.0,6.123233995736766e-17,0.9338372288229252,0.35769823883312546,0,0,0,0,0,0,0,0,0,0,0,0,0,0,0,0,0,0,0,0,0,0,0,0,0,0,0,0,0,0,0,0,0,0,0,0,0,0,0,0,0,0,0,25,45,0,0,0,0,0,0,0,0,0,0,0,0,0,0,0,0,0,0,0,0,0,0,0,0,0,0,0,0,0,0,0,0,0,0,0,0,0,0,0,1,0.0,,,,,1445.0,1450.0,1322.0,1321.0,1474.0,955.0,0.0,0.0,1123.0,3077.0,6569.0,5715.0,5962.0,4660.0,3954.0,1450.0,955.0,0.0,0.0,6569.0,5715.0,5962.0,4660.0,1405.6666666666667,59.19647136630884,1450.0,1322.0,1398.857142857143,67.94625727404726,1474.0,1320.0,1123.2142857142858,326.12687683770923,1474.0,365.0,562.25,606.5237379054979,1474.0,0.0,1421.050880626223,1333.4885578355713,1129.7480475366042,1236.1721511147723,601.25,2234.75,,,,,299.0,4.849498327759197,3.1939799331103678,2.4879629041478752,836.6071428571429,1.463669011646037,1.069364161849711,-3210.0,0.0,0.0,0.0,0.0,,11,0.970941817426052,0.23931566428755804,1
2020-03-18,15,2,18,3,3,1,2020,78,0,0,0,0,0,0,0.9749279121818236,-0.22252093395631434,1.0,6.123233995736766e-17,0.9741004551724205,0.22611568550828828,0,0,0,0,0,0,0,0,0,0,0,0,0,0,0,0,0,0,0,0,0,0,0,0,0,0,0,0,0,0,0,0,0,0,0,0,0,0,0,0,0,0,0,17,53,0,0,0,0,0,0,0,0,0,0,0,0,0,0,0,0,0,0,0,0,0,0,0,0,0,0,0,0,0,0,0,0,0,0,0,0,0,0,0,1,0.0,,,,,,,,,,,1129.0,18.0,0.0,0.0,4101.0,5248.0,6925.0,5238.0,3578.0,1322.0,1322.0,1129.0,18.0,4101.0,5248.0,6925.0,5238.0,1372.3333333333333,71.89034860273124,1474.0,1321.0,1283.0,170.47999463699128,1474.0,955.0,917.7142857142857,475.8881063820763,1474.0,0.0,498.9642857142857,574.81254597495,1474.0,0.0,1341.2994129158512,1242.4073558185837,1026.9075419269084,1205.3417869184468,573.5,1330.0,,,,,299.0,4.421404682274248,4.421404682274248,2.5713263188032354,784.0357142857142,1.4318332472889024,1.1493808603535896,-3916.0,0.0,0.0,0.0,0.0,,12,0.992708874098054,0.120536680255323,1
2020-03-26,24,3,26,4,3,1,2020,86,0,0,0,0,0,0,0.43388373911755823,-0.900968867902419,1.0,6.123233995736766e-17,0.995918996147179,0.09025161003104117,0,0,0,0,0,0,0,0,0,0,0,0,0,0,0,0,0,0,0,0,0,0,0,0,0,0,0,0,0,0,0,0,0,0,0,0,0,0,0,0,0,0,0,9,61,0,0,0,0,0,0,0,0,0,0,0,0,0,0,0,0,0,0,0,0,0,0,0,0,0,0,0,0,0,0,0,0,0,0,0,0,0,0,0,1,0.0,,,,,,,,,,,,1320.0,365.0,0.0,2549.0,7157.0,6482.0,5211.0,4108.0,1321.0,1321.0,1321.0,1320.0,2549.0,7157.0,6482.0,5211.0,1418.3333333333333,69.06196895220666,1474.0,1321.0,1226.4285714285713,209.4106404329317,1474.0,926.0,823.2857142857143,515.7858676083416,1474.0,0.0,504.25,582.9789646413374,1474.0,0.0,1359.7671232876712,1214.825890159938,982.9583202040861,1197.5146907026265,1320.0,846.8,,,,,299.0,4.418060200668896,4.418060200668896,2.4321835824066858,722.1785714285713,1.4009939458149818,2.617749132374814,-3890.0,0.0,0.0,0.0,0.0,,13,1.0,-1.6081226496766366e-16,1
2020-04-04,6,5,4,1,4,2,2020,95,1,0,1,0,0,0,-0.9749279121818236,-0.2225209339563146,0.8660254037844387,-0.4999999999999998,0.9979171608653922,-0.06450844944931623,0,0,0,1,0,0,0,0,0,0,0,0,0,0,0,0,0,0,0,0,0,0,0,0,0,0,0,0,0,0,0,0,0,0,0,0,0,0,0,0,0,0,0,0,0,0,0,0,0,0,0,0,0,0,0,0,0,0,0,0,0,0,0,0,0,0,0,0,0,0,0,0,0,0,0,0,0,0,1,0,3,1,1,0,0,0.3333333333333333,,,,,,358.0,381.0,690.0,725.0,1215.0,2058.0,1846.0,1474.0,897.0,0.0,7637.0,7434.0,5809.0,3947.0,358.0,1215.0,2058.0,1846.0,0.0,7637.0,7434.0,5809.0,476.3333333333333,151.37664578424537,690.0,358.0,681.5714285714286,214.49532605154636,933.0,358.0,1074.642857142857,459.0215692322183,1976.0,358.0,1374.392857142857,466.519586121198,2058.0,358.0,459.4696673189824,677.3609872449994,944.959069946973,1149.667161765661,1369.25,981.0,,6036.0,,,299.0,1.1973244147157192,4.063545150501672,0.4959072837356755,-692.8214285714286,-2.17867135138632,0.9962580879869033,-5451.0,0.0,0.0,0.0,0.0,,14,0.992708874098054,-0.12053668025532288,1
2020-04-12,16,6,12,2,4,2,2020,103,1,0,0,1,0,0,-0.7818314824680299,0.6234898018587334,0.8660254037844387,-0.4999999999999998,0.9796136916454901,-0.20089055513063506,0,0,0,0,1,0,0,0,0,0,0,0,0,0,0,0,0,0,0,0,0,0,0,0,0,0,0,0,0,0,0,0,0,0,0,0,0,0,0,0,0,0,0,0,0,0,0,0,0,0,0,0,0,0,0,0,0,0,0,0,0,0,0,0,0,0,0,0,0,0,0,0,0,0,0,0,0,0,0,1,2,2,0,1,0,1.0,,,,,,,,,,,933.0,1976.0,1847.0,1321.0,0.0,7090.0,6270.0,6572.0,3895.0,690.0,690.0,933.0,1976.0,0.0,7090.0,6270.0,6572.0,728.3333333333334,32.744804507314164,770.0,690.0,923.7142857142857,203.52585956139353,1219.0,690.0,1302.7142857142858,449.82733648930366,2058.0,690.0,1452.7857142857142,374.1289270848122,2058.0,690.0,746.4344422700588,920.6896141091594,1135.6154495391008,1272.2649089576228,1454.5,1180.1666666666667,,5449.0,5182.0,0.8983999686816659,299.0,2.3076923076923075,2.3076923076923075,0.6358228034809971,-529.0714285714286,-2.038831159700187,1.0011799990166674,-5882.0,0.0,0.0,0.0,0.0,,15,0.9709418174260521,-0.2393156642875575,1
2020-04-20,26,0,20,3,4,2,2020,111,0,0,0,0,0,0,0.0,1.0,0.8660254037844387,-0.4999999999999998,0.9427611433904207,-0.3334687789181868,0,0,0,0,0,0,0,0,0,0,0,0,0,0,0,0,0,0,0,0,0,0,0,0,0,0,0,0,0,0,0,0,0,0,0,0,0,0,0,0,0,0,0,11,8,0,0,0,0,0,0,0,0,0,0,0,0,0,0,0,0,0,0,0,0,0,0,0,0,0,0,0,0,0,0,0,0,0,0,0,0,0,0,0,1,0.0,,,,,,,,,,,,914.0,1628.0,1707.0,926.0,5153.0,6477.0,5182.0,3522.0,770.0,770.0,770.0,914.0,926.0,5153.0,6477.0,5182.0,872.3333333333334,72.77514838337481,933.0,770.0,1105.0,217.7560889750601,1432.0,770.0,1456.5714285714287,401.5060423465833,2058.0,770.0,1489.7142857142858,321.38093297772446,2058.0,770.0,885.8786692759295,1090.0036821353476,1277.3147996553653,1361.3249026132357,914.0,1299.4,,,,,299.0,2.5752508361204014,2.5752508361204014,0.741752972765631,-384.7142857142858,-2.2394430156320775,0.6135404679708477,-4412.0,0.0,0.0,0.0,0.0,,17,0.8854560256532099,-0.4647231720437685,1
2020-04-29,7,2,29,5,4,2,2020,120,0,0,0,0,0,1,0.9749279121818236,-0.22252093395631434,0.8660254037844387,-0.4999999999999998,0.8800122039735357,-0.47495107206704995,0,0,0,0,0,0,0,0,0,0,0,0,0,0,0,0,0,0,0,0,0,0,0,0,0,0,0,0,0,0,0,0,0,0,0,0,0,0,0,0,0,0,0,2,17,0,0,0,0,0,0,0,0,0,0,0,0,0,0,0,0,0,0,0,0,0,0,0,0,0,0,0,0,0,0,0,0,0,0,0,0,0,0,0,1,0.0,,,,,,,138.0,149.0,160.0,122.0,186.0,253.0,725.0,1432.0,1445.0,2732.0,6202.0,5300.0,3344.0,138.0,122.0,186.0,253.0,1445.0,2732.0,6202.0,5300.0,149.0,8.981462390204987,160.0,138.0,151.14285714285714,20.30079922021771,193.0,122.0,155.07142857142858,30.231167185336314,236.0,122.0,240.17857142857142,148.60976068007025,725.0,122.0,147.38551859099803,151.8200695103522,181.42476017580844,337.25334480258306,187.0,847.5714285714286,,,,,299.0,0.46153846153846156,0.4080267558528428,0.6292936802973977,-89.03571428571428,-0.6875629902166606,0.7785873605947956,-5162.0,0.0,0.0,0.0,0.0,,18,0.8229838658936565,-0.5680647467311557,1
2020-05-07,17,3,7,1,5,2,2020,128,0,0,0,0,0,0,0.43388373911755823,-0.900968867902419,0.49999999999999994,-0.8660254037844387,0.8064799463209448,-0.5912614448635781,0,0,0,0,0,0,0,0,0,0,0,0,0,0,0,0,0,0,0,0,0,0,0,0,0,0,0,0,0,0,0,0,0,0,0,0,0,0,0,0,0,0,0,49,6,0,0,0,0,0,0,0,0,0,0,0,0,0,0,0,0,0,0,0,0,0,0,0,0,0,0,0,0,0,0,0,0,0,0,0,0,0,0,0,1,0.0,,,,,,,,,,,146.0,236.0,218.0,690.0,1799.0,0.0,6087.0,5770.0,3767.0,160.0,160.0,146.0,236.0,1799.0,0.0,6087.0,5770.0,167.66666666666666,18.372685039360892,193.0,150.0,153.0,20.049937655763422,193.0,122.0,158.78571428571428,30.121607269363896,236.0,122.0,290.07142857142856,212.5246084190569,914.0,122.0,164.4344422700587,159.2215475206226,195.396726967182,368.2480227903255,191.0,723.5,,,,,299.0,0.5351170568561873,0.5351170568561873,0.5274562915538045,-137.07142857142856,-0.612029964619218,0.6584585077567102,-5610.0,0.0,0.0,0.0,0.0,,19,0.7485107481711013,-0.663122658240795,1
2020-05-15,27,4,15,3,5,2,2020,136,0,1,0,0,0,0,-0.433883739117558,-0.9009688679024191,0.49999999999999994,-0.8660254037844387,0.717676913675962,-0.6963762255968722,0,0,0,0,0,0,0,0,0,0,0,0,0,0,0,0,0,0,0,0,0,0,0,0,0,0,0,0,0,0,0,0,0,0,0,0,0,0,0,0,0,0,0,41,14,0,0,0,0,0,0,0,0,0,0,0,0,0,0,0,0,0,0,0,0,0,0,0,0,0,0,0,0,0,0,0,0,0,0,0,0,0,0,0,1,0.0,,,,,,,,,,,,150.0,144.0,211.0,1219.0,0.0,6525.0,5343.0,4329.0,150.0,150.0,150.0,150.0,1219.0,0.0,6525.0,5343.0,139.33333333333334,12.364824660660938,150.0,122.0,137.85714285714286,13.632194786382621,158.0,122.0,163.5,34.25065171434177,236.0,122.0,354.17857142857144,292.2880249699196,1215.0,122.0,144.75929549902153,147.9231009115027,203.41093174308398,399.0705707336711,150.0,421.0,,,,,299.0,0.5016722408026756,0.5016722408026756,0.38923061409700516,-216.32142857142858,-0.6985526398133628,0.4235151759604719,-5193.0,0.0,0.0,0.0,0.0,,20,0.6631226582407952,-0.7485107481711012,1
2020-05-24,9,6,24,4,5,2,2020,145,1,0,0,1,0,0,-0.7818314824680299,0.6234898018587334,0.49999999999999994,-0.8660254037844387,0.6016240632249226,-0.7987793728863649,0,0,0,0,0,0,0,0,0,0,0,0,0,0,0,0,0,0,0,0,0,0,0,0,0,0,0,0,0,0,0,0,0,0,0,0,0,0,0,0,0,0,0,32,23,0,0,0,0,0,0,0,0,0,0,0,0,0,0,0,0,0,0,0,0,0,0,0,0,0,0,0,0,0,0,0,0,0,0,0,2,2,0,1,0,1.0,,,,,,,,,136.0,131.0,144.0,166.0,160.0,123.0,326.0,1004.0,6336.0,7112.0,3869.0,136.0,131.0,144.0,166.0,326.0,1004.0,6336.0,7112.0,121.0,30.099833886584822,148.0,79.0,125.0,21.77154105707724,148.0,79.0,131.92857142857142,21.782903799980016,163.0,79.0,140.89285714285714,24.39165443594282,193.0,79.0,121.53424657534246,123.91337820017948,129.9144843612769,172.11487171235893,147.0,180.71428571428572,,6359.0,,,299.0,0.45484949832775917,0.43812709030100333,0.8871989860583017,-15.892857142857139,-0.2005955420410995,1.0433460076045629,-6976.0,0.0,0.0,0.0,0.0,,21,0.5680647467311558,-0.8229838658936564,1
2020-06-01,18,0,1,1,6,2,2020,153,0,0,0,0,1,0,0.0,1.0,1.2246467991473532e-16,-1.0,0.48627270710868997,-0.8738071036110808,0,0,0,0,0,0,0,0,0,0,0,0,0,0,0,0,0,0,0,0,0,0,0,0,0,0,0,0,0,0,0,0,0,0,0,0,0,0,0,0,0,0,0,24,31,0,0,0,0,0,0,0,0,0,0,0,0,0,0,0,0,0,0,0,0,0,0,0,0,0,0,0,0,0,0,0,0,0,0,0,0,0,0,0,1,0.0,,,,,,,,,,,115.0,160.0,92.0,149.0,172.0,1322.0,5783.0,6521.0,3581.0,79.0,79.0,115.0,160.0,172.0,1322.0,5783.0,6521.0,114.0,28.178005607210743,148.0,79.0,125.57142857142857,22.102728615374573,148.0,79.0,135.57142857142858,26.012948110272987,187.0,79.0,141.25,24.390608555636444,193.0,79.0,107.0587084148728,119.87814672218681,129.00927929217588,174.83209111840978,137.5,141.0,,,,,299.0,0.26421404682274247,0.26421404682274247,0.8890012642225031,-15.67857142857143,-2.5522118424394376,0.9734513274336283,-6442.0,0.0,0.0,0.0,0.0,,23,0.35460488704253584,-0.9350162426854147,1
2020-06-09,28,1,9,2,6,2,2020,161,0,0,0,0,0,0,0.7818314824680298,0.6234898018587336,1.2246467991473532e-16,-1.0,0.36171373072976765,-0.9322892131745133,0,0,0,0,0,0,0,0,0,0,0,0,0,0,0,0,0,0,0,0,0,0,0,0,0,0,0,0,0,0,0,0,0,0,0,0,0,0,0,0,0,0,0,16,39,0,0,0,0,0,0,0,0,0,0,0,0,0,0,0,0,0,0,0,0,0,0,0,0,0,0,0,0,0,0,0,0,0,0,0,0,0,0,0,1,0.0,,,,,,,,,,,,,131.0,152.0,142.0,1708.0,5715.0,5501.0,3668.0,115.0,115.0,115.0,115.0,142.0,1708.0,5715.0,5501.0,122.33333333333333,6.599663291074444,131.0,115.0,126.14285714285714,14.287142785721427,145.0,100.0,140.85714285714286,21.00631586267447,187.0,100.0,142.57142857142858,21.596012481521694,193.0,92.0,122.5440313111546,128.7427236267472,135.09925848385095,184.4049531307353,,140.75,,,,,299.0,0.38461538461538464,0.38461538461538464,0.8847695390781563,-16.428571428571445,-1.2766907129276603,,-5386.0,0.0,0.0,0.0,0.0,,24,0.23931566428755768,-0.970941817426052,1
2020-06-18,10,3,18,3,6,2,2020,170,0,0,0,0,0,0,0.43388373911755823,-0.900968867902419,1.2246467991473532e-16,-1.0,0.21352091543979612,-0.9769384927771817,0,0,0,0,0,0,0,0,0,0,0,0,0,0,0,0,0,0,0,0,0,0,0,0,0,0,0,0,0,0,0,0,0,0,0,0,0,0,0,0,0,0,0,7,48,0,0,0,0,0,0,0,0,0,0,0,0,0,0,0,0,0,0,0,0,0,0,0,0,0,0,0,0,0,0,0,0,0,0,0,0,0,0,0,1,0.0,,,,,,,,,,54.0,148.0,124.0,136.0,140.0,128.0,1252.0,4862.0,6015.0,3701.0,106.0,54.0,148.0,124.0,128.0,1252.0,4862.0,6015.0,99.33333333333333,14.65908895153068,113.0,79.0,89.71428571428571,18.029454359181145,113.0,54.0,99.07142857142857,20.83082978154627,148.0,54.0,115.57142857142857,27.821405648257567,183.0,54.0,100.33268101761253,95.86321747219954,101.02757574839653,115.10085145541811,108.66666666666667,131.0,,,,,299.0,0.35451505016722407,0.1806020066889632,0.7762669962917181,-25.85714285714286,-0.34403109218990957,0.9402554594149156,-5909.0,0.0,0.0,0.0,0.0,,25,0.12053668025532308,-0.992708874098054,1
2020-06-26,20,4,26,4,6,2,2020,178,0,1,0,0,0,0,-0.433883739117558,-0.9009688679024191,1.2246467991473532e-16,-1.0,0.07738647923346301,-0.9970011699250151,0,0,1,0,0,0,0,0,0,0,0,0,0,0,0,0,0,0,0,0,0,0,0,0,0,0,0,0,0,0,0,0,0,0,0,0,0,0,0,0,0,0,1,97,1,0,0,0,0,0,0,0,0,0,0,0,0,0,0,0,0,0,0,0,0,0,0,0,0,0,0,0,0,0,0,0,0,1,0,0,3,2,0,0,0,0.6666666666666666,,,,,,,,,,,79.0,105.0,119.0,111.0,134.0,381.0,7511.0,6034.0,3962.0,79.0,79.0,79.0,105.0,134.0,381.0,7511.0,6034.0,76.66666666666667,17.632041540584257,97.0,54.0,85.0,14.061091199273466,98.0,54.0,104.85714285714286,27.46389095016307,152.0,54.0,116.75,27.904972675134445,183.0,54.0,76.39530332681018,85.71459335170114,98.3401551556552,116.70639763477055,92.0,115.5,,,6879.0,1.167643129353016,299.0,0.26421404682274247,0.26421404682274247,0.728051391862955,-31.75,-1.352805481642283,0.7880085653104925,-5955.0,0.0,0.0,0.0,0.0,,26,-3.216245299353273e-16,-1.0,1
2020-07-05,2,6,5,1,7,3,2020,187,1,0,0,1,0,0,-0.7818314824680299,0.6234898018587334,-0.4999999999999997,-0.8660254037844388,-0.07738647923346322,-0.9970011699250151,0,0,0,0,0,0,0,0,0,0,0,0,0,0,0,0,0,0,0,0,0,0,0,0,0,0,0,0,0,0,0,0,0,0,0,0,0,0,0,0,0,0,0,88,10,0,0,0,0,0,0,0,0,0,0,0,0,0,0,0,0,0,0,0,0,0,0,0,0,0,0,0,0,0,0,0,0,0,0,0,2,2,0,1,0,1.0,,79.0,44.0,68.0,52.0,53.0,59.0,81.0,67.0,44.0,102.0,106.0,88.0,148.0,131.0,215.0,7178.0,7279.0,4425.0,53.0,44.0,102.0,106.0,131.0,215.0,7178.0,7279.0,63.666666666666664,14.613540144521982,79.0,44.0,62.285714285714285,13.089955644520352,81.0,44.0,68.64285714285714,19.772300765237727,115.0,44.0,78.03571428571429,18.98021929509235,115.0,44.0,66.01174168297456,64.76075804530477,68.91893695954843,78.08527120195652,76.25,103.125,,6687.0,,,299.0,0.17725752508361203,0.14715719063545152,0.7981693363844393,-15.750000000000007,-1.319042414446059,0.977116704805492,-7226.0,0.0,0.0,0.0,0.0,,27,-0.12053668025532283,-0.992708874098054,1
2020-07-13,11,0,13,2,7,3,2020,195,0,0,0,0,0,0,0.0,1.0,-0.4999999999999997,-0.8660254037844388,-0.2135209154397959,-0.9769384927771817,0,0,0,0,0,0,0,0,0,0,0,0,0,0,0,0,0,0,0,0,0,0,0,0,0,0,0,0,0,0,0,0,0,0,0,0,0,0,0,0,0,0,0,80,18,0,0,0,0,0,0,0,0,0,0,0,0,0,0,0,0,0,0,0,0,0,0,0,0,0,0,0,0,0,0,0,0,0,0,0,0,0,0,0,1,0.0,,,,,,,,,,52.0,115.0,83.0,76.0,93.0,120.0,158.0,6402.0,6724.0,4291.0,44.0,52.0,115.0,83.0,120.0,158.0,6402.0,6724.0,54.666666666666664,9.977753031397176,68.0,44.0,60.57142857142857,11.474906073156115,81.0,44.0,69.85714285714286,20.86301287260421,115.0,44.0,77.14285714285714,19.494897291552046,115.0,44.0,53.04500978473581,60.011165288046776,67.38503180328848,78.04633824951674,83.33333333333333,90.28571428571429,,,,,299.0,0.14715719063545152,0.17391304347826086,0.7851851851851852,-16.57142857142857,-1.7000785716998532,1.0802469135802468,-6680.0,0.0,0.0,0.0,0.0,,29,-0.3546048870425356,-0.9350162426854148,1
2020-07-21,21,1,21,3,7,3,2020,203,0,0,0,0,0,0,0.7818314824680298,0.6234898018587336,-0.4999999999999997,-0.8660254037844388,-0.3456123126707333,-0.9383773917408642,0,0,0,0,0,0,0,0,0,0,0,0,0,0,0,0,0,0,0,0,0,0,0,0,0,0,0,0,0,0,0,0,0,0,0,0,0,0,0,0,0,0,0,72,26,0,0,0,0,0,0,0,0,0,0,0,0,0,0,0,0,0,0,0,0,0,0,0,0,0,0,0,0,0,0,0,0,0,0,0,0,0,0,0,1,0.0,,,,,,,,,,,,90.0,89.0,90.0,123.0,138.0,4704.0,5745.0,4231.0,52.0,52.0,52.0,90.0,123.0,138.0,4704.0,5745.0,54.666666666666664,3.0912061651652345,59.0,52.0,69.14285714285714,14.15655901924285,90.0,52.0,73.64285714285714,20.04497494156985,115.0,44.0,79.67857142857143,18.662517001099467,115.0,44.0,56.41095890410959,64.51886277092257,71.5200538654522,81.54545167558703,90.0,95.6,,,,,299.0,0.17391304347826086,0.17391304347826086,0.8677722994173016,-10.535714285714292,-1.4831103128769179,1.1295383236216943,-5693.0,0.0,0.0,0.0,0.0,,30,-0.46472317204376806,-0.8854560256532101,1
2020-07-30,3,3,30,5,7,3,2020,212,0,0,0,0,0,1,0.43388373911755823,-0.900968867902419,-0.4999999999999997,-0.8660254037844388,-0.4862727071086902,-0.8738071036110807,0,0,0,0,0,0,0,0,0,0,0,0,0,0,0,0,0,0,0,0,0,0,0,0,0,0,0,0,0,0,0,0,0,0,0,0,0,0,0,0,0,0,0,63,35,0,0,0,0,0,0,0,0,0,0,0,0,0,0,0,0,0,0,0,0,0,0,0,0,0,0,0,0,0,0,0,0,0,0,0,0,0,0,0,1,0.0,,,194.0,223.0,276.0,282.0,204.0,194.0,184.0,62.0,100.0,79.0,67.0,96.0,54.0,187.0,2549.0,5347.0,4314.0,282.0,62.0,100.0,79.0,54.0,187.0,2549.0,5347.0,231.0,33.95094500402996,276.0,194.0,222.42857142857142,37.51516700085501,282.0,184.0,162.92857142857142,74.84408964709264,282.0,41.0,123.14285714285714,68.16037510675743,282.0,41.0,216.99608610567515,209.2880384729556,178.82092392022918,144.68837382413128,130.75,101.875,,,,,299.0,0.9431438127090301,0.20735785953177258,1.8062645011600929,99.28571428571428,2.3306377438259394,1.0617749419953597,-5065.0,0.0,0.0,0.0,0.0,,31,-0.5680647467311556,-0.8229838658936566,1
2020-08-07,13,4,7,1,8,3,2020,220,0,1,0,0,0,0,-0.433883739117558,-0.9009688679024191,-0.8660254037844385,-0.5000000000000004,-0.6016240632249227,-0.7987793728863648,0,0,0,0,0,0,0,0,0,0,0,0,0,0,0,0,0,0,0,0,0,0,0,0,0,0,0,0,0,0,0,0,0,0,0,0,0,0,0,0,0,0,0,55,43,0,0,0,0,0,0,0,0,0,0,0,0,0,0,0,0,0,0,0,0,0,0,0,0,0,0,0,0,0,0,0,0,0,0,0,0,0,0,0,1,0.0,,,,,,,,,,276.0,61.0,79.0,72.0,81.0,71.0,145.0,0.0,6252.0,4673.0,276.0,276.0,61.0,79.0,71.0,145.0,0.0,6252.0,254.0,35.4400902933387,282.0,204.0,199.42857142857142,64.13347051903808,282.0,75.0,151.28571428571428,72.98867678465962,282.0,41.0,112.25,65.68410603573962,282.0,41.0,256.1487279843444,211.29909064827385,169.2387602550566,134.9433525746338,138.66666666666666,102.85714285714286,,,,,299.0,0.9230769230769231,0.9230769230769231,1.7766465160674514,87.17857142857142,2.4929927479092338,1.2353377876763176,-5976.0,0.0,0.0,0.0,0.0,,32,-0.663122658240795,-0.7485107481711013,1
2020-08-15,22,5,15,3,8,3,2020,228,1,0,1,0,0,0,-0.9749279121818236,-0.2225209339563146,-0.8660254037844385,-0.5000000000000004,-0.7055836101071774,-0.70862667826446,0,0,0,0,0,0,0,0,0,0,0,0,0,0,0,0,0,0,0,0,0,0,0,0,0,0,0,0,0,0,0,0,0,0,0,0,0,0,0,0,0,0,0,47,51,0,0,0,0,0,0,0,0,0,0,0,0,0,0,0,0,0,0,0,0,0,0,0,0,0,0,0,0,0,0,0,0,0,0,0,2,1,1,0,0,0.5,,,,,,,,,,,,75.0,132.0,87.0,47.0,137.0,0.0,6282.0,4578.0,282.0,282.0,282.0,75.0,47.0,137.0,0.0,6282.0,226.66666666666666,39.33898264515181,282.0,194.0,168.71428571428572,71.20135288785758,282.0,61.0,137.21428571428572,66.269125079297,282.0,41.0,105.28571428571429,57.819829237565415,282.0,41.0,235.8375733855186,189.5700034740267,152.73638387523206,124.46864124400032,75.0,80.0,,7182.0,,,299.0,0.9431438127090301,0.9431438127090301,1.6024423337856173,63.42857142857143,3.0562920721923343,0.7123473541383989,-6000.0,0.0,0.0,0.0,0.0,,33,-0.7485107481711011,-0.6631226582407952,1
2020-08-24,4,0,24,4,8,3,2020,237,0,0,0,0,0,0,0.0,1.0,-0.8660254037844385,-0.5000000000000004,-0.8064799463209447,-0.5912614448635782,0,0,0,0,0,0,0,0,0,0,0,0,0,0,0,0,0,0,0,0,0,0,0,0,0,0,0,0,0,0,0,0,0,0,0,0,0,0,0,0,0,0,0,38,60,0,0,0,0,0,0,0,0,0,0,0,0,0,0,0,0,0,0,0,0,0,0,0,0,0,0,0,0,0,0,0,0,0,0,0,0,0,0,0,1,0.0,,,,213.0,222.0,242.0,254.0,204.0,96.0,66.0,118.0,165.0,184.0,157.0,52.0,93.0,926.0,6719.0,4167.0,242.0,66.0,118.0,165.0,52.0,93.0,926.0,6719.0,225.66666666666666,12.119772641798562,242.0,213.0,197.28571428571428,51.5660859915681,254.0,96.0,156.28571428571428,57.03436128639418,254.0,66.0,161.10714285714286,57.460134805243314,282.0,66.0,218.36594911937377,200.07954372163576,176.5345495474008,157.8636170355349,147.75,133.0,,,,,299.0,0.8093645484949833,0.22073578595317725,1.2245621813345156,36.178571428571416,1.407808342549791,0.917091553979162,-6477.0,0.0,0.0,0.0,0.0,,35,-0.8854560256532096,-0.4647231720437691,1
2020-09-01,14,1,1,1,9,3,2020,245,0,0,0,0,1,0,0.7818314824680298,0.6234898018587336,-1.0,-1.8369701987210297e-16,-0.8800122039735356,-0.4749510720670502,0,0,0,0,0,0,0,0,0,0,0,0,0,0,0,0,0,0,0,0,0,0,0,0,0,0,0,0,0,0,0,0,0,0,0,0,0,0,0,0,0,0,0,30,68,0,0,0,0,0,0,0,0,0,0,0,0,0,0,0,0,0,0,0,0,0,0,0,0,0,0,0,0,0,0,0,0,0,0,0,0,0,0,0,1,0.0,,,,,,,,,,,133.0,83.0,157.0,194.0,84.0,86.0,1450.0,4975.0,4705.0,242.0,242.0,133.0,83.0,84.0,86.0,1450.0,4975.0,233.33333333333334,21.31248981752771,254.0,204.0,172.71428571428572,56.30202809266233,254.0,96.0,140.71428571428572,53.77124639410464,254.0,66.0,159.78571428571428,56.35306883699359,282.0,66.0,224.70254403131116,186.90447354367475,162.95336515826233,148.686395181496,108.0,133.0,,,,,299.0,0.8093645484949833,0.8093645484949833,1.0809119356280734,12.928571428571445,1.4589140824273132,0.6759052302190434,-4733.0,0.0,0.0,0.0,0.0,,36,-0.9350162426854147,-0.3546048870425359,1
2020-09-09,24,2,9,2,9,3,2020,253,0,0,0,0,0,0,0.9749279121818236,-0.22252093395631434,-1.0,-1.8369701987210297e-16,-0.9368813462954315,-0.34964745525122826,0,0,0,0,0,0,0,0,0,0,0,0,0,0,0,0,0,0,0,0,0,0,0,0,0,0,0,0,0,0,0,0,0,0,0,0,0,0,0,0,0,0,0,22,76,0,0,0,0,0,0,0,0,0,0,0,0,0,0,0,0,0,0,0,0,0,0,0,0,0,0,0,0,0,0,0,0,0,0,0,0,0,0,0,1,0.0,,,,,,,,,,,,130.0,134.0,143.0,41.0,79.0,1770.0,5962.0,4453.0,204.0,204.0,204.0,130.0,41.0,79.0,1770.0,5962.0,150.0,44.090815370097204,204.0,96.0,129.42857142857142,39.89936319884654,204.0,66.0,124.14285714285714,31.71943330167788,204.0,66.0,155.10714285714286,51.30673813010354,282.0,66.0,160.0293542074364,139.92312733502118,134.78334918891483,133.41241612186315,130.0,130.4,,,,,299.0,0.6822742474916388,0.6822742474916388,0.8344462353212064,-25.678571428571445,0.9529519693665716,0.838130324660373,-5758.0,0.0,0.0,0.0,0.0,,37,-0.970941817426052,-0.23931566428755774,1
2020-09-18,5,4,18,3,9,3,2020,262,0,1,0,0,0,0,-0.433883739117558,-0.9009688679024191,-1.0,-1.8369701987210297e-16,-0.9796136916454901,-0.20089055513063528,0,0,0,0,0,0,0,0,0,0,0,0,0,0,0,0,0,0,0,0,0,0,0,0,0,0,0,0,0,0,0,0,0,0,0,0,0,0,0,0,0,0,0,13,85,0,0,0,0,0,0,0,0,0,0,0,0,0,0,0,0,0,0,0,0,0,0,0,0,0,0,0,0,0,0,0,0,0,0,0,0,0,0,0,1,0.0,,,,,592.0,532.0,503.0,513.0,507.0,430.0,287.0,284.0,96.0,105.0,276.0,80.0,1219.0,6462.0,4510.0,532.0,430.0,287.0,284.0,276.0,80.0,1219.0,6462.0,542.3333333333334,37.06151043273271,592.0,503.0,529.5714285714286,28.268392964870262,592.0,503.0,435.5,106.88495149993219,592.0,261.0,350.75,114.89735325808984,592.0,213.0,555.9256360078277,515.9242793834759,455.3375281442947,373.728084469349,383.25,272.875,,,,,299.0,1.7792642140468227,1.4381270903010033,1.5098258833112717,178.82142857142856,1.5774949975815769,1.0926585887384177,-5930.0,0.0,0.0,0.0,0.0,,38,-0.992708874098054,-0.12053668025532357,1
2020-09-26,15,5,26,4,9,3,2020,270,1,0,1,0,0,0,-0.9749279121818236,-0.2225209339563146,-1.0,-1.8369701987210297e-16,-0.9979171608653922,-0.06450844944931625,0,0,0,0,0,0,0,0,0,0,0,0,0,0,0,0,0,0,0,0,0,0,0,0,0,0,0,0,0,0,0,0,0,0,0,0,0,0,0,0,0,0,0,5,93,0,0,0,0,0,0,0,0,0,0,0,0,0,0,0,0,0,0,0,0,0,0,0,0,0,0,0,0,0,0,0,0,0,0,0,1,1,1,1,0,1.0,,,,,,,,,,,440.0,280.0,284.0,204.0,108.0,59.0,358.0,6580.0,4084.0,503.0,503.0,440.0,280.0,108.0,59.0,358.0,6580.0,507.6666666666667,4.109609335312651,513.0,503.0,493.2857142857143,38.56613720319304,540.0,430.0,395.7142857142857,103.58187139472163,540.0,261.0,321.32142857142856,110.31935899645065,540.0,96.0,506.0508806262231,476.23083661096894,418.93653163409726,344.44783958500494,360.0,238.83333333333334,,7204.0,,,299.0,1.6822742474916388,1.6822742474916388,1.5351783927975993,171.96428571428572,1.6468421597193714,1.1203734578192732,-6077.0,0.0,0.0,0.0,0.0,,39,-1.0,-1.8369701987210297e-16,1
2020-10-04,25,6,4,1,10,4,2020,278,1,0,0,1,0,0,-0.7818314824680299,0.6234898018587334,-0.8660254037844386,0.5000000000000001,-0.9973249731081555,0.07309512989807776,0,0,0,0,0,1,0,0,0,0,0,0,0,0,0,0,0,0,0,0,0,0,0,0,0,0,0,0,0,0,1,0,0,0,0,0,0,0,0,0,0,0,0,82,3,0,0,0,0,0,0,0,0,0,0,0,0,0,1,0,0,0,0,0,0,0,0,0,0,0,0,0,0,0,0,0,0,0,0,1,8,4,0,0,0,0.5,,,,,,,,,,,,520.0,334.0,267.0,127.0,95.0,215.0,7434.0,3928.0,507.0,507.0,507.0,520.0,127.0,95.0,215.0,7434.0,522.3333333333334,13.572848714334887,540.0,507.0,435.42857142857144,93.33787646863126,540.0,261.0,362.0,100.0321376929863,540.0,257.0,295.0357142857143,106.50804199779508,540.0,96.0,503.88845401174166,451.60552496394075,389.2359314152859,319.1874281738051,520.0,300.4,,6622.0,,,299.0,1.6956521739130435,1.6956521739130435,1.475850381309769,140.39285714285717,1.9901247055003959,1.762498486865997,-6927.0,0.0,295.0357142857143,0.0,0.0,,40,-0.992708874098054,0.1205366802553232,1
2020-10-13,7,1,13,2,10,4,2020,287,0,0,0,0,0,0,0.7818314824680298,0.6234898018587336,-0.8660254037844386,0.5000000000000001,-0.9741004551724206,0.22611568550828803,0,0,0,0,0,0,0,0,0,0,0,0,0,0,0,0,0,0,0,0,0,0,0,0,0,0,0,0,0,0,0,0,0,0,0,0,0,0,0,0,0,0,0,73,12,0,0,0,0,0,0,0,0,0,0,0,0,0,0,0,0,0,0,0,0,0,0,0,0,0,0,0,0,0,0,0,0,0,0,0,0,0,0,0,1,0.0,,,,,,,3155.0,3061.0,2977.0,988.0,564.0,652.0,507.0,272.0,222.0,147.0,142.0,5705.0,4682.0,3155.0,988.0,564.0,652.0,222.0,147.0,142.0,5705.0,3064.3333333333335,72.70641114937679,3155.0,2977.0,2203.4285714285716,842.5849439404327,3155.0,988.0,1442.357142857143,968.1366939452637,3155.0,564.0,990.9285714285714,821.3921078863365,3155.0,419.0,2950.3365949119375,2374.5054798078477,1773.4436501005819,1247.028347742885,734.6666666666666,500.42857142857144,,,,,299.0,10.551839464882944,3.3043478260869565,2.2235997981691056,1212.5,2.6346386917938234,0.7413921526226002,-2550.0,0.0,0.0,0.0,0.0,,42,-0.9350162426854148,0.35460488704253557,1
2020-10-21,16,2,21,3,10,4,2020,295,0,0,0,0,0,0,0.9749279121818236,-0.22252093395631434,-0.8660254037844386,0.5000000000000001,-0.9338372288229252,0.35769823883312546,0,0,0,0,0,0,0,0,0,0,0,0,0,0,0,0,0,0,0,0,0,0,0,0,0,0,0,0,0,0,0,0,0,0,0,0,0,0,0,0,0,0,0,65,20,0,0,0,0,0,0,0,0,0,0,0,0,0,0,0,0,0,0,0,0,0,0,0,0,0,0,0,0,0,0,0,0,0,0,0,0,0,0,0,1,0.0,,,,,,,,,,,1178.0,663.0,565.0,513.0,287.0,204.0,153.0,6396.0,4533.0,3061.0,3061.0,1178.0,663.0,287.0,204.0,153.0,6396.0,2779.3333333333335,340.6702543842391,3061.0,2300.0,1869.857142857143,861.8205694212404,3061.0,820.0,1246.9285714285713,874.2941205244797,3061.0,419.0,897.5357142857143,711.3138990700267,3061.0,419.0,2740.87084148728,2112.2434446795655,1559.8033461945595,1105.1466902968812,920.5,592.6666666666666,,,,,299.0,10.237458193979933,10.237458193979933,2.0833233854601887,972.3214285714286,3.041504304278046,1.0255859297282242,-3335.0,0.0,0.0,0.0,0.0,,43,-0.8854560256532101,0.464723172043768,1
2020-10-29,26,3,29,5,10,4,2020,303,0,0,0,0,0,1,0.43388373911755823,-0.900968867902419,-0.8660254037844386,0.5000000000000001,-0.8758917051442433,0.48250774176121763,0,0,0,0,0,0,0,0,0,0,0,0,0,0,0,0,0,0,0,0,0,0,0,0,0,0,0,0,0,0,0,0,0,0,0,0,0,0,0,0,0,0,0,57,28,0,0,0,0,0,0,0,0,0,0,0,0,0,0,0,0,0,0,0,0,0,0,0,0,0,0,0,0,0,0,0,0,0,0,0,0,0,0,0,1,0.0,,,,,,,,,,,,1765.0,652.0,619.0,261.0,121.0,187.0,6202.0,4527.0,2300.0,2300.0,2300.0,1765.0,261.0,121.0,187.0,6202.0,1747.6666666666667,458.2185310768457,2300.0,1178.0,1214.5714285714287,556.656820964704,2300.0,701.0,889.1428571428571,514.5233379606045,2300.0,419.0,716.1785714285714,405.0255771087115,2300.0,419.0,1850.375733855186,1397.6841154554118,1073.0495941472145,809.7792661600148,1765.0,760.0,,,,,299.0,7.6923076923076925,7.6923076923076925,1.6959058494988282,498.3928571428572,3.910423237657212,2.464469156734653,-3902.0,0.0,0.0,0.0,0.0,,44,-0.822983865893657,0.5680647467311548,1
2020-11-07,8,5,7,1,11,4,2020,312,1,0,1,0,0,0,-0.9749279121818236,-0.2225209339563146,-0.5000000000000004,0.8660254037844384,-0.7909456567567774,0.6118864012687242,0,0,0,0,0,0,0,0,0,0,0,0,0,0,0,0,0,0,0,0,0,0,0,0,0,0,0,0,0,0,0,0,0,0,0,0,0,0,0,0,0,0,0,48,37,0,0,0,0,0,0,0,0,0,0,0,0,0,0,0,0,0,0,0,0,0,0,0,0,0,0,0,0,0,0,0,0,0,0,0,2,1,1,0,0,0.5,,,,,,,,2453.0,2295.0,2552.0,2234.0,1220.0,2977.0,701.0,592.0,117.0,121.0,6219.0,5386.0,2453.0,2552.0,2234.0,1220.0,592.0,117.0,121.0,6219.0,2408.6666666666665,81.0198878191165,2478.0,2295.0,2423.4285714285716,79.2696251371719,2552.0,2295.0,2252.4285714285716,192.80253195051824,2552.0,1963.0,2113.6071428571427,519.0497044246006,3155.0,1158.0,2410.230919765166,2361.067838017445,2235.7427113682197,1976.1639163642083,2002.0,1550.5714285714287,,6723.0,,,299.0,8.20401337792642,8.535117056856187,1.1465842077693855,309.8214285714289,0.6538735197221541,0.947195890572988,-3766.0,0.0,0.0,0.0,0.0,,45,-0.7485107481711011,0.6631226582407952,1
2020-11-15,18,6,15,3,11,4,2020,320,1,0,0,1,0,0,-0.7818314824680299,0.6234898018587334,-0.5000000000000004,0.8660254037844384,-0.6994583270516471,0.7146733860429608,0,0,0,0,0,0,0,0,0,0,0,0,0,0,0,0,0,0,0,0,0,0,0,0,0,0,0,0,0,0,0,0,0,0,0,0,0,0,0,0,0,0,0,40,45,0,0,0,0,0,0,0,0,0,0,0,0,0,0,0,0,0,0,0,0,0,0,0,0,0,0,0,0,0,0,0,0,0,0,0,2,2,0,1,0,1.0,,,,,,,,,,,2449.0,2144.0,1354.0,3061.0,451.0,254.0,153.0,6712.0,4242.0,2478.0,2478.0,2449.0,2144.0,451.0,254.0,153.0,6712.0,2436.6666666666665,39.75200903378624,2478.0,2383.0,2320.1428571428573,203.42455854790043,2552.0,2011.0,2160.214285714286,259.02735061639135,2552.0,1604.0,2049.1428571428573,543.66453116695,3155.0,1158.0,2438.0,2341.024573227464,2186.6044707596343,1913.753814115132,2296.5,1701.5,,6198.0,,,299.0,8.2876254180602,8.2876254180602,1.132250418293363,271.0,0.7888267824583318,1.1207124930284438,-4234.0,0.0,0.0,0.0,0.0,,46,-0.6631226582407955,0.7485107481711007,1
2020-11-23,27,0,23,4,11,4,2020,328,0,0,0,0,0,0,0.0,1.0,-0.5000000000000004,0.8660254037844384,-0.594726686960764,0.8039279618328208,0,0,0,0,0,0,0,0,0,0,0,0,0,0,0,0,0,0,0,0,0,0,0,0,0,0,0,0,0,0,0,0,0,0,0,0,0,0,0,0,0,0,0,32,53,0,0,0,0,0,0,0,0,0,0,0,0,0,0,0,0,0,0,0,0,0,0,0,0,0,0,0,0,0,0,0,0,0,0,0,0,0,0,0,1,0.0,,,,,,,,,,,,2383.0,2190.0,1505.0,820.0,266.0,93.0,6336.0,4495.0,2383.0,2383.0,2383.0,2383.0,820.0,266.0,93.0,6336.0,2461.3333333333335,69.54295235480171,2552.0,2383.0,2253.8571428571427,216.37231706444504,2552.0,2011.0,2083.8571428571427,307.1809278731015,2552.0,1409.0,1995.9285714285713,571.3020172360318,3155.0,988.0,2397.3463796477495,2295.397090667124,2141.083446390294,1871.5180854194605,2383.0,2010.6,,,,,299.0,7.969899665551839,7.969899665551839,1.1292273556883656,257.92857142857133,0.6775250513626512,1.1939305013778048,-3953.0,0.0,0.0,0.0,0.0,,48,-0.4647231720437684,0.88545602565321,1
2020-12-02,9,2,2,1,12,4,2020,337,0,0,0,0,1,0,0.9749279121818236,-0.22252093395631434,-2.4492935982947064e-16,1.0,-0.4635502709028512,0.8860706215341378,0,0,0,0,0,0,0,0,0,0,0,0,0,0,0,0,0,0,0,0,0,0,0,0,0,0,0,0,0,0,0,0,0,0,0,0,0,0,0,0,0,0,0,23,62,0,0,0,0,0,0,0,0,0,0,0,0,0,0,0,0,0,0,0,0,0,0,0,0,0,0,0,0,0,0,0,0,0,0,0,0,0,0,0,1,0.0,,,,,,,,,3230.0,2288.0,2214.0,2143.0,2295.0,2014.0,1996.0,350.0,97.0,5897.0,4676.0,3230.0,2288.0,2214.0,2143.0,1996.0,350.0,97.0,5897.0,3143.6666666666665,223.64008783956623,3364.0,2837.0,2695.4285714285716,417.4517447366503,3364.0,2288.0,2582.214285714286,370.8821874110099,3364.0,2161.0,2505.0,313.3389310543548,3364.0,2061.0,3112.7084148727986,2865.761442838912,2689.3731831331843,2498.145047688423,2215.0,2079.1428571428573,,,,,299.0,10.80267558528428,7.6521739130434785,1.0760193897918449,190.42857142857156,2.3137884512481293,0.8842315369261478,-2667.0,0.0,0.0,0.0,0.0,,49,-0.35460488704253595,0.9350162426854147,1
2020-12-10,19,3,10,2,12,4,2020,345,0,0,0,0,0,0,0.43388373911755823,-0.900968867902419,-2.4492935982947064e-16,1.0,-0.33752289959411347,0.941317317512847,0,0,0,0,0,0,0,0,0,0,0,0,0,0,0,0,0,0,0,0,0,0,0,0,0,0,0,0,0,0,0,0,0,0,0,0,0,0,0,0,0,0,0,15,70,0,0,0,0,0,0,0,0,0,0,0,0,0,0,0,0,0,0,0,0,0,0,0,0,0,0,0,0,0,0,0,0,0,0,0,0,0,0,0,1,0.0,,,,,,,,,,,2453.0,2373.0,2436.0,2453.0,1853.0,503.0,75.0,5706.0,4581.0,2837.0,2837.0,2453.0,2373.0,1853.0,503.0,75.0,5706.0,2526.0,229.9956521328175,2837.0,2288.0,2562.714285714286,250.80254856629136,2972.0,2288.0,2489.0714285714284,240.0072809269735,2972.0,2161.0,2448.1071428571427,223.62953090286788,2972.0,2061.0,2622.412915851272,2536.613233205478,2487.984841044253,2374.6432055265896,2413.0,2263.1666666666665,,,,,299.0,9.488294314381271,9.488294314381271,1.0468145943659097,114.60714285714312,1.7390049318297347,0.9856594745211316,-2869.0,0.0,0.0,0.0,0.0,,50,-0.2393156642875578,0.970941817426052,1
2020-12-19,1,5,19,3,12,4,2020,354,1,0,1,0,0,0,-0.9749279121818236,-0.2225209339563146,-2.4492935982947064e-16,1.0,-0.1882267098432439,0.9821256058680006,0,0,0,0,0,0,0,0,0,0,0,0,0,0,0,0,0,0,0,0,0,0,0,0,0,0,0,0,0,0,0,0,0,0,0,0,0,0,0,0,0,0,0,6,79,0,0,0,0,0,0,0,0,0,0,0,0,0,0,0,0,0,0,0,0,0,0,0,0,0,0,0,0,0,0,0,0,0,0,0,2,1,1,0,0,0.5,2825.0,2491.0,2516.0,2326.0,2743.0,3083.0,2892.0,2773.0,2554.0,2957.0,2804.0,3364.0,2972.0,2757.0,2552.0,578.0,47.0,5481.0,4900.0,3083.0,2957.0,2804.0,3364.0,2552.0,578.0,47.0,5481.0,2610.6666666666665,151.89982078842473,2825.0,2491.0,2696.5714285714284,244.46960497186976,3083.0,2326.0,2662.0714285714284,215.88239665075398,3083.0,2326.0,2616.3571428571427,294.81643372077605,3364.0,2169.0,2672.6497064579257,2647.1238343648974,2629.33527910321,2584.8007687483355,3052.0,2901.25,,6595.0,,,284.0,10.855633802816902,10.411971830985916,1.0306587676431243,80.21428571428578,1.5828251202062231,1.1665074121597643,-2398.0,0.0,0.0,0.0,0.0,,51,-0.12053668025532363,0.992708874098054,1
2020-12-27,11,6,27,4,12,4,2020,362,1,0,0,1,0,0,-0.7818314824680299,0.6234898018587334,-2.4492935982947064e-16,1.0,-0.05161966722325418,0.9986668162884759,0,0,0,0,0,0,0,0,1,0,0,0,0,0,0,0,0,0,0,0,0,0,0,0,0,0,0,0,0,0,0,0,0,0,0,0,0,0,0,0,0,0,0,5,2,0,0,0,0,0,0,0,0,0,0,0,0,0,0,0,0,0,0,0,0,0,0,0,0,0,0,0,0,0,0,0,0,0,0,1,2,2,0,1,0,1.0,,,,,,,,,,2743.0,2683.0,2437.0,3230.0,2693.0,2594.0,750.0,53.0,8152.0,5071.0,2516.0,2743.0,2683.0,2437.0,2594.0,750.0,53.0,8152.0,2528.3333333333335,170.4627688252058,2743.0,2326.0,2698.1428571428573,234.75058409872778,3083.0,2326.0,2613.5714285714284,241.8998359078503,3083.0,2220.0,2595.8214285714284,298.634876631676,3364.0,2169.0,2547.9765166340508,2619.5866606131726,2615.5827274853336,2571.8743484812167,2621.0,2701.8571428571427,,6848.0,,,299.0,8.414715719063546,9.173913043478262,1.0394177455526052,102.3214285714289,-0.2672876975112218,1.0096996546647772,-5636.0,0.0,0.0,0.0,0.0,,52,6.432490598706546e-16,1.0,1
2021-01-04,20,0,4,1,1,1,2021,4,0,0,0,0,0,0,0.0,1.0,0.49999999999999994,0.8660254037844387,0.06880242680231986,0.9976303053065857,0,0,0,0,0,0,0,0,0,0,0,0,0,0,0,0,0,0,0,0,0,0,0,0,0,0,0,0,0,0,0,0,0,0,0,0,0,0,0,0,0,0,0,39,3,0,0,0,0,0,0,0,0,0,0,0,0,0,0,0,0,0,0,0,0,0,0,0,0,0,0,0,0,0,0,0,0,0,0,0,0,0,0,0,1,0.0,,,,,,,,,,,2326.0,2522.0,2275.0,2614.0,2161.0,3155.0,80.0,7178.0,4333.0,2326.0,2326.0,2326.0,2522.0,2161.0,3155.0,80.0,7178.0,2717.3333333333335,309.57641311242617,3083.0,2326.0,2680.8571428571427,251.391230993462,3083.0,2326.0,2588.785714285714,267.0928620138987,3083.0,2169.0,2589.0714285714284,302.4740754618991,3364.0,2169.0,2580.279843444227,2653.983628431307,2630.7309789488336,2575.654807674641,2424.0,2377.8333333333335,,,,,298.0,7.805369127516778,7.805369127516778,1.0354512097552901,91.78571428571422,-0.869732151985918,0.9362429994206417,-4852.0,0.0,0.0,0.0,0.0,,1,0.12053668025532305,0.992708874098054,1
2021-01-13,2,2,13,2,1,1,2021,13,0,0,0,0,0,0,0.9749279121818236,-0.22252093395631434,0.49999999999999994,0.8660254037844387,0.2219215130041655,0.9750645322571948,0,0,0,0,0,0,0,0,0,0,0,0,0,0,0,0,0,0,0,0,0,0,0,0,0,0,0,0,0,0,0,0,0,0,0,0,0,0,0,0,0,0,0,30,12,0,0,0,0,0,0,0,0,0,0,0,0,0,0,0,0,0,0,0,0,0,0,0,0,0,0,0,0,0,0,0,0,0,0,0,0,0,0,0,1,0.0,,2313.0,2535.0,2425.0,2268.0,2180.0,2230.0,2262.0,3176.0,2755.0,2693.0,2491.0,2554.0,2220.0,2288.0,1604.0,41.0,6569.0,4933.0,2180.0,2755.0,2693.0,2491.0,2288.0,1604.0,41.0,6569.0,2424.3333333333335,90.63234644552804,2535.0,2313.0,2316.1428571428573,113.99427124882645,2535.0,2180.0,2734.9285714285716,506.9730148194301,3725.0,2180.0,2781.285714285714,436.0210395597619,3725.0,2180.0,2380.0626223091976,2470.416753331699,2614.1286698784374,2695.4652974178252,2529.75,2445.0,,,,,298.0,7.315436241610739,9.24496644295302,0.8327597719451436,-465.1428571428569,-1.3790291287154752,0.9095613539473009,-4389.0,0.0,0.0,0.0,0.0,,2,0.23931566428755774,0.970941817426052,1
2021-01-21,12,3,21,3,1,1,2021,21,0,0,0,0,0,0,0.43388373911755823,-0.900968867902419,0.49999999999999994,0.8660254037844387,0.3536761221763716,0.9353679493131483,0,0,0,0,0,0,0,0,0,0,0,0,0,0,0,0,0,0,0,0,0,0,0,0,0,0,0,0,0,0,0,0,0,0,0,0,0,0,0,0,0,0,0,22,20,0,0,0,0,0,0,0,0,0,0,0,0,0,0,0,0,0,0,0,0,0,0,0,0,0,0,0,0,0,0,0,0,0,0,0,0,0,0,0,1,0.0,,,,,,,,,,2268.0,3091.0,2946.0,2825.0,2773.0,2416.0,2011.0,282.0,4101.0,4820.0,2425.0,2268.0,3091.0,2946.0,2416.0,2011.0,282.0,4101.0,2291.0,101.3344298186291,2425.0,2180.0,2607.0,551.2958759660214,3708.0,2180.0,2817.785714285714,497.52547365815906,3725.0,2180.0,2816.214285714286,426.848530942004,3725.0,2180.0,2365.8649706457927,2520.3809954279773,2679.9130312882953,2737.692364561993,2768.3333333333335,2676.5714285714284,,,,,295.0,8.220338983050848,7.688135593220339,0.9257108073147843,-209.21428571428578,-0.9165178215582055,0.9829981146591592,-1676.0,0.0,0.0,0.0,0.0,,3,0.3546048870425356,0.9350162426854148,1
2021-01-29,22,4,29,5,1,1,2021,29,0,1,0,0,0,1,-0.433883739117558,-0.9009688679024191,0.49999999999999994,0.8660254037844387,0.47873384011578846,0.8779600847008882,0,0,0,0,0,0,0,0,0,0,0,0,0,0,0,0,0,0,0,0,0,0,0,0,0,0,0,0,0,0,0,0,0,0,0,0,0,0,0,0,0,0,0,14,28,0,0,0,0,0,0,0,0,0,0,0,0,0,0,0,0,0,0,0,0,0,0,0,0,0,0,0,0,0,0,0,0,0,0,0,0,0,0,0,1,0.0,,,,,,,,,,,,3725.0,3103.0,3237.0,2509.0,2652.0,173.0,,4337.0,2180.0,2180.0,2180.0,3725.0,2509.0,2652.0,173.0,,2224.0,33.7441352929167,2262.0,2180.0,2910.285714285714,634.6820833604613,3725.0,2180.0,2914.6428571428573,461.00396762204264,3725.0,2180.0,2850.9285714285716,406.28420107212673,3725.0,2180.0,2348.005870841487,2648.202579197244,2788.613806267442,2797.195224371706,3725.0,3093.2,,,,,298.0,7.315436241610739,7.315436241610739,1.0208202841179566,59.35714285714266,-1.651377458582159,1.30659183724601,-369.0,0.0,0.0,0.0,0.0,,4,0.4647231720437685,0.8854560256532099,1
2021-02-07,3,6,7,1,2,1,2021,38,1,0,0,1,0,0,-0.7818314824680299,0.6234898018587334,0.8660254037844386,0.5000000000000001,0.6084768701151261,0.7935716089521474,1,0,0,0,0,0,0,0,0,0,0,1,0,0,0,0,0,0,0,0,0,0,0,0,0,0,0,0,0,0,0,0,0,0,0,0,0,0,0,0,0,0,0,5,37,0,0,0,0,0,0,1,0,0,0,0,0,0,0,0,0,0,0,0,0,0,0,0,0,0,0,0,0,0,0,0,0,0,0,1,0,0,0,0,1,0.0,,,1721.0,1698.0,1626.0,2102.0,2201.0,1803.0,1868.0,2441.0,2538.0,2313.0,3176.0,2869.0,2743.0,2533.0,127.0,,5493.0,2102.0,2441.0,2538.0,2313.0,2743.0,2533.0,127.0,,1681.6666666666667,40.46672158151134,1721.0,1626.0,1859.857142857143,199.45599483984188,2201.0,1626.0,2031.9285714285713,309.82747832710163,2727.0,1626.0,2199.8571428571427,304.98919351882836,2826.0,1626.0,1745.4442270058707,1844.011236049655,1981.6126576367976,2173.518568469216,2348.5,2647.75,,,5153.0,1.3707903735835618,298.0,7.053691275167785,8.191275167785236,0.8454445093837263,-339.9999999999998,-0.3208544595567826,1.0675693226832912,2102.0,2199.8571428571427,0.0,0.0,0.0,,5,0.5680647467311558,0.8229838658936564,1
2021-02-15,13,0,15,3,2,1,2021,46,0,0,0,0,0,0,0.0,1.0,0.8660254037844386,0.5000000000000001,0.7116566222817746,0.7025274741691571,1,0,0,0,0,0,0,0,0,0,0,0,0,0,0,0,0,0,0,1,0,0,0,0,0,0,0,0,0,0,0,0,0,0,0,0,0,0,0,0,0,0,0,48,3,1,0,0,0,0,0,0,0,0,0,0,0,0,0,0,0,0,0,0,0,0,0,0,0,0,0,0,0,1,0,0,0,0,0,0,7,5,0,0,0,0.7142857142857143,,,,,,,,,,1626.0,1944.0,2192.0,2292.0,2262.0,2427.0,2369.0,242.0,,5033.0,1626.0,1626.0,1944.0,2192.0,2427.0,2369.0,242.0,,1976.3333333333333,250.99845063709503,2201.0,1626.0,1903.142857142857,177.59056327199735,2201.0,1626.0,2110.285714285714,288.06954234089,2727.0,1626.0,2235.25,273.1809480127464,2826.0,1626.0,1844.1037181996087,1948.1975374918845,2072.225231856798,2244.947985137362,1920.6666666666667,2207.8571428571427,,,,,298.0,5.456375838926174,5.456375838926174,0.851422819435346,-332.1071428571429,-2.2302067711236324,0.8592625731648212,1626.0,2235.25,0.0,0.0,0.0,,7,0.7485107481711011,0.6631226582407953,1
2021-02-23,23,1,23,4,2,1,2021,54,0,0,0,0,0,0,0.7818314824680298,0.6234898018587336,0.8660254037844386,0.5000000000000001,0.8013610881746766,0.5981809144059165,0,0,0,0,0,0,0,0,0,0,0,0,0,0,0,0,0,0,0,0,0,0,0,0,0,0,0,0,0,0,0,0,0,0,0,0,0,0,0,0,0,0,0,40,11,0,0,0,0,0,0,0,0,0,0,0,0,0,0,0,0,0,0,0,0,0,0,0,0,0,0,0,0,0,0,0,0,0,0,0,0,0,0,0,1,0.0,,,,,,,,,,,,1882.0,2188.0,2291.0,2909.0,2350.0,298.0,,5199.0,2201.0,2201.0,2201.0,1882.0,2909.0,2350.0,298.0,,1957.3333333333333,174.32982788062657,2201.0,1803.0,1997.0,218.34180281646218,2441.0,1803.0,2181.8571428571427,273.21860874264274,2727.0,1803.0,2296.3214285714284,297.72543122474303,3176.0,1803.0,2027.1213307240705,2041.0023232469218,2147.5455946185757,2304.9655023727228,1882.0,2300.0,,,,,298.0,7.385906040268456,7.385906040268456,0.8696517722444282,-299.32142857142844,-0.3201655571689254,0.8195716751947992,1275.0,0.0,0.0,0.0,0.0,,8,0.8229838658936564,0.5680647467311559,1
2021-03-04,5,3,4,1,3,1,2021,63,0,0,0,0,0,0,0.43388373911755823,-0.900968867902419,1.0,6.123233995736766e-17,0.8840675099433636,0.4673592171580022,0,0,0,0,0,0,0,0,0,0,0,0,0,0,0,0,0,0,0,0,0,0,0,0,0,0,0,0,0,0,0,0,0,0,0,0,0,0,0,0,0,0,0,31,20,0,0,0,0,0,0,0,0,0,0,0,0,0,0,0,0,0,0,0,0,0,0,0,0,0,0,0,0,0,0,0,0,0,0,0,0,0,0,0,1,0.0,,,,,2215.0,2028.0,1999.0,2162.0,2045.0,2746.0,1080.0,1829.0,1868.0,2289.0,2268.0,2417.0,261.0,,5972.0,2028.0,2746.0,1080.0,1829.0,2268.0,2417.0,261.0,,2080.6666666666665,95.72297994154219,2215.0,1999.0,2142.8571428571427,121.21224427946753,2372.0,1999.0,2413.5714285714284,393.84092406628815,3155.0,1883.0,2045.107142857143,519.1540742459048,3155.0,1050.0,2135.737769080235,2183.309206411802,2197.778391386683,2171.3516741423464,1920.75,2058.0,,,,,286.0,7.090909090909091,9.601398601398602,1.0477970067932172,97.74999999999977,-0.032951957243120555,0.9391928470391003,583.0,0.0,0.0,0.0,0.0,,9,0.8854560256532099,0.4647231720437686,1
2021-03-12,14,4,12,2,3,1,2021,71,0,1,0,0,0,0,-0.433883739117558,-0.9009688679024191,1.0,6.123233995736766e-17,0.9398560579418954,0.3415707691678556,0,0,0,0,0,0,0,0,0,0,0,0,0,0,0,0,0,0,0,0,0,0,0,0,0,0,0,0,0,0,0,0,0,0,0,0,0,0,0,0,0,0,0,23,28,0,0,0,0,0,0,0,0,0,0,0,0,0,0,0,0,0,0,0,0,0,0,0,0,0,0,0,0,0,0,0,0,0,0,0,0,0,0,0,1,0.0,,,,,,,,,,,2616.0,1466.0,1873.0,1803.0,2524.0,2892.0,532.0,,5727.0,2028.0,2028.0,2616.0,1466.0,2524.0,2892.0,532.0,,2063.0,70.99765254335291,2162.0,1999.0,2200.1428571428573,206.5135267596142,2616.0,1999.0,2360.0714285714284,462.13316947231846,3155.0,1466.0,2030.392857142857,519.9682915666049,3155.0,1050.0,2057.7827788649706,2172.4738235123245,2195.245836123614,2168.1724423512337,2041.0,2097.8333333333335,,,,,271.0,7.483394833948339,7.483394833948339,1.0836045100350038,169.75000000000023,-0.0046019289669524,1.005224182512181,229.0,0.0,0.0,0.0,0.0,,10,0.9350162426854148,0.35460488704253557,1
2021-03-20,24,5,20,3,3,1,2021,79,1,0,1,0,0,0,-0.9749279121818236,-0.2225209339563146,1.0,6.123233995736766e-17,0.9778483415056568,0.20931464596304847,0,0,0,0,0,0,0,0,0,0,0,0,0,0,0,0,0,0,0,0,0,0,0,0,0,0,0,0,0,0,0,0,0,0,0,0,0,0,0,0,0,0,0,15,36,0,0,0,0,0,0,0,0,0,0,0,0,0,0,0,0,0,0,0,0,0,0,0,0,0,0,0,0,0,0,0,0,0,0,0,2,1,1,0,0,0.5,,,,,,,,,,,,2372.0,1883.0,2050.0,2727.0,3543.0,578.0,,5960.0,2162.0,2162.0,2162.0,2372.0,2727.0,3543.0,578.0,,2128.6666666666665,59.56695579112821,2179.0,2045.0,2429.0,299.06234419312256,2883.0,2045.0,2224.5714285714284,646.2596464365115,3155.0,1050.0,2019.0,521.956210533303,3155.0,1050.0,2182.500978473581,2294.077236331957,2255.297320799592,2191.973284537128,2372.0,2246.6,,,,,271.0,7.977859778597786,7.977859778597786,1.2030708271421495,410.0,0.27396934285711694,1.1748390292223874,943.0,0.0,0.0,0.0,0.0,,11,0.970941817426052,0.23931566428755804,1
2021-03-29,6,0,29,5,3,1,2021,88,0,0,0,0,0,1,0.0,1.0,1.0,6.123233995736766e-17,0.9984354211555643,0.055916990100603484,0,0,0,0,0,0,0,0,0,0,0,0,0,0,0,0,0,0,0,0,0,0,0,0,0,0,0,0,0,0,0,0,0,0,0,0,0,0,0,0,0,0,0,6,45,0,0,0,0,0,0,0,0,0,0,0,0,0,0,0,0,0,0,0,0,0,0,0,0,0,0,0,0,0,0,0,0,0,0,0,0,0,0,0,1,0.0,,,,,,2612.0,3123.0,3402.0,3090.0,2319.0,2807.0,1934.0,2045.0,3000.0,1626.0,2712.0,820.0,,4692.0,2612.0,2319.0,2807.0,1934.0,1626.0,2712.0,820.0,,3045.6666666666665,327.11907448036237,3402.0,2612.0,2854.285714285714,334.3747744611103,3402.0,2437.0,2870.8571428571427,334.5472115183355,3402.0,2319.0,2621.285714285714,478.8394345515338,3423.0,1898.0,2870.536203522505,2897.219839010919,2839.3504634266055,2691.0368231519333,2418.0,2248.625,,,,,289.0,9.038062283737025,8.024221453287197,1.088887677802605,233.0,-0.019392125242172112,0.9224480898141588,2286.0,0.0,0.0,0.0,0.0,,13,1.0,-1.6081226496766366e-16,1
2021-04-06,16,1,6,1,4,2,2021,96,0,0,0,0,0,0,0.7818314824680298,0.6234898018587336,0.8660254037844387,-0.4999999999999998,0.9966589017541702,-0.08167639533042241,0,0,0,0,0,0,0,0,0,0,0,0,0,0,0,0,0,0,0,0,0,0,0,0,0,0,0,0,0,0,0,0,0,0,0,0,0,0,0,0,0,0,0,25,2,0,0,0,0,0,0,0,0,0,0,0,0,0,0,0,0,0,0,0,0,0,0,0,0,0,0,0,0,0,0,0,0,0,0,0,0,0,0,0,1,0.0,,,,,,,,,,,2508.0,2732.0,1898.0,2162.0,1350.0,2230.0,2517.0,,4956.0,3402.0,3402.0,2508.0,2732.0,1350.0,2230.0,2517.0,,3100.0,242.60255563369483,3402.0,2808.0,2755.714285714286,355.91119048184487,3402.0,2319.0,2885.6428571428573,328.10181502150846,3402.0,2319.0,2567.3214285714284,486.0342472921186,3423.0,1898.0,3138.3737769080235,2947.076759466282,2835.1405811425075,2665.300888873527,2620.0,2300.8333333333335,,,,,279.0,12.193548387096774,12.193548387096774,1.0733810948042013,188.39285714285734,1.7173246043440002,1.0205188843291368,3230.0,0.0,0.0,0.0,0.0,,14,0.992708874098054,-0.12053668025532288,1
2021-04-14,25,2,14,2,4,2,2021,104,0,0,0,0,0,0,0.9749279121818236,-0.22252093395631434,0.8660254037844387,-0.4999999999999998,0.9760105506323683,-0.21772323039653177,0,0,0,0,0,0,0,0,0,0,0,0,0,0,0,0,0,0,0,0,0,0,0,0,0,0,0,0,0,0,0,0,0,0,0,0,0,0,0,0,0,0,0,17,10,0,0,0,0,0,0,0,0,0,0,0,0,0,0,0,0,0,0,0,0,0,0,0,0,0,0,0,0,0,0,0,0,0,0,0,0,0,0,0,1,0.0,,,,,,,,,,,,2437.0,2776.0,2213.0,2883.0,2073.0,1604.0,,5213.0,3090.0,3090.0,3090.0,2437.0,2883.0,2073.0,1604.0,,2778.3333333333335,267.41021338427265,3090.0,2437.0,2749.1428571428573,344.14798667825136,3356.0,2319.0,2887.1428571428573,330.4982941695457,3423.0,2319.0,2530.535714285714,459.7356757764538,3423.0,1898.0,2873.996086105675,2794.400194192244,2747.4198544209166,2610.682298322404,2437.0,2461.6,,,,,279.0,11.075268817204302,11.075268817204302,1.086387693176205,218.60714285714312,1.2169259754953736,0.963037188624656,2948.0,0.0,0.0,0.0,0.0,,15,0.9709418174260521,-0.2393156642875575,1
2021-04-23,7,4,23,4,4,2,2021,113,0,1,0,0,0,0,-0.433883739117558,-0.9009688679024191,0.8660254037844387,-0.4999999999999998,0.9307239310379795,-0.36572252349726897,0,0,0,0,0,0,0,0,0,0,0,0,0,0,0,0,0,0,0,0,0,0,0,0,0,0,0,0,0,0,0,0,0,0,0,0,0,0,0,0,0,0,0,8,19,0,0,0,0,0,0,0,0,0,0,0,0,0,0,0,0,0,0,0,0,0,0,0,0,0,0,0,0,0,0,0,0,0,0,0,0,0,0,0,1,0.0,,,,,,,2465.0,2496.0,2518.0,2612.0,2672.0,3150.0,3090.0,3285.0,2215.0,2305.0,2354.0,,5465.0,2465.0,2612.0,2672.0,3150.0,2215.0,2305.0,2354.0,,2493.0,21.740898478827106,2518.0,2465.0,2636.0,176.33490862560367,2964.0,2465.0,2532.714285714286,263.297341034653,2964.0,2068.0,2709.6785714285716,332.24700939978686,3402.0,2068.0,2504.2641878669274,2539.002675256894,2571.566154795782,2612.3542468380238,2811.3333333333335,2833.4285714285716,,,,,298.0,8.271812080536913,8.765100671140939,0.9728091102002082,-73.67857142857156,-0.7364357375874954,1.0375154318953663,2337.0,0.0,0.0,0.0,0.0,,16,0.9350162426854148,-0.35460488704253545,1
2021-05-01,17,5,1,1,5,2,2021,121,1,0,1,0,1,0,-0.9749279121818236,-0.2225209339563146,0.49999999999999994,-0.8660254037844387,0.8717063187093218,-0.4900286664290592,0,0,0,0,0,0,1,0,0,0,0,0,0,0,0,0,0,0,0,0,0,0,0,0,0,0,0,0,0,0,0,0,0,0,1,0,0,0,0,0,0,0,0,0,0,0,0,0,0,0,0,0,0,0,0,0,0,0,0,0,0,0,0,0,1,0,0,0,0,0,0,0,0,0,0,0,0,0,1,0,5,1,1,0,0,0.2,,,,,,,,,,,2964.0,2748.0,3359.0,3402.0,3423.0,2201.0,2721.0,,5607.0,2518.0,2518.0,2964.0,2748.0,3423.0,2201.0,2721.0,,2638.3333333333335,142.1743843157253,2838.0,2518.0,2546.5714285714284,281.60248433505245,2964.0,2127.0,2537.6428571428573,262.7917717625924,2964.0,2068.0,2719.8214285714284,330.93374968968254,3402.0,2068.0,2589.211350293542,2586.788826249033,2602.0287707140265,2632.63118649041,2856.0,3208.6666666666665,,,,,282.0,8.929078014184396,8.929078014184396,0.9363009651368919,-173.25,-0.6098544761925218,1.050068938349419,2384.0,0.0,0.0,2719.8214285714284,0.0,,17,0.8854560256532099,-0.4647231720437685,1
2021-05-09,27,6,9,2,5,2,2021,129,1,0,0,1,0,0,-0.7818314824680299,0.6234898018587334,0.49999999999999994,-0.8660254037844387,0.7961828637826158,-0.6050560696488488,0,0,0,0,0,0,0,0,0,0,0,0,0,0,0,0,0,0,0,0,0,0,0,0,0,0,0,0,0,0,0,0,0,0,0,0,0,0,0,0,0,0,0,36,8,0,0,0,0,0,0,0,0,0,0,0,0,0,0,0,0,0,0,0,0,0,0,0,0,0,0,0,0,0,0,0,0,0,0,0,1,1,1,1,0,1.0,,,,,,,,,,,,2838.0,2836.0,3050.0,2726.0,1781.0,2533.0,,5431.0,2838.0,2838.0,2838.0,2838.0,2726.0,1781.0,2533.0,,2804.6666666666665,145.62356341685305,2964.0,2612.0,2452.0,329.58458701826453,2964.0,2068.0,2563.5714285714284,270.8169424658114,2964.0,2068.0,2710.8928571428573,338.22956482307717,3402.0,2068.0,2763.4598825831704,2626.798087989574,2623.0577412283424,2647.073070086371,2838.0,2914.6,,,,,298.0,9.523489932885907,9.523489932885907,0.9044990448587049,-258.89285714285734,0.37580139667456486,1.0468875568144391,2717.0,0.0,0.0,0.0,0.0,,18,0.8229838658936565,-0.5680647467311557,1
2021-05-18,8,1,18,3,5,2,2021,138,0,0,0,0,0,0,0.7818314824680298,0.6234898018587336,0.49999999999999994,-0.8660254037844387,0.6932812268869777,-0.7206671495538609,0,0,0,0,0,0,0,0,0,0,0,0,0,0,0,0,0,0,0,0,0,0,0,0,0,0,0,0,0,0,0,0,0,0,0,0,0,0,0,0,0,0,0,27,17,0,0,0,0,0,0,0,0,0,0,0,0,0,0,0,0,0,0,0,0,0,0,0,0,0,0,0,0,0,0,0,0,0,0,0,0,0,0,0,1,0.0,,,,,,,,2196.0,2015.0,3529.0,2998.0,2827.0,2518.0,2068.0,2642.0,3155.0,2327.0,,5406.0,2196.0,3529.0,2998.0,2827.0,2642.0,3155.0,2327.0,,2015.0,147.78588114791842,2196.0,1834.0,2638.0,763.6476375172742,3978.0,1834.0,3021.0714285714284,782.0696410610681,4441.0,1834.0,2964.6428571428573,597.9352696861876,4441.0,1834.0,2167.1800391389434,2502.0372856024737,2789.178106415588,2886.4357125389824,3118.0,2751.285714285714,,,,,298.0,7.369127516778524,11.842281879194632,0.8898205035537886,-326.64285714285734,-1.2854950963944,1.0517287073846524,2076.0,0.0,0.0,0.0,0.0,,20,0.6631226582407952,-0.7485107481711012,1
2021-05-26,18,2,26,4,5,2,2021,146,0,0,0,0,0,0,0.9749279121818236,-0.22252093395631434,0.49999999999999994,-0.8660254037844387,0.5877852522924732,-0.8090169943749473,0,0,0,0,0,0,0,0,0,0,0,0,0,0,0,0,0,0,0,0,0,0,0,0,0,0,0,0,0,0,0,0,0,0,0,0,0,0,0,0,0,0,0,19,25,0,0,0,0,0,0,0,0,0,0,0,0,0,0,0,0,0,0,0,0,0,0,0,0,0,0,0,0,0,0,0,0,0,0,0,0,0,0,0,1,0.0,,,,,,,,,,,2771.0,2892.0,2876.0,2496.0,2546.0,1999.0,2379.0,,6386.0,1834.0,1834.0,2771.0,2892.0,2546.0,1999.0,2379.0,,2249.3333333333335,389.8481185738307,2771.0,1834.0,3245.0,931.7754174539209,4441.0,1834.0,3182.285714285714,687.6729318684063,4441.0,1834.0,3021.464285714286,549.1469671969724,4441.0,1834.0,2269.40313111546,2802.2430419197003,3014.461738618739,3005.9553845490836,2831.5,2618.0,,,,,298.0,6.154362416107382,6.154362416107382,1.0739825770380964,223.53571428571422,-2.1623797574181207,0.9371284027375563,1711.0,0.0,0.0,0.0,0.0,,21,0.5680647467311558,-0.8229838658936564,1
2021-06-03,28,3,3,1,6,2,2021,154,0,0,0,0,1,0,0.43388373911755823,-0.900968867902419,1.2246467991473532e-16,-1.0,0.4711595076738638,-0.8820480249558537,0,0,0,0,0,0,0,0,0,0,0,0,0,0,0,0,0,0,0,0,0,0,0,0,0,0,0,0,0,0,0,0,0,0,0,0,0,0,0,0,0,0,0,11,33,0,0,0,0,0,0,0,0,0,0,0,0,0,0,0,0,0,0,0,0,0,0,0,0,0,0,0,0,0,0,0,0,0,0,0,0,0,0,0,1,0.0,,,,,,,,,,,,,3123.0,3079.0,2208.0,2527.0,2417.0,,5454.0,2771.0,2771.0,2771.0,2771.0,2208.0,2527.0,2417.0,,3426.0,498.1090911303132,3978.0,2771.0,3638.0,525.8264243754098,4441.0,2771.0,3363.4285714285716,488.2313143649541,4441.0,2751.0,3051.5714285714284,502.3509323009897,4441.0,2208.0,3272.426614481409,3453.7106167293286,3358.952293173201,3162.8522657200733,,2718.75,,,,,298.0,9.298657718120806,9.298657718120806,1.1921726510931137,586.4285714285716,-0.5585167868332344,,2674.0,0.0,0.0,0.0,0.0,,22,0.46472317204376906,-0.8854560256532096,1
2021-06-12,10,5,12,2,6,2,2021,163,1,0,1,0,0,0,-0.9749279121818236,-0.2225209339563146,1.2246467991473532e-16,-1.0,0.3294084822245304,-0.9441875088341993,0,0,1,0,0,0,0,0,0,0,0,0,0,0,0,0,0,0,0,0,0,0,0,0,0,0,0,0,0,0,0,0,0,0,0,0,0,0,0,1,0,0,0,2,42,0,0,0,0,0,0,0,0,0,0,0,0,0,0,0,0,0,0,0,0,0,0,0,0,0,0,0,0,0,0,0,0,0,1,0,3,1,1,0,0,0.3333333333333333,,,,,,,,,,2863.0,3478.0,3066.0,2015.0,4019.0,3304.0,3356.0,3083.0,,6702.0,2093.0,2863.0,3478.0,3066.0,3304.0,3356.0,3083.0,,2314.0,222.2206111052708,2618.0,2093.0,2355.4285714285716,318.790955752179,2863.0,1824.0,2610.9285714285716,403.35210854709527,3478.0,1824.0,2519.1428571428573,386.22437171432153,3478.0,1824.0,2258.7455968688846,2399.6387635568194,2509.2758033344444,2619.2498657696733,3135.6666666666665,3155.4285714285716,,,,,298.0,7.023489932885906,9.60738255033557,0.9350119088125213,-163.71428571428578,-1.103355687398366,1.2447355487505196,2022.0,0.0,0.0,0.0,0.0,,23,0.35460488704253584,-0.9350162426854147,1
2021-06-20,20,6,20,3,6,2,2021,171,1,0,0,1,0,0,-0.7818314824680299,0.6234898018587334,1.2246467991473532e-16,-1.0,0.19667288979357647,-0.980469160361632,0,0,0,0,0,0,0,0,0,0,0,0,0,0,0,0,0,0,0,0,0,0,0,0,0,0,0,0,0,0,0,0,0,0,0,0,0,0,0,0,0,0,0,93,6,0,0,0,0,0,0,0,0,0,0,0,0,0,0,0,0,0,0,0,0,0,0,0,0,0,0,0,0,0,0,0,0,0,0,0,2,2,0,1,0,1.0,,,,,,,,,,,2618.0,2916.0,2782.0,2196.0,3125.0,3123.0,3000.0,,6443.0,2618.0,2618.0,2618.0,2916.0,3125.0,3123.0,3000.0,,2656.6666666666665,155.11357845856764,2863.0,2489.0,2460.5714285714284,295.35879253296423,2863.0,1824.0,2679.785714285714,358.67955825528173,3478.0,1824.0,2632.8214285714284,489.10823032268405,3978.0,1824.0,2623.6438356164385,2592.1371690427477,2626.524405978719,2690.109863706424,2767.0,3013.0,,,,,298.0,8.78523489932886,8.78523489932886,0.934575889526445,-172.25,-0.03030296292836896,1.0509637949510982,2571.0,0.0,0.0,0.0,0.0,,24,0.23931566428755768,-0.970941817426052,1
2021-06-29,1,1,29,5,6,2,2021,180,0,0,0,0,0,1,0.7818314824680298,0.6234898018587336,1.2246467991473532e-16,-1.0,0.04302223300453059,-0.99907411510223,0,0,0,0,0,0,0,0,0,0,0,0,0,0,0,0,0,0,0,0,0,0,0,0,0,0,0,0,0,0,0,0,0,0,0,0,0,0,0,0,0,0,0,84,15,0,0,0,0,0,0,0,0,0,0,0,0,0,0,0,0,0,0,0,0,0,0,0,0,0,0,0,0,0,0,0,0,0,0,0,0,0,0,0,1,0.0,1821.0,1934.0,1712.0,1549.0,1577.0,1457.0,1467.0,1751.0,1735.0,1638.0,1697.0,2093.0,2535.0,2654.0,3529.0,2677.0,2909.0,,5468.0,1457.0,1638.0,1697.0,2093.0,3529.0,2677.0,2909.0,,1822.3333333333333,90.63602423368364,1934.0,1712.0,1645.2857142857142,168.96890186042629,1934.0,1457.0,1643.857142857143,137.23174202934305,1934.0,1457.0,1837.3214285714287,270.37342609956386,2379.0,1457.0,1802.0684931506848,1724.1900397855663,1726.8005038838219,1873.9578328678517,1721.25,2215.0,,,,,298.0,4.889261744966443,5.496644295302014,0.8954806103605791,-192.03571428571445,-1.4066523994535503,0.9368257362231509,1405.0,0.0,0.0,0.0,0.0,,26,-3.216245299353273e-16,-1.0,1
2021-07-07,11,2,7,1,7,3,2021,188,0,0,0,0,0,0,0.9749279121818236,-0.22252093395631434,-0.4999999999999997,-0.8660254037844388,-0.09453674981719933,-0.9955213724144752,0,0,0,0,0,0,0,0,0,0,0,0,0,0,0,0,0,0,0,0,0,0,0,0,0,0,0,0,0,0,0,0,0,0,0,0,0,0,0,0,0,0,0,76,23,0,0,0,0,0,0,0,0,0,0,0,0,0,0,0,0,0,0,0,0,0,0,0,0,0,0,0,0,0,0,0,0,0,0,0,0,0,0,0,1,0.0,,,,,,,,,,1577.0,1516.0,1769.0,2200.0,1824.0,2288.0,2127.0,2180.0,,6374.0,1712.0,1577.0,1516.0,1769.0,2288.0,2127.0,2180.0,,1612.6666666666667,71.16334886879778,1712.0,1549.0,1606.857142857143,116.19494526924332,1751.0,1457.0,1665.5,178.46438220072292,2091.0,1457.0,1898.9642857142858,358.18575409803157,2863.0,1457.0,1630.4892367906066,1611.71997690769,1679.0497715049833,1874.0732481009495,1620.6666666666667,2009.5714285714287,,,,,299.0,5.725752508361204,5.274247491638796,0.8461755468206353,-292.1071428571429,-0.5219757725571511,0.853447681380201,1628.0,0.0,0.0,0.0,0.0,,27,-0.12053668025532283,-0.992708874098054,1
2021-07-15,21,3,15,3,7,3,2021,196,0,0,0,0,0,0,0.43388373911755823,-0.900968867902419,-0.4999999999999997,-0.8660254037844388,-0.23030567023061196,-0.973118337233262,0,0,0,0,0,0,0,0,0,0,0,0,0,0,0,0,0,0,0,0,0,0,0,0,0,0,0,0,0,0,0,0,0,0,0,0,0,0,0,0,0,0,0,68,31,0,0,0,0,0,0,0,0,0,0,0,0,0,0,0,0,0,0,0,0,0,0,0,0,0,0,0,0,0,0,0,0,0,0,0,0,0,0,0,1,0.0,,,,,,,,,,,,1550.0,1747.0,2300.0,2703.0,2465.0,2356.0,,6080.0,1577.0,1577.0,1577.0,1550.0,2703.0,2465.0,2356.0,,1500.3333333333333,54.365021434333634,1577.0,1457.0,1584.857142857143,108.52047676614318,1751.0,1457.0,1689.2857142857142,181.624191502056,2091.0,1457.0,1956.0357142857142,373.8650904635881,2863.0,1457.0,1548.3639921722113,1589.3612982899056,1694.0291815597232,1911.4084367375779,1550.0,2134.0,,,,,299.0,5.274247491638796,5.274247491638796,0.8102393689861053,-371.17857142857133,-1.013830186219619,0.7924190691814713,1536.0,0.0,0.0,0.0,0.0,,28,-0.23931566428755743,-0.9709418174260521,1
2021-07-24,3,5,24,4,7,3,2021,205,1,0,1,0,0,0,-0.9749279121818236,-0.2225209339563146,-0.4999999999999997,-0.8660254037844388,-0.37770796520396466,-0.9259247771938499,0,0,0,0,0,0,0,0,0,0,0,0,0,0,0,0,0,0,0,0,0,0,0,0,0,0,0,0,0,0,0,0,0,0,0,0,0,0,0,0,0,0,0,59,40,0,0,0,0,0,0,0,0,0,0,0,0,0,0,0,0,0,0,0,0,0,0,0,0,0,0,0,0,0,0,0,0,0,0,0,2,1,1,0,0,0.5,,,2477.0,2793.0,2959.0,3146.0,2752.0,2355.0,2133.0,2582.0,2000.0,1934.0,1735.0,2091.0,2863.0,3343.0,2727.0,,7004.0,3146.0,2582.0,2000.0,1934.0,2863.0,3343.0,2727.0,,2743.0,199.92665321729032,2959.0,2477.0,2659.285714285714,328.6312367927285,3146.0,2133.0,2426.285714285714,376.67936887859355,3146.0,1799.0,2097.6071428571427,434.64010886559225,3146.0,1549.0,2660.569471624266,2636.5947575787995,2462.6798186166825,2258.4345833849306,2415.5,2337.875,,,,,299.0,10.521739130434783,8.635451505016722,1.267771099722473,561.6785714285716,2.4120941343383047,1.1515502358129162,2870.0,0.0,0.0,0.0,0.0,,29,-0.3546048870425356,-0.9350162426854148,1
2021-08-01,12,6,1,1,8,3,2021,213,1,0,0,1,1,0,-0.7818314824680299,0.6234898018587334,-0.8660254037844385,-0.5000000000000004,-0.5012418134457756,-0.8653072543632061,0,0,0,0,0,0,0,0,0,0,0,0,0,0,0,0,0,0,0,0,0,0,0,0,0,0,0,0,0,0,0,0,0,0,0,0,0,0,0,0,0,0,0,51,48,0,0,0,0,0,0,0,0,0,0,0,0,0,0,0,0,0,0,0,0,0,0,0,0,0,0,0,0,0,0,0,0,0,0,0,2,2,0,1,0,1.0,,,,,,,,,,2959.0,2448.0,2034.0,1821.0,1751.0,1973.0,4441.0,2102.0,,7057.0,2793.0,2959.0,2448.0,2034.0,1973.0,4441.0,2102.0,,2966.0,144.1966250182946,3146.0,2793.0,2611.1428571428573,373.4386270369809,3146.0,2133.0,2381.214285714286,404.62878553265665,3146.0,1799.0,2061.1785714285716,443.9601859217484,3146.0,1457.0,2844.082191780822,2689.16043440551,2460.181568389115,2242.3402065857927,2480.3333333333335,2136.1428571428573,,,,,299.0,9.341137123745819,9.896321070234114,1.2668203004522378,549.9642857142858,1.648394274482122,1.2033568404576669,2685.0,0.0,0.0,0.0,0.0,,30,-0.46472317204376806,-0.8854560256532101,1
2021-08-09,22,0,9,2,8,3,2021,221,0,0,0,0,0,0,0.0,1.0,-0.8660254037844385,-0.5000000000000004,-0.6152845999633277,-0.7883050558305253,0,0,0,0,0,0,0,0,0,0,0,0,0,0,0,0,0,0,0,0,0,0,0,0,0,0,0,0,0,0,0,0,0,0,0,0,0,0,0,0,0,0,0,43,56,0,0,0,0,0,0,0,0,0,0,0,0,0,0,0,0,0,0,0,0,0,0,0,0,0,0,0,0,0,0,0,0,0,0,0,0,0,0,0,1,0.0,,,,,,,,,,,,2203.0,1708.0,1691.0,1750.0,2201.0,1646.0,,5802.0,3146.0,3146.0,3146.0,2203.0,1750.0,2201.0,1646.0,,2751.0,322.92517193100116,3146.0,2355.0,2453.8571428571427,346.8517297765424,3146.0,2133.0,2237.6428571428573,384.887294661485,3146.0,1708.0,1970.6785714285713,396.28201119652044,3146.0,1457.0,2829.1819960861058,2550.9909647156337,2323.5468837362496,2145.465423565388,2203.0,1763.8,,,,,285.0,11.03859649122807,11.03859649122807,1.2451838561771689,483.17857142857133,2.9658712617882985,1.1178890519944182,3019.0,0.0,0.0,0.0,0.0,,32,-0.663122658240795,-0.7485107481711013,1
2021-08-18,4,2,18,3,8,3,2021,230,0,0,0,0,0,0,0.9749279121818236,-0.22252093395631434,-0.8660254037844385,-0.5000000000000004,-0.7295575540864876,-0.6839194216246105,0,0,0,0,0,0,0,0,0,0,0,0,0,0,0,0,0,0,0,0,0,0,0,0,0,0,0,0,0,0,0,0,0,0,0,0,0,0,0,0,0,0,0,34,65,0,0,0,0,0,0,0,0,0,0,0,0,0,0,0,0,0,0,0,0,0,0,0,0,0,0,0,0,0,0,0,0,0,0,0,0,0,0,0,1,0.0,,,,607.0,534.0,475.0,527.0,610.0,680.0,1315.0,2083.0,2548.0,2133.0,1799.0,1577.0,2893.0,2883.0,,6360.0,475.0,1315.0,2083.0,2548.0,1577.0,2893.0,2883.0,,538.6666666666666,53.989710953929816,607.0,475.0,626.4285714285714,146.81072084525042,952.0,475.0,1140.0714285714287,669.4205878738626,2473.0,475.0,1887.607142857143,919.5662152529823,3206.0,475.0,573.1037181996086,698.8648285426654,1056.1448363617026,1489.4701039591268,1605.25,1698.75,,,,,285.0,1.6666666666666667,4.614035087719298,0.3318638487881483,-1261.1785714285716,-1.5361668571833296,0.850415302821032,253.0,0.0,0.0,0.0,0.0,,33,-0.7485107481711011,-0.6631226582407952,1
2021-08-26,14,3,26,4,8,3,2021,238,0,0,0,0,0,0,0.43388373911755823,-0.900968867902419,-0.8660254037844385,-0.5000000000000004,-0.8165380514459157,-0.5772916165517278,0,0,0,0,0,0,0,0,0,0,0,0,0,0,0,0,0,0,0,0,0,0,0,0,0,0,0,0,0,0,0,0,0,0,0,0,0,0,0,0,0,0,0,26,73,0,0,0,0,0,0,0,0,0,0,0,0,0,0,0,0,0,0,0,0,0,0,0,0,0,0,0,0,0,0,0,0,0,0,0,0,0,0,0,1,0.0,,,,,,,,,,,1016.0,2131.0,2700.0,2355.0,1756.0,2370.0,2028.0,,6036.0,475.0,475.0,1016.0,2131.0,1756.0,2370.0,2028.0,,537.3333333333334,55.59576322786557,610.0,475.0,738.8571428571429,202.410070734373,1016.0,475.0,1376.0714285714287,717.2641936339691,2473.0,475.0,2029.25,857.9153565058568,3206.0,475.0,549.1095890410959,798.8016501636373,1217.1861823367844,1631.3289806377393,1573.5,1975.8333333333333,,,,,285.0,1.6666666666666667,1.6666666666666667,0.36410355690878055,-1290.392857142857,-1.8116589104200158,0.775409634101269,188.0,0.0,0.0,0.0,0.0,,34,-0.8229838658936564,-0.5680647467311559,1
2021-09-03,23,4,3,1,9,3,2021,246,0,1,0,0,1,0,-0.433883739117558,-0.9009688679024191,-1.0,-1.8369701987210297e-16,-0.888057322629493,-0.4597327394521046,0,0,0,0,0,0,0,0,0,0,0,0,0,0,0,0,0,0,0,0,0,0,0,0,0,0,0,0,0,0,0,0,0,0,0,0,0,0,0,0,0,0,0,18,81,0,0,0,0,0,0,0,0,0,0,0,0,0,0,0,0,0,0,0,0,0,0,0,0,0,0,0,0,0,0,0,0,0,0,0,0,0,0,0,1,0.0,,,,,,,,,,,,912.0,2314.0,2902.0,2284.0,2379.0,2810.0,,6878.0,527.0,527.0,527.0,912.0,2284.0,2379.0,2810.0,,605.6666666666666,62.53710009977189,680.0,527.0,858.8571428571429,253.06940243533904,1315.0,527.0,1490.9285714285713,692.0816905008618,2473.0,527.0,2088.464285714286,804.1281650752863,3206.0,527.0,626.0371819960861,908.3829323268674,1331.8170658991728,1717.426916861991,912.0,2232.8,,,,,285.0,1.8491228070175438,1.8491228070175438,0.41123860663166717,-1229.607142857143,-1.9418102157484982,0.4366845084392154,266.0,0.0,0.0,0.0,0.0,,35,-0.8854560256532096,-0.4647231720437691,1
2021-09-12,5,6,12,2,9,3,2021,255,1,0,0,1,0,0,-0.7818314824680299,0.6234898018587334,-1.0,-1.8369701987210297e-16,-0.9483615800121716,-0.31719128858910595,0,0,0,0,0,0,0,0,0,0,0,0,0,0,0,0,0,0,0,0,0,0,0,0,0,0,0,0,0,0,0,0,0,0,0,0,0,0,0,0,0,0,0,9,90,0,0,0,0,0,0,0,0,0,0,0,0,0,0,0,0,0,0,0,0,0,0,0,0,0,0,0,0,0,0,0,0,0,0,0,2,2,0,1,0,1.0,,,,,2170.0,2196.0,2279.0,1883.0,1326.0,1610.0,1326.0,695.0,680.0,2428.0,2959.0,1967.0,2726.0,,5667.0,2196.0,1610.0,1326.0,695.0,2959.0,1967.0,2726.0,,2215.0,46.48297179254642,2279.0,2170.0,1775.2857142857142,427.35455814504536,2279.0,1269.0,1579.857142857143,397.55356461072495,2279.0,1050.0,1225.357142857143,502.2374377498665,2279.0,475.0,2120.3796477495107,1901.8715809521823,1665.6651607235808,1520.1634854787071,1456.75,1847.25,,,,,285.0,7.705263157894737,5.649122807017544,1.4487904401049256,549.9285714285713,1.932637402523295,1.1888370737394345,1604.0,0.0,0.0,0.0,0.0,,36,-0.9350162426854147,-0.3546048870425359,1
2021-09-20,15,0,20,3,9,3,2021,263,0,0,0,0,0,0,0.0,1.0,-1.0,-1.8369701987210297e-16,-0.9829265519799822,-0.18399835165767986,0,1,0,0,0,0,0,0,0,0,0,0,0,0,0,0,0,0,0,0,0,0,0,0,0,0,0,0,0,0,0,0,0,0,0,0,0,0,0,0,0,0,0,1,98,0,0,0,0,0,0,0,0,0,0,0,0,0,0,0,0,0,0,0,0,0,1,0,0,0,0,0,0,1,0,0,0,0,0,0,3,2,0,0,0,0.6666666666666666,,,,,,,,,,,1300.0,1199.0,712.0,610.0,2564.0,1467.0,2612.0,,5777.0,2279.0,2279.0,1300.0,1199.0,2564.0,1467.0,2612.0,,1829.3333333333333,390.90692270951433,2279.0,1326.0,1567.2857142857142,357.7691651193603,2279.0,1269.0,1448.357142857143,322.06778504418185,2279.0,1050.0,1115.5,445.87189864354536,2279.0,475.0,1942.5714285714287,1681.922870664749,1494.9806468965016,1418.2749844833054,1249.5,1383.3333333333333,,,,,299.0,7.622073578595318,7.622073578595318,1.4050073637702503,451.7857142857142,2.6094939006913425,1.1201255042581801,1828.0,0.0,0.0,0.0,1115.5,,38,-0.992708874098054,-0.12053668025532357,1
2021-09-28,25,1,28,4,9,3,2021,271,0,0,0,0,0,1,0.7818314824680298,0.6234898018587336,-1.0,-1.8369701987210297e-16,-0.9988797155850335,-0.04732138832243232,0,0,0,0,0,0,0,0,0,0,0,0,0,0,0,0,0,0,0,0,0,0,0,0,0,0,0,0,0,0,0,0,0,0,0,0,0,0,0,0,0,0,0,3,7,0,0,0,0,0,0,0,0,0,0,0,0,0,0,0,0,0,0,0,0,0,0,0,0,0,0,0,0,0,0,0,0,0,0,0,0,0,0,0,1,0.0,,,,,,,,,,,,1304.0,1050.0,898.0,1517.0,1681.0,2677.0,,7398.0,1326.0,1326.0,1326.0,1304.0,1517.0,1681.0,2677.0,,1299.6666666666667,23.47102232304526,1326.0,1269.0,1447.2857142857142,173.60111445142138,1708.0,1269.0,1339.5714285714287,179.01425094337137,1708.0,1050.0,1033.4285714285713,353.71522328516403,1708.0,475.0,1323.8727984344423,1346.8180550257234,1296.9006430953011,1315.3270472015552,1304.0,1059.2,,,,,299.0,4.434782608695652,4.434782608695652,1.400470002764722,413.8571428571429,0.8271383568231627,1.2618191871716893,506.0,0.0,0.0,0.0,0.0,,39,-1.0,-1.8369701987210297e-16,1
2021-10-07,6,3,7,1,10,4,2021,280,0,0,0,0,0,0,0.43388373911755823,-0.900968867902419,-0.8660254037844386,0.5000000000000001,-0.994217906893952,0.10738134666416306,0,0,0,0,0,1,0,0,0,0,0,0,0,0,0,0,0,0,0,0,0,0,0,0,0,0,0,0,0,0,0,0,0,1,0,0,0,0,0,0,0,0,0,79,6,0,0,0,0,0,0,0,0,0,0,1,0,0,0,0,0,0,0,0,0,0,0,0,0,0,0,0,0,0,0,0,1,0,0,0,7,7,0,1,0,1.0,,,,,,838.0,749.0,657.0,755.0,1929.0,1991.0,2312.0,1326.0,1266.0,534.0,1897.0,2208.0,,6003.0,838.0,1929.0,1991.0,2312.0,534.0,1897.0,2208.0,,748.0,73.89632376963462,838.0,657.0,1068.0,512.4462341135339,2185.0,657.0,1570.5714285714287,689.0382235183965,2677.0,657.0,1937.607142857143,644.3373860733495,2868.0,657.0,814.0939334637965,1029.5058794925787,1362.8244886099187,1595.217846906092,1767.5,1411.25,,,,,285.0,2.9403508771929823,6.768421052631579,0.551195325604114,-869.6071428571429,-1.7065704499287997,0.9122076198551232,-1158.0,0.0,1937.607142857143,0.0,0.0,,40,-0.992708874098054,0.1205366802553232,1
2021-10-15,16,4,15,3,10,4,2021,288,0,1,0,0,0,0,-0.433883739117558,-0.9009688679024191,-0.8660254037844386,0.5000000000000001,-0.970063921851507,0.2428497220959358,0,0,0,0,0,0,0,0,0,0,0,0,0,0,0,0,0,0,0,0,0,0,0,0,0,0,0,0,0,0,0,0,0,0,0,0,0,0,0,0,0,0,0,71,14,0,0,0,0,0,0,0,0,0,0,0,0,0,0,0,0,0,0,0,0,0,0,0,0,0,0,0,0,0,0,0,0,0,0,0,0,0,0,0,1,0.0,,,,,,,,,,,2185.0,2387.0,2725.0,1883.0,1257.0,2752.0,2904.0,,6775.0,657.0,657.0,2185.0,2387.0,1257.0,2752.0,2904.0,,759.3333333333334,85.37889408721311,866.0,657.0,1335.7142857142858,552.7163349664776,2185.0,657.0,1740.7142857142858,619.4853196198355,2677.0,657.0,1973.607142857143,591.235591143407,2868.0,657.0,836.4363992172212,1210.8849763136213,1550.557610254336,1718.5473000376826,2286.0,2008.5,,,,,285.0,2.305263157894737,2.305263157894737,0.6767883317348582,-637.8928571428571,-2.226873961208796,1.1582852282803424,-1196.0,0.0,0.0,0.0,0.0,,41,-0.9709418174260521,0.23931566428755738,1
2021-10-23,26,5,23,4,10,4,2021,296,1,0,1,0,0,0,-0.9749279121818236,-0.2225209339563146,-0.8660254037844386,0.5000000000000001,-0.9275416835791965,0.3737197147904692,0,0,0,0,0,0,0,0,0,0,0,0,0,0,0,0,0,0,0,0,0,0,0,0,0,0,0,0,0,0,0,0,0,0,0,0,0,0,0,0,0,0,0,63,22,0,0,0,0,0,0,0,0,0,0,0,0,0,0,0,0,0,0,0,0,0,0,0,0,0,0,0,0,0,0,0,0,0,0,0,2,1,1,0,0,0.5,,,,,,,,,,,,1426.0,2677.0,2868.0,1708.0,3206.0,3343.0,,6601.0,866.0,866.0,866.0,1426.0,1708.0,3206.0,3343.0,,1492.3333333333333,540.5184753754697,2185.0,866.0,1636.7142857142858,415.5339815176592,2185.0,866.0,1956.0714285714287,471.16807196669885,2677.0,866.0,2016.1785714285713,514.8017686152484,2868.0,866.0,1287.5949119373777,1612.045251443461,1831.6597340013816,1874.7884190076174,1426.0,2191.6,,,,,285.0,3.0385964912280703,3.0385964912280703,0.8117903388659594,-379.46428571428555,-2.2342164334874104,0.7072786211538803,-1488.0,0.0,0.0,0.0,0.0,,42,-0.9350162426854148,0.35460488704253557,1
2021-11-01,8,0,1,1,11,4,2021,305,0,0,0,0,1,0,0.0,1.0,-0.5000000000000004,0.8660254037844384,-0.858763958275803,0.5123714121284235,0,0,0,0,0,0,0,0,0,0,0,0,0,0,0,0,0,0,0,0,0,0,0,0,0,0,0,0,0,0,0,0,0,0,0,0,0,0,0,0,0,0,0,54,31,0,0,0,0,0,0,0,0,0,0,0,0,0,0,0,0,0,0,0,0,0,0,0,0,0,0,0,0,0,0,0,0,0,0,0,0,0,0,0,1,0.0,,,,,,,,1942.0,1615.0,876.0,681.0,1185.0,755.0,2027.0,2170.0,1915.0,3978.0,,5717.0,1942.0,876.0,681.0,1185.0,2170.0,1915.0,3978.0,,1657.3333333333333,217.2192952346136,1942.0,1415.0,1272.142857142857,374.7579899353824,1942.0,847.0,1025.142857142857,364.9032860406512,1942.0,681.0,950.25,288.95187748135504,1942.0,657.0,1684.9980430528376,1391.5523014015378,1191.4329530314849,1173.6009135804015,914.0,1444.5714285714287,,,,,299.0,6.494983277591973,2.9297658862876252,1.3387454429285526,321.8928571428571,3.432232414077302,0.9618521441725861,-652.0,0.0,0.0,0.0,0.0,,44,-0.822983865893657,0.5680647467311548,1
2021-11-09,17,1,9,2,11,4,2021,313,0,0,0,0,0,0,0.7818314824680298,0.6234898018587336,-0.5000000000000004,0.8660254037844384,-0.780295851070776,0.6254105729852457,0,0,0,0,0,0,0,0,0,0,0,0,0,0,0,0,0,0,0,0,0,0,0,0,0,0,0,0,0,0,0,0,0,0,0,0,0,0,0,0,0,0,0,46,39,0,0,0,0,0,0,0,0,0,0,0,0,0,0,0,0,0,0,0,0,0,0,0,0,0,0,0,0,0,0,0,0,0,0,0,0,0,0,0,1,0.0,,,,,,,,,,,1067.0,703.0,893.0,657.0,2009.0,527.0,2117.0,,5869.0,1615.0,1615.0,1067.0,703.0,2009.0,527.0,2117.0,,1391.0,193.4390515554361,1615.0,1143.0,1116.4285714285713,278.0513093158255,1615.0,847.0,939.9285714285714,267.01109240888803,1615.0,681.0,931.8214285714286,236.87474893638083,1615.0,657.0,1425.7671232876712,1207.3219290044597,1076.3114902155755,1116.7799527662096,885.0,1136.8333333333333,,,,,299.0,5.40133779264214,5.40133779264214,1.1981142922846957,184.60714285714278,2.884134229149337,0.9497527883178107,-546.0,0.0,0.0,0.0,0.0,,45,-0.7485107481711011,0.6631226582407952,1
2021-11-17,27,2,17,3,11,4,2021,321,0,0,0,0,0,0,0.9749279121818236,-0.22252093395631434,-0.5000000000000004,0.8660254037844384,-0.6870527672236675,0.7266075247685652,0,0,0,0,0,0,0,0,0,0,0,0,0,0,0,0,0,0,0,0,0,0,0,0,0,0,0,0,0,0,0,0,0,0,0,0,0,0,0,0,0,0,0,38,47,0,0,0,0,0,0,0,0,0,0,0,0,0,0,0,0,0,0,0,0,0,0,0,0,0,0,0,0,0,0,0,0,0,0,0,0,0,0,0,1,0.0,,,,,,,,,,,,1143.0,780.0,993.0,1532.0,809.0,2893.0,,5801.0,1143.0,1143.0,1143.0,1143.0,1532.0,809.0,2893.0,,1028.6666666666667,112.32195788100482,1143.0,876.0,920.2857142857143,120.28028491309583,1143.0,803.0,833.1428571428571,125.49721518985257,1143.0,681.0,970.5357142857143,348.1446212365177,2185.0,657.0,1053.4070450097847,955.6884466474623,929.4044358295581,1055.3199686006667,1143.0,1039.4,,,,,299.0,3.822742474916388,3.822742474916388,0.9482244710211591,-50.25,0.49538115827192186,1.17770009199632,-1184.0,0.0,0.0,0.0,0.0,,46,-0.6631226582407955,0.7485107481711007,1
2021-11-26,9,4,26,4,11,4,2021,330,0,1,0,0,0,0,-0.433883739117558,-0.9009688679024191,-0.5000000000000004,0.8660254037844384,-0.5667017562911184,0.8239230057575536,0,0,0,0,0,0,0,0,0,0,0,0,0,0,0,0,0,0,0,0,0,0,0,0,0,0,0,0,0,0,0,0,0,0,0,0,0,0,0,0,0,0,0,29,56,0,0,0,0,0,0,0,0,0,0,0,0,0,0,0,0,0,0,0,0,0,0,0,0,0,0,0,0,0,0,0,0,0,0,0,0,0,0,0,1,0.0,,,,,,,,,1712.0,1965.0,1983.0,2337.0,1615.0,854.0,899.0,1614.0,2489.0,,6723.0,1712.0,1965.0,1983.0,2337.0,899.0,1614.0,2489.0,,1854.6666666666667,124.80740718758999,2016.0,1712.0,1859.4285714285713,165.85695828708816,2112.0,1611.0,1874.5714285714287,168.8138087977886,2114.0,1611.0,1924.892857142857,283.7056245081352,2554.0,1143.0,1814.1702544031311,1863.3542660095868,1877.6692452756838,1801.3791543019604,2095.0,1482.2857142857142,,,,,299.0,5.725752508361204,6.5719063545150505,0.9659906859379928,-65.46428571428578,-0.7504005516702488,1.0883722656177524,-704.0,0.0,0.0,0.0,0.0,,47,-0.5680647467311559,0.8229838658936564,1
2021-12-04,19,5,4,1,12,4,2021,338,1,0,1,0,0,0,-0.9749279121818236,-0.2225209339563146,-2.4492935982947064e-16,1.0,-0.4482293417404106,0.893918596519257,0,0,0,0,0,0,0,0,0,0,0,0,0,0,0,0,0,0,0,0,0,0,0,0,0,0,0,0,0,0,0,0,0,0,0,0,0,0,0,0,0,0,0,21,64,0,0,0,0,0,0,0,0,0,0,0,0,0,0,0,0,0,0,0,0,0,0,0,0,0,0,0,0,0,0,0,0,0,0,0,2,1,1,0,0,0.5,,,,,,,,,,,2112.0,2114.0,2554.0,1942.0,749.0,2279.0,2352.0,,6504.0,2016.0,2016.0,2112.0,2114.0,749.0,2279.0,2352.0,,2031.0,60.94259594077036,2112.0,1965.0,1845.4285714285713,171.41999978570357,2112.0,1611.0,1900.0,163.60143205800057,2114.0,1611.0,1867.5714285714287,375.33884011378194,2554.0,876.0,1998.720156555773,1940.3279306461118,1912.8847272658463,1805.6782502907902,2113.0,1720.5,,,,,283.0,7.123674911660777,7.123674911660777,0.9881435018740915,-22.142857142857338,0.39545220362373373,1.1314158953568423,-493.0,0.0,0.0,0.0,0.0,,48,-0.4647231720437684,0.88545602565321,1
2021-12-13,1,0,13,2,12,4,2021,347,0,0,0,0,0,0,0.0,1.0,-2.4492935982947064e-16,1.0,-0.3049212246562894,0.9523775757303973,0,0,0,0,0,0,0,0,0,0,0,0,0,0,0,0,0,0,0,0,0,0,0,0,0,0,0,0,0,0,0,0,0,0,0,0,0,0,0,0,0,0,0,12,73,0,0,0,0,0,0,0,0,0,0,0,0,0,0,0,0,0,0,0,0,0,0,0,0,0,0,0,0,0,0,0,0,0,0,0,0,0,0,0,1,0.0,2748.0,2548.0,2391.0,2302.0,2196.0,2462.0,2440.0,2471.0,2439.0,2024.0,2148.0,1836.0,1743.0,1971.0,876.0,2418.0,1750.0,,5322.0,2462.0,2024.0,2148.0,1836.0,876.0,2418.0,1750.0,,2562.3333333333335,146.096619475682,2748.0,2391.0,2441.0,163.87538819829797,2748.0,2196.0,2306.8571428571427,234.36444670118166,2748.0,1905.0,2246.6785714285716,287.11546377862743,2755.0,1712.0,2599.399217221135,2473.917149000443,2376.9983753311044,2250.03127741969,2117.5,1885.0,,,,,299.0,8.234113712374581,6.769230769230769,1.0864927591523994,194.32142857142844,0.7499471666822034,0.9425024242135215,-281.0,0.0,0.0,0.0,0.0,,50,-0.2393156642875578,0.970941817426052,1
2021-12-21,10,1,21,3,12,4,2021,355,0,0,0,0,0,0,0.7818314824680298,0.6234898018587336,-2.4492935982947064e-16,1.0,-0.1712931441814778,0.9852201067560606,0,0,0,0,0,0,0,0,0,0,0,0,0,0,0,0,0,0,0,0,0,0,0,0,0,0,0,0,0,0,0,0,0,0,0,0,0,0,0,0,0,0,0,4,81,0,0,0,0,0,0,0,0,0,0,0,0,0,0,0,0,0,0,0,0,0,0,0,0,0,0,0,0,0,0,0,0,0,0,0,0,0,0,0,1,0.0,,,,,,,,,,2196.0,1905.0,2132.0,1712.0,1707.0,2128.0,1492.0,1457.0,,6565.0,2548.0,2196.0,1905.0,2132.0,2128.0,1492.0,1457.0,,2413.6666666666665,101.69999453731002,2548.0,2302.0,2401.4285714285716,109.33285631221638,2548.0,2196.0,2299.0,220.90043005843154,2638.0,1905.0,2223.964285714286,271.2772016831883,2755.0,1712.0,2449.3463796477495,2382.561761518886,2319.8477943468165,2213.1316699864,2077.6666666666665,1959.0,,,,,299.0,8.521739130434783,7.344481605351171,1.079796373914021,177.46428571428578,1.1944819257762032,0.934217640099993,121.0,0.0,0.0,0.0,0.0,,51,-0.12053668025532363,0.992708874098054,1
2021-12-29,20,2,29,5,12,4,2021,363,0,0,0,0,0,1,0.9749279121818236,-0.22252093395631434,-2.4492935982947064e-16,1.0,-0.034421611622745804,0.9994074007397048,0,0,0,0,0,0,0,0,0,0,0,0,0,0,0,0,0,0,0,0,0,0,0,0,0,0,0,0,0,0,0,0,0,0,0,0,0,0,0,0,0,0,0,3,4,0,0,0,0,0,0,0,0,0,0,0,0,0,0,0,0,0,0,0,0,0,0,0,0,0,0,0,0,0,0,0,0,0,0,0,0,0,0,0,1,0.0,,,,,,,,,,,2302.0,2028.0,2097.0,1856.0,1673.0,749.0,1660.0,,6810.0,2302.0,2302.0,2302.0,2028.0,1673.0,749.0,1660.0,,2320.0,109.33739829841693,2462.0,2196.0,2330.8571428571427,162.56728591257095,2471.0,2006.0,2263.285714285714,223.94017969456183,2638.0,1905.0,2180.75,277.35982624433143,2755.0,1712.0,2307.399217221135,2305.7377359682528,2268.2066201322723,2173.2085771815096,2165.0,1927.8333333333333,,,,,299.0,7.698996655518394,7.698996655518394,1.0688328065377244,150.10714285714266,0.4371577587202143,0.9927777140891895,-607.0,0.0,0.0,0.0,0.0,,52,6.432490598706546e-16,1.0,1
2022-01-07,2,4,7,1,1,1,2022,7,0,1,0,0,0,0,-0.433883739117558,-0.9009688679024191,0.49999999999999994,0.8660254037844387,0.1202080448993527,0.9927487224577402,0,0,0,0,0,0,0,0,0,0,0,0,0,0,0,0,0,0,0,0,0,0,0,0,0,0,0,0,0,0,0,0,0,0,0,0,0,0,0,0,0,0,0,25,6,0,0,0,0,0,0,0,0,0,0,0,0,0,0,0,0,0,0,0,0,0,0,0,0,0,0,0,0,0,0,0,0,0,0,0,0,0,0,0,1,0.0,,2198.0,2736.0,3162.0,3049.0,2826.0,2446.0,2563.0,2538.0,2916.0,2438.0,2548.0,2439.0,2437.0,1965.0,723.0,2284.0,,7355.0,2826.0,2916.0,2438.0,2548.0,1965.0,723.0,2284.0,,2698.6666666666665,394.4357432530114,3162.0,2198.0,2711.4285714285716,313.2301103674682,3162.0,2198.0,2698.6428571428573,331.6757468076437,3261.0,2198.0,2518.3928571428573,334.1295021914315,3261.0,2013.0,2535.510763209393,2667.0125805730445,2648.000354677817,2545.0918335935417,2682.0,2501.125,,,,,299.0,9.451505016722408,9.752508361204013,1.0766503580798412,193.03571428571422,0.9206225156403773,1.0649649010848754,558.0,0.0,0.0,0.0,0.0,,1,0.12053668025532305,0.992708874098054,1
2022-01-15,12,5,15,3,1,1,2022,15,1,0,1,0,0,0,-0.9749279121818236,-0.2225209339563146,0.49999999999999994,0.8660254037844387,0.255353295116187,0.9668478136052775,0,0,0,0,0,0,0,0,0,0,0,0,0,0,0,0,0,0,0,0,0,0,0,0,0,0,0,0,0,0,0,0,0,0,0,0,0,0,0,0,0,0,0,17,14,0,0,0,0,0,0,0,0,0,0,0,0,0,0,0,0,0,0,0,0,0,0,0,0,0,0,0,0,0,0,0,0,0,0,0,2,1,1,0,0,0.5,,,,,,,,,,3049.0,3261.0,2548.0,2748.0,2471.0,2755.0,852.0,3146.0,,6031.0,3162.0,3049.0,3261.0,2548.0,2755.0,852.0,3146.0,,3012.3333333333335,139.60022285878424,3162.0,2826.0,2755.1428571428573,250.53339017351905,3162.0,2446.0,2638.3571428571427,386.57961795781233,3261.0,2029.0,2508.535714285714,331.68309769404647,3261.0,2013.0,3013.833659491194,2851.8477439906064,2714.0923572753845,2557.8933748779864,2952.6666666666665,2781.4285714285716,,,,,299.0,10.575250836120402,10.19732441471572,1.0983072082461312,246.60714285714312,1.9701464749254696,1.1770478888746518,638.0,0.0,0.0,0.0,0.0,,2,0.23931566428755774,0.970941817426052,1
2022-01-23,21,6,23,4,1,1,2022,23,1,0,0,1,0,0,-0.7818314824680299,0.6234898018587334,0.49999999999999994,0.8660254037844387,0.38566340624360707,0.9226395488404876,0,0,0,0,0,0,0,0,0,0,0,0,0,0,0,0,0,0,0,0,0,0,0,0,0,0,0,0,0,0,0,0,0,0,0,0,0,0,0,0,0,0,0,9,22,0,0,0,0,0,0,0,0,0,0,0,0,0,0,0,0,0,0,0,0,0,0,0,0,0,0,0,0,0,0,0,0,0,0,0,2,2,0,1,0,1.0,,,,,,,,,,,,2904.0,2534.0,2479.0,2336.0,2070.0,2884.0,,,3049.0,3049.0,3049.0,2904.0,2336.0,2070.0,2884.0,,2773.6666666666665,248.93952857850618,3049.0,2446.0,2718.285714285714,202.30296536610226,3049.0,2446.0,2593.5,358.6414345435125,3261.0,2029.0,2482.75,307.0276424270064,3261.0,2013.0,2865.1859099804306,2747.920883273745,2644.9765089928123,2512.7063062329617,2904.0,2538.6,,,,,299.0,10.19732441471572,10.19732441471572,1.0948688809931384,235.53571428571422,1.844296479378471,1.1696707280233611,322.0,0.0,0.0,0.0,0.0,,3,0.3546048870425356,0.9350162426854148,1
2022-02-01,3,1,1,1,2,1,2022,32,0,0,0,0,1,0,0.7818314824680298,0.6234898018587336,0.8660254037844386,0.5000000000000001,0.5234156073655503,0.8520775211013093,1,0,0,0,0,0,0,0,0,0,0,0,0,0,0,0,1,0,0,0,0,0,0,0,0,0,0,0,0,0,0,0,0,0,0,0,0,0,0,0,0,0,0,0,0,0,1,0,0,0,0,0,0,0,0,0,0,0,0,0,0,0,0,0,0,0,0,0,0,0,0,0,0,0,1,0,0,0,0,0,7,2,0,0,0,0.2857142857142857,,,1072.0,1117.0,1107.0,1064.0,1111.0,1282.0,1203.0,1217.0,2250.0,2198.0,2538.0,2029.0,2196.0,1933.0,1517.0,,,1064.0,1217.0,2250.0,2198.0,2196.0,1933.0,1517.0,,1098.6666666666667,19.293061504650375,1117.0,1072.0,1136.5714285714287,72.6141606474289,1282.0,1064.0,1298.2142857142858,277.7144418723841,2073.0,1064.0,1842.6785714285713,635.300269477323,3162.0,1064.0,1093.6947162426613,1153.3148057075948,1342.195596554435,1657.7060018265897,1682.25,1956.0,,,,,299.0,3.5585284280936453,4.070234113712375,0.6168039538714992,-706.1071428571427,-1.2256858824713062,0.9129373001259813,-562.0,1842.6785714285713,0.0,0.0,0.0,,5,0.5680647467311558,0.8229838658936564,1
2022-02-09,13,2,9,2,2,1,2022,40,0,0,0,0,0,0,0.9749279121818236,-0.22252093395631434,0.8660254037844386,0.5000000000000001,0.6354323008901774,0.7721565844991642,1,0,0,0,0,0,0,0,0,0,0,0,0,0,0,0,0,0,0,0,0,0,0,0,1,0,0,0,0,0,0,0,0,0,0,0,0,0,0,0,0,0,0,55,8,0,0,1,0,0,0,0,0,0,0,0,0,0,0,0,0,0,0,0,0,0,0,0,0,0,0,0,0,0,0,1,0,0,0,0,0,0,0,0,1,0.0,,,,,,,,,,1107.0,1238.0,2136.0,1961.0,2563.0,2147.0,1611.0,475.0,,,1107.0,1107.0,1238.0,2136.0,2147.0,1611.0,475.0,,1094.0,21.275964529643932,1111.0,1064.0,1175.0,78.19755202598827,1282.0,1064.0,1437.357142857143,370.06883667440985,2123.0,1064.0,1952.7857142857142,631.6611522204685,3162.0,1064.0,1114.624266144814,1203.7217495911855,1425.8639644400769,1744.683651532237,1493.6666666666667,1913.2857142857142,,,,,299.0,3.702341137123746,3.702341137123746,0.6017045246717144,-777.7857142857142,-1.3389864349145695,0.7648902056890645,-243.0,1952.7857142857142,0.0,0.0,0.0,,6,0.6631226582407952,0.7485107481711011,1
2022-02-17,23,3,17,3,2,1,2022,48,0,0,0,0,0,0,0.43388373911755823,-0.900968867902419,0.8660254037844386,0.5000000000000001,0.7354170229639855,0.6776147890466889,0,0,0,0,0,0,0,0,0,0,0,0,0,0,0,0,0,0,0,0,0,0,0,0,0,0,0,0,0,0,0,0,0,0,0,0,0,0,0,0,0,0,0,47,16,0,0,0,0,0,0,0,0,0,0,0,0,0,0,0,0,0,0,0,0,0,0,0,0,0,0,0,0,0,0,0,0,0,0,0,0,0,0,0,1,0.0,,,,,,,,,,,,1186.0,2123.0,2071.0,2239.0,1927.0,1094.0,,,1111.0,1111.0,1111.0,1186.0,2239.0,1927.0,1094.0,,1198.6666666666667,69.87767088912516,1282.0,1111.0,1215.5714285714287,53.54532697459533,1282.0,1111.0,1595.5714285714287,419.76417091466186,2250.0,1111.0,2057.4285714285716,599.8458985779733,3162.0,1111.0,1183.3189823874754,1295.089182879963,1539.0056875996588,1846.1105981112007,1186.0,2013.0,,,,,299.0,3.7157190635451505,3.7157190635451505,0.5908207193445355,-841.8571428571429,-1.5777861842053527,0.5764477155950563,-1772.0,0.0,0.0,0.0,0.0,,7,0.7485107481711011,0.6631226582407953,1
2022-02-26,4,5,26,4,2,1,2022,57,1,0,1,0,0,0,-0.9749279121818236,-0.2225209339563146,0.8660254037844386,0.5000000000000001,0.8311706263658079,0.5560174366570446,0,0,0,0,0,0,0,0,0,0,0,0,0,0,0,0,0,0,0,0,0,0,0,0,0,0,0,0,0,0,0,0,0,0,0,0,0,0,0,0,0,0,0,38,25,0,0,0,0,0,0,0,0,0,0,0,0,0,0,0,0,0,0,0,0,0,0,0,0,0,0,0,0,0,0,0,0,0,0,0,2,1,1,0,0,0.5,,,,1843.0,2029.0,2220.0,2018.0,1891.0,1781.0,2499.0,3203.0,1035.0,1203.0,2073.0,3049.0,2638.0,1708.0,,,2220.0,2499.0,3203.0,1035.0,3049.0,2638.0,1708.0,,2030.6666666666667,153.91411746670786,2220.0,1843.0,1960.4285714285713,134.4702379634958,2220.0,1781.0,2207.0,311.6286709714441,2714.0,1781.0,2050.6428571428573,747.5564104030504,3427.0,821.0,1950.454011741683,2029.0209455585752,2108.7250535813628,2101.6791815282295,2239.25,2249.25,,,,,299.0,7.424749163879599,8.357859531772576,0.9560068271273815,-90.214285714286,0.2265476430946964,1.0919746420982965,5.0,0.0,0.0,0.0,0.0,,8,0.8229838658936564,0.5680647467311559,1
2022-03-06,14,6,6,1,3,1,2022,65,1,0,0,1,0,0,-0.7818314824680299,0.6234898018587334,1.0,6.123233995736766e-17,0.8996308696522433,0.43665123195606403,0,0,0,0,0,0,0,0,0,0,0,0,0,0,0,0,0,0,0,0,0,0,0,0,0,0,0,0,0,0,0,0,0,0,0,0,0,0,0,0,0,0,0,30,33,0,0,0,0,0,0,0,0,0,0,0,0,0,0,0,0,0,0,0,0,0,0,0,0,0,0,0,0,0,0,0,0,0,0,0,2,2,0,1,0,1.0,,,,,,,,,,,2374.0,3427.0,976.0,1282.0,2435.0,2440.0,2196.0,,,2220.0,2220.0,2374.0,3427.0,2435.0,2440.0,2196.0,,2043.0,135.47201433014374,2220.0,1891.0,2022.4285714285713,190.12240954775663,2374.0,1781.0,2396.9285714285716,461.6262347530141,3427.0,1781.0,1997.8214285714287,779.1838703582939,3427.0,821.0,2090.307240704501,2109.7841896077566,2168.459590930581,2127.7356668851417,2900.5,2040.0,,,,,299.0,7.424749163879599,7.424749163879599,1.0123169881478038,24.607142857142662,0.28514267284101563,1.4518314592681314,-1203.0,0.0,0.0,0.0,0.0,,9,0.8854560256532099,0.4647231720437686,1
2022-03-14,24,0,14,2,3,1,2022,73,0,0,0,0,0,0,0.0,1.0,1.0,6.123233995736766e-17,0.9510565162951535,0.30901699437494745,0,0,0,0,0,0,0,0,0,0,0,0,0,0,0,0,0,0,0,0,0,0,0,0,0,0,0,0,0,0,0,0,0,0,0,0,0,0,0,0,0,0,0,22,41,0,0,0,0,0,0,0,0,0,0,0,0,0,0,0,0,0,0,0,0,0,0,0,0,0,0,0,0,0,0,0,0,0,0,0,0,0,0,0,1,0.0,,,,,,,,,,,,1932.0,3104.0,821.0,1487.0,2013.0,2418.0,,,1891.0,1891.0,1891.0,1932.0,1487.0,2013.0,2418.0,,1871.0,66.8331255192114,1941.0,1781.0,2131.285714285714,289.62375311315014,2501.0,1781.0,2551.1428571428573,518.2813435002346,3427.0,1781.0,1934.857142857143,801.7247351930762,3427.0,821.0,1905.6888454011741,2089.386720113161,2182.816255620595,2128.68294370865,1932.0,1691.0,,,,,299.0,6.3244147157190636,6.3244147157190636,1.1015209686946248,196.42857142857133,-0.054703492273543174,0.9985233313644418,-835.0,0.0,0.0,0.0,0.0,,11,0.970941817426052,0.23931566428755804,1
2022-03-23,6,2,23,4,3,1,2022,82,0,0,0,0,0,0,0.9749279121818236,-0.22252093395631434,1.0,6.123233995736766e-17,0.9873494423939864,0.15855938510313475,0,0,0,0,0,0,0,0,0,0,0,0,0,0,0,0,0,0,0,0,0,0,0,0,0,0,0,0,0,0,0,0,0,0,0,0,0,0,0,0,0,0,0,13,50,0,0,0,0,0,0,0,0,0,0,0,0,0,0,0,0,0,0,0,0,0,0,0,0,0,0,0,0,0,0,0,0,0,0,0,0,0,0,0,1,0.0,,,,,,851.0,875.0,981.0,1140.0,1081.0,1224.0,1937.0,1781.0,2595.0,1107.0,2241.0,1532.0,,,851.0,1081.0,1224.0,1937.0,1107.0,2241.0,1532.0,,902.3333333333334,56.482052213267025,981.0,851.0,1012.0,106.45186705737011,1140.0,851.0,1127.7142857142858,169.43917095247255,1509.0,851.0,1454.857142857143,406.3584549108718,2220.0,851.0,905.5499021526418,994.3645755938717,1137.382074690061,1372.2645426467104,1273.25,1577.25,,,,,299.0,2.8461538461538463,3.6153846153846154,0.6956009426551453,-442.8571428571429,-1.4860208654686151,0.8751718381775334,-1791.0,0.0,0.0,0.0,0.0,,12,0.992708874098054,0.120536680255323,1
2022-03-31,15,3,31,5,3,1,2022,90,0,0,0,0,0,1,0.43388373911755823,-0.900968867902419,1.0,6.123233995736766e-17,0.9997685019798909,0.021516097436222254,0,0,0,0,0,0,0,0,0,0,0,0,0,0,0,0,0,0,0,0,0,0,0,0,0,0,0,0,0,0,0,0,0,0,0,0,0,0,0,0,0,0,0,5,58,0,0,0,0,0,0,0,0,0,0,0,0,0,0,0,0,0,0,0,0,0,0,0,0,0,0,0,0,0,0,0,0,0,0,0,0,0,0,0,1,0.0,,,,,,,,,,,1098.0,1267.0,1734.0,1891.0,2843.0,2446.0,838.0,,,875.0,875.0,1098.0,1267.0,2843.0,2446.0,838.0,,998.6666666666666,108.90464738578524,1140.0,875.0,1044.857142857143,85.02676649389981,1140.0,875.0,1154.357142857143,152.29135945044717,1509.0,875.0,1488.0714285714287,393.44621420136673,2220.0,875.0,960.802348336595,1043.0158041541208,1181.8915197329477,1411.1319308855784,1182.5,1898.8333333333333,,,,,299.0,2.9264214046822743,2.9264214046822743,0.7021552344837517,-443.2142857142858,-1.558208991325196,0.794652714443431,-1671.0,0.0,0.0,0.0,0.0,,13,1.0,-1.6081226496766366e-16,1
2022-04-08,25,4,8,2,4,2,2022,98,0,1,0,0,0,0,-0.433883739117558,-0.9009688679024191,0.8660254037844387,-0.4999999999999998,0.9932568492674143,-0.11593459959550041,0,0,0,0,0,0,0,0,0,0,0,0,0,0,0,0,0,0,0,0,0,0,0,0,0,0,0,0,0,0,0,0,0,0,0,0,0,0,0,0,0,0,0,9,3,0,0,0,0,0,0,0,0,0,0,0,0,0,0,0,0,0,0,0,0,0,0,0,0,0,0,0,0,0,0,0,0,0,0,0,0,0,0,0,1,0.0,,,,,,,,,,,,1029.0,1324.0,1852.0,2501.0,2397.0,723.0,,,1140.0,1140.0,1140.0,1029.0,2501.0,2397.0,723.0,,1093.0,46.88283267892417,1140.0,1029.0,1105.4285714285713,53.31806754310036,1210.0,1029.0,1203.7142857142858,123.6841764746165,1509.0,1029.0,1560.107142857143,375.99110355030956,2220.0,1029.0,1114.682974559687,1140.1780980108244,1267.4945769031588,1486.074620696752,1029.0,1744.8,,,,,299.0,3.8127090301003346,3.8127090301003346,0.7085593938145273,-454.67857142857156,-1.1173326679548161,0.6595700844722203,-1068.0,0.0,0.0,0.0,0.0,,14,0.992708874098054,-0.12053668025532288,1
2022-04-17,7,6,17,3,4,2,2022,107,1,0,0,1,0,0,-0.7818314824680299,0.6234898018587334,0.8660254037844387,-0.4999999999999998,0.9634705485641488,-0.2678143051621742,0,0,0,0,1,0,0,0,0,0,0,0,0,0,0,0,0,0,0,0,0,0,0,0,0,0,0,0,0,0,0,0,0,0,0,0,0,0,0,0,0,0,0,0,0,0,0,0,0,0,0,0,0,0,0,0,0,0,0,0,0,0,0,0,0,0,0,0,0,0,0,0,0,0,0,0,0,0,0,1,2,2,0,1,0,1.0,,,,,,,748.0,620.0,550.0,808.0,584.0,804.0,1140.0,1243.0,2029.0,1746.0,847.0,,,748.0,808.0,584.0,804.0,2029.0,1746.0,847.0,,639.3333333333334,81.98102761547266,748.0,550.0,672.8571428571429,118.41263032467509,846.0,520.0,628.7857142857143,100.93433407873839,846.0,520.0,711.3571428571429,171.31074820039632,1140.0,494.0,673.7397260273973,648.5804255415316,656.8704652766368,776.3068044436417,732.0,1205.4285714285713,,,,,299.0,2.5016722408026757,2.702341137123746,0.9458781002108645,-38.5,0.21389701187921342,1.0290189778090169,-2556.0,0.0,0.0,0.0,0.0,,15,0.9709418174260521,-0.2393156642875575,1
2022-04-25,17,0,25,4,4,2,2022,115,0,0,0,0,0,0,0.0,1.0,0.8660254037844387,-0.4999999999999998,0.9175836260593937,-0.39754281428255595,0,0,0,0,0,0,0,0,0,0,0,0,0,0,0,0,0,0,0,0,0,0,0,0,0,0,0,0,0,0,0,0,0,0,0,0,0,0,0,0,0,0,0,6,8,0,0,0,0,0,0,0,0,0,0,0,0,0,0,0,0,0,0,0,0,0,0,0,0,0,0,0,0,0,0,0,0,0,0,0,0,0,0,0,1,0.0,,,,,,,,,,,846.0,534.0,726.0,981.0,1314.0,1111.0,2020.0,,,550.0,550.0,846.0,534.0,1314.0,1111.0,2020.0,,562.6666666666666,40.99864496405812,618.0,520.0,637.7142857142857,123.66858278215587,846.0,520.0,616.5714285714286,95.69200167032493,846.0,520.0,738.8928571428571,193.70639403963085,1140.0,494.0,578.3894324853229,614.472273522665,647.3264200031617,790.6544252059604,690.0,935.1666666666666,,,,,299.0,1.839464882943144,1.839464882943144,0.8630673304654647,-101.17857142857144,-0.9751503458590586,0.933829571269757,-2575.0,0.0,0.0,0.0,0.0,,17,0.8854560256532099,-0.4647231720437685,1
2022-05-03,26,1,3,1,5,2,2022,123,0,0,0,0,1,0,0.7818314824680298,0.6234898018587336,0.49999999999999994,-0.8660254037844387,0.854322169749827,-0.5197438121555155,0,0,0,0,0,0,1,0,0,0,0,0,0,0,0,0,0,0,0,0,0,0,0,0,0,0,0,0,0,0,0,0,0,0,0,0,1,0,0,0,0,0,0,31,2,0,0,0,0,0,0,0,0,0,0,0,0,0,0,0,1,0,0,0,0,0,0,0,0,0,0,0,0,0,1,0,0,0,0,0,5,4,0,0,0,0.8,,,,,,,,,,,,618.0,593.0,646.0,1070.0,1515.0,1933.0,,,520.0,520.0,520.0,618.0,1070.0,1515.0,1933.0,,661.3333333333334,136.57069801225867,846.0,520.0,639.8571428571429,122.25199802215162,846.0,520.0,612.5714285714286,99.48633379638079,846.0,494.0,758.4642857142857,201.1727193488324,1140.0,494.0,606.8630136986301,636.2046180628812,662.747730968839,808.7694770791021,618.0,760.4,,,,,299.0,1.7391304347826086,1.7391304347826086,0.8436219805057212,-118.60714285714278,-1.1853708916704053,0.8148043508970194,-3458.0,0.0,0.0,758.4642857142857,0.0,,18,0.8229838658936565,-0.5680647467311557,1
2022-05-12,8,3,12,2,5,2,2022,132,0,0,0,0,0,0,0.43388373911755823,-0.900968867902419,0.49999999999999994,-0.8660254037844387,0.7638886127905428,-0.6453481132295501,0,0,0,0,0,0,0,0,0,0,0,0,0,0,0,0,0,0,0,0,0,0,0,0,0,0,0,0,0,0,0,0,0,0,0,0,0,0,0,0,0,0,0,22,11,0,0,0,0,0,0,0,0,0,0,0,0,0,0,0,0,0,0,0,0,0,0,0,0,0,0,0,0,0,0,0,0,0,0,0,0,0,0,0,1,0.0,,,,,,,,1445.0,1784.0,716.0,566.0,613.0,550.0,565.0,854.0,2560.0,1764.0,,,1445.0,716.0,566.0,613.0,854.0,2560.0,1764.0,,1686.0,171.40011668607463,1829.0,1445.0,1247.0,455.11505609649333,1829.0,603.0,930.8571428571429,452.5508427857829,1829.0,533.0,770.3928571428571,361.0809504891146,1829.0,510.0,1536.381604696673,1330.3957226017922,1085.3441878057743,912.8353122952433,631.6666666666666,622.5714285714286,,,,,299.0,4.832775919732441,2.3946488294314383,1.618654675258449,476.6071428571429,1.8682989006850972,0.8199279897393105,-843.0,0.0,0.0,0.0,0.0,,19,0.7485107481711013,-0.663122658240795,1
2022-05-20,18,4,20,3,5,2,2022,140,0,1,0,0,0,0,-0.433883739117558,-0.9009688679024191,0.49999999999999994,-0.8660254037844387,0.6680638642135335,-0.7441039398713607,0,0,0,0,0,0,0,0,0,0,0,0,0,0,0,0,0,0,0,0,0,0,0,0,0,0,0,0,0,0,0,0,0,0,0,0,0,0,0,0,0,0,0,14,19,0,0,0,0,0,0,0,0,0,0,0,0,0,0,0,0,0,0,0,0,0,0,0,0,0,0,0,0,0,0,0,0,0,0,0,0,0,0,0,1,0.0,,,,,,,,,,,980.0,641.0,684.0,620.0,606.0,2018.0,2440.0,,,1829.0,1829.0,980.0,641.0,606.0,2018.0,2440.0,,1393.6666666666667,346.9412374195697,1829.0,980.0,978.1428571428571,426.75433835653325,1829.0,603.0,787.8571428571429,358.3196611851445,1829.0,533.0,707.3571428571429,272.93460942212545,1829.0,510.0,1465.6908023483365,1126.3925932327209,913.2652650832036,806.4576082150534,810.5,678.3333333333334,,,,,299.0,6.117056856187291,6.117056856187291,1.3828132889023528,270.7857142857142,4.1095662419568955,1.1458143996768655,-874.0,0.0,0.0,0.0,0.0,,20,0.6631226582407952,-0.7485107481711012,1
2022-05-28,28,5,28,4,5,2,2022,148,1,0,1,0,0,1,-0.9749279121818236,-0.2225209339563146,0.49999999999999994,-0.8660254037844387,0.5595892624101765,-0.8287700871745038,0,0,0,0,0,0,0,0,0,0,0,0,0,0,0,0,0,0,0,0,0,0,0,0,0,0,0,0,0,0,0,0,0,0,0,0,0,0,0,0,0,0,0,6,27,0,0,0,0,0,0,0,0,0,0,0,0,0,0,0,0,0,0,0,0,0,0,0,0,0,0,0,0,0,0,0,0,0,0,0,2,1,1,0,0,0.5,,,,,,,,,,,,,626.0,620.0,583.0,1880.0,2638.0,,,980.0,980.0,980.0,980.0,583.0,1880.0,2638.0,,766.3333333333334,157.97116473866012,980.0,603.0,686.4285714285714,132.14154439502377,980.0,533.0,650.2142857142857,104.59321104124476,980.0,533.0,642.7142857142857,102.56874250362785,980.0,510.0,826.5362035225049,730.476565331389,679.5459462481925,683.8623272014709,,644.25,,,,,299.0,3.277591973244147,3.277591973244147,1.0680151144698824,43.71428571428578,3.2883869495990417,,-1509.0,0.0,0.0,0.0,0.0,,21,0.5680647467311558,-0.8229838658936564,1
2022-06-06,9,0,6,1,6,2,2022,157,0,0,0,0,0,0,0.0,1.0,1.2246467991473532e-16,-1.0,0.42500033996955416,-0.9051931898913974,0,0,0,0,0,0,0,0,0,0,0,0,0,0,0,0,0,0,0,0,0,0,0,0,0,0,0,0,0,0,0,0,0,0,0,0,0,0,0,0,0,0,0,96,3,0,0,0,0,0,0,0,0,0,0,0,0,0,0,0,0,0,0,0,0,0,0,0,0,0,0,0,0,0,0,0,0,0,0,0,0,0,0,0,1,0.0,,,,,,,,,634.0,776.0,597.0,519.0,1784.0,655.0,510.0,1210.0,2462.0,,,634.0,776.0,597.0,519.0,510.0,1210.0,2462.0,,654.3333333333334,14.522013940527977,667.0,634.0,806.1428571428571,181.19636433709036,1152.0,634.0,780.0,153.7725593205758,1152.0,597.0,851.3571428571429,356.27760186662977,1829.0,456.0,669.0450097847358,731.6773201377903,760.0215625891025,770.1829537688116,630.6666666666666,770.5714285714286,,,,,299.0,2.120401337792642,2.5953177257525084,0.9468915177447772,-45.21428571428578,-0.6100780450927957,0.7407780294767458,-1339.0,0.0,0.0,0.0,0.0,,23,0.35460488704253584,-0.9350162426854147,1
2022-06-14,19,1,14,2,6,2,2022,165,0,0,0,0,0,0,0.7818314824680298,0.6234898018587336,1.2246467991473532e-16,-1.0,0.29671281927349075,-0.9549667548552551,0,0,0,0,0,0,0,0,0,0,0,0,0,0,0,0,0,0,0,0,0,0,0,0,0,0,0,0,0,0,0,0,0,0,0,0,0,0,0,0,0,0,0,88,11,0,0,0,0,0,0,0,0,0,0,0,0,0,0,0,0,0,0,0,0,0,0,0,0,0,0,0,0,0,0,0,0,0,0,0,0,0,0,0,1,0.0,,,,,,,,,,,754.0,684.0,576.0,1445.0,674.0,875.0,2156.0,,,662.0,662.0,754.0,684.0,674.0,875.0,2156.0,,730.6666666666666,49.378357832376544,776.0,662.0,873.2857142857143,153.67564570104352,1152.0,662.0,757.1428571428571,181.19557592472805,1152.0,456.0,865.4642857142857,353.6650435231111,1829.0,456.0,742.1174168297456,796.8782354368287,796.7046609400445,788.9072173443693,719.0,804.1666666666666,,,,,299.0,2.2140468227424748,2.2140468227424748,1.0090372632360831,7.821428571428669,-0.5753022229379303,0.8307679610448563,-1088.0,0.0,0.0,0.0,0.0,,24,0.23931566428755768,-0.970941817426052,1
2022-06-23,1,3,23,4,6,2,2022,174,0,0,0,0,0,0,0.43388373911755823,-0.900968867902419,1.2246467991473532e-16,-1.0,0.1457991969198751,-0.9893142039703663,0,0,0,0,0,0,0,0,0,0,0,0,0,0,0,0,0,0,0,0,0,0,0,0,0,0,0,0,0,0,0,0,0,0,0,0,0,0,0,0,0,0,0,79,20,0,0,0,0,0,0,0,0,0,0,0,0,0,0,0,0,0,0,0,0,0,0,0,0,0,0,0,0,0,0,0,0,0,0,0,0,0,0,0,1,0.0,251.0,263.0,520.0,991.0,779.0,799.0,662.0,779.0,726.0,640.0,628.0,667.0,844.0,456.0,716.0,494.0,2239.0,,,799.0,640.0,628.0,667.0,716.0,494.0,2239.0,,344.6666666666667,124.07614149742443,520.0,251.0,609.2857142857143,258.99074130484405,991.0,251.0,686.5,208.01639701853176,991.0,251.0,672.2142857142857,163.42808753674615,991.0,251.0,365.36203522504894,530.0813215730635,621.7067251961353,674.0539077141298,683.5,694.75,,,,,299.0,2.6722408026755855,2.140468227424749,0.9063861438741899,-62.92857142857133,0.7757890103022045,1.0167888640952079,-778.0,0.0,0.0,0.0,0.0,,25,0.12053668025532308,-0.992708874098054,1
2022-07-01,11,4,1,1,7,3,2022,182,0,1,0,0,1,0,-0.433883739117558,-0.9009688679024191,-0.4999999999999997,-0.8660254037844388,0.008606996888688698,-0.9999629591162655,0,0,0,0,0,0,0,0,0,0,0,0,0,0,0,0,0,0,0,0,0,0,0,0,0,0,0,0,0,0,0,0,0,0,0,0,0,0,0,0,0,0,0,71,28,0,0,0,0,0,0,0,0,0,0,0,0,0,0,0,0,0,0,0,0,0,0,0,0,0,0,0,0,0,0,0,0,0,0,0,0,0,0,0,1,0.0,,,,,,,,,,779.0,722.0,822.0,634.0,927.0,745.0,539.0,2826.0,,,520.0,779.0,722.0,822.0,745.0,539.0,2826.0,,763.3333333333334,192.60379597043828,991.0,520.0,750.8571428571429,132.76125572021442,991.0,520.0,736.7142857142857,124.03538007441297,991.0,520.0,708.5,117.04104896512652,991.0,498.0,700.1800391389432,743.6661552501134,742.9370678361755,738.2781513788711,774.3333333333334,736.2857142857143,,,,,299.0,1.7391304347826086,2.6053511705685617,1.059784252444803,42.35714285714289,-1.6105460577012203,1.0929193131027994,-1236.0,0.0,0.0,0.0,0.0,,26,-3.216245299353273e-16,-1.0,1
2022-07-09,21,5,9,2,7,3,2022,190,1,0,1,0,0,0,-0.9749279121818236,-0.2225209339563146,-0.4999999999999997,-0.8660254037844388,-0.12874817745258066,-0.99167731989929,0,0,0,0,0,0,0,0,0,0,0,0,0,0,0,0,0,0,0,0,0,0,0,0,0,0,0,0,0,0,0,0,0,0,0,0,0,0,0,0,0,0,0,63,36,0,0,0,0,0,0,0,0,0,0,0,0,0,0,0,0,0,0,0,0,0,0,0,0,0,0,0,0,0,0,0,0,0,0,0,2,1,1,0,0,0.5,,,,,,,,,,,,876.0,827.0,746.0,660.0,748.0,2712.0,,,779.0,779.0,779.0,876.0,660.0,748.0,2712.0,,746.6666666666666,60.42258591693084,799.0,662.0,788.4285714285714,75.4469674536968,898.0,662.0,740.7142857142857,89.32239246638194,898.0,579.0,731.3214285714286,138.1177172796112,1152.0,498.0,769.8238747553816,760.6247469791967,744.2522013221555,736.8636335062549,876.0,852.2,,,,,299.0,2.6053511705685617,2.6053511705685617,1.0780876104898178,57.10714285714289,0.34520242853455924,1.1978317136299264,-1505.0,0.0,0.0,0.0,0.0,,27,-0.12053668025532283,-0.992708874098054,1
2022-07-18,2,0,18,3,7,3,2022,199,0,0,0,0,0,0,0.0,1.0,-0.4999999999999997,-0.8660254037844388,-0.2802306751992161,-0.9599326896597445,0,0,0,0,0,0,0,0,0,0,0,0,0,0,0,0,0,0,0,0,0,0,0,0,0,0,0,0,0,0,0,0,0,0,0,0,0,0,0,0,0,0,0,54,45,0,0,0,0,0,0,0,0,0,0,0,0,0,0,0,0,0,0,0,0,0,0,0,0,0,0,0,0,0,0,0,0,0,0,0,0,0,0,0,1,0.0,,0.0,0.0,0.0,0.0,0.0,79.0,104.0,94.0,119.0,195.0,263.0,726.0,579.0,776.0,553.0,1487.0,,,0.0,119.0,195.0,263.0,776.0,553.0,1487.0,,0.0,0.0,0.0,0.0,26.142857142857142,41.87201101120472,104.0,0.0,71.78571428571429,56.97014076492624,170.0,0.0,173.35714285714286,191.94404212197483,991.0,0.0,2.6223091976516635,24.56651229671057,72.90040707032554,188.6448801883063,144.25,397.0,,,,,0.0,0.0,119.0,0.1508034610630408,-147.21428571428572,-0.9031650107012932,0.8320972393901936,-2959.0,0.0,0.0,0.0,0.0,,29,-0.3546048870425356,-0.9350162426854148,1
2022-07-26,12,1,26,4,7,3,2022,207,0,0,0,0,0,0,0.7818314824680298,0.6234898018587336,-0.4999999999999997,-0.8660254037844388,-0.4093559588156211,-0.9123747579707274,0,0,0,0,0,0,0,0,0,0,0,0,0,0,0,0,0,0,0,0,0,0,0,0,0,0,0,0,0,0,0,0,0,0,0,0,0,0,0,0,0,0,0,46,53,0,0,0,0,0,0,0,0,0,0,0,0,0,0,0,0,0,0,0,0,0,0,0,0,0,0,0,0,0,0,0,0,0,0,0,0,0,0,0,1,0.0,,,,,,,,,,0.0,170.0,175.0,251.0,779.0,552.0,692.0,1064.0,,,0.0,0.0,170.0,175.0,552.0,692.0,1064.0,,0.0,0.0,0.0,0.0,54.42857142857143,47.76686581080818,104.0,0.0,83.07142857142857,48.93503606928313,170.0,0.0,229.71428571428572,242.07331491909298,991.0,0.0,11.322896281800391,44.10372860022941,97.65327468086717,217.85767744658605,115.0,366.42857142857144,,,,,299.0,0.0,0.0,0.23694029850746268,-175.28571428571428,-0.9489450986824468,0.5006218905472637,-2564.0,0.0,0.0,0.0,0.0,,30,-0.46472317204376806,-0.8854560256532101,1
2022-08-03,22,2,3,1,8,3,2022,215,0,0,0,0,1,0,0.9749279121818236,-0.22252093395631434,-0.8660254037844385,-0.5000000000000004,-0.5307300481619331,-0.8475409228928312,0,0,0,0,0,0,0,0,0,0,0,0,0,0,0,0,0,0,0,0,0,0,0,0,0,0,0,0,0,0,0,0,0,0,0,0,0,0,0,0,0,0,0,38,61,0,0,0,0,0,0,0,0,0,0,0,0,0,0,0,0,0,0,0,0,0,0,0,0,0,0,0,0,0,0,0,0,0,0,0,0,0,0,0,1,0.0,,,,,,,,,,,,128.0,129.0,252.0,705.0,1064.0,2042.0,,,0.0,0.0,0.0,128.0,705.0,1064.0,2042.0,,61.0,44.3245605355165,104.0,0.0,97.0,48.0029760982141,170.0,0.0,104.78571428571429,41.12902793375392,175.0,0.0,281.17857142857144,263.8772785069698,991.0,0.0,45.956947162426616,78.87311346639804,130.43805795964656,251.56835766060692,128.0,375.2,,,,,299.0,0.0,0.0,0.34497650196875396,-184.17857142857144,-1.065565678937926,0.4552267242474279,-1517.0,0.0,0.0,0.0,0.0,,31,-0.5680647467311556,-0.8229838658936566,1
2022-08-12,4,4,12,2,8,3,2022,224,0,1,0,0,0,0,-0.433883739117558,-0.9009688679024191,-0.8660254037844385,-0.5000000000000004,-0.655156357209085,-0.7554933140726804,0,0,0,0,0,0,0,0,0,0,0,0,0,0,0,0,0,0,0,0,0,0,0,0,0,0,0,0,0,0,0,0,0,0,0,0,0,0,0,0,0,0,0,29,70,0,0,0,0,0,0,0,0,0,0,0,0,0,0,0,0,0,0,0,0,0,0,0,0,0,0,0,0,0,0,0,0,0,0,0,0,0,0,0,1,0.0,,,,263.0,251.0,191.0,140.0,79.0,57.0,55.0,1.0,0.0,94.0,85.0,779.0,525.0,2501.0,,,191.0,55.0,1.0,0.0,779.0,525.0,2501.0,,235.0,31.496031496047245,263.0,191.0,148.14285714285714,82.16086759075336,263.0,56.0,109.57142857142857,70.64672096901221,263.0,55.0,61.75,73.19915348846988,263.0,0.0,231.4872798434442,175.35310724318316,129.3284327028601,119.31657175945558,61.75,180.25,,,,,299.0,0.6387959866220736,0.18394648829431437,2.3990746096009254,86.39285714285714,1.7657308020694404,1.0,-343.0,0.0,0.0,0.0,0.0,,32,-0.663122658240795,-0.7485107481711013,1
2022-08-20,13,5,20,3,8,3,2022,232,1,0,1,0,0,0,-0.9749279121818236,-0.2225209339563146,-0.8660254037844385,-0.5000000000000004,-0.7526668275320083,-0.6584015846980489,0,0,0,0,0,0,0,0,0,0,0,0,0,0,0,0,0,0,0,0,0,0,0,0,0,0,0,0,0,0,0,0,0,0,0,0,0,0,0,0,0,0,0,21,78,0,0,0,0,0,0,0,0,0,0,0,0,0,0,0,0,0,0,0,0,0,0,0,0,0,0,0,0,0,0,0,0,0,0,0,2,1,1,0,0,0.5,,,,,,,,,,251.0,76.0,94.0,0.0,104.0,220.0,1152.0,2220.0,,,251.0,251.0,76.0,94.0,220.0,1152.0,2220.0,,194.0,45.36518488885502,251.0,140.0,118.42857142857143,72.2651015218216,251.0,55.0,97.92857142857143,56.39587660422686,251.0,55.0,55.17857142857143,62.2822226249356,251.0,0.0,199.56751467710373,145.928472041602,108.75222444947845,108.75358676207932,140.33333333333334,121.42857142857143,,,,,299.0,0.8394648829431438,0.8394648829431438,2.1462783171521034,63.25,3.144098272643028,2.543257820927724,-1006.0,0.0,0.0,0.0,0.0,,33,-0.7485107481711011,-0.6631226582407952,1
2022-08-28,23,6,28,4,8,3,2022,240,1,0,0,1,0,1,-0.7818314824680299,0.6234898018587334,-0.8660254037844385,-0.5000000000000004,-0.8359254794186365,-0.5488429582847199,0,0,0,0,0,0,0,0,0,0,0,0,0,0,0,0,0,0,0,0,0,0,0,0,0,0,0,0,0,0,0,0,0,0,0,0,0,0,0,0,0,0,0,13,86,0,0,0,0,0,0,0,0,0,0,0,0,0,0,0,0,0,0,0,0,0,0,0,0,0,0,0,0,0,0,0,0,0,0,0,2,2,0,1,0,1.0,,,,,,,,,,,,55.0,100.0,0.0,102.0,700.0,1830.0,,,140.0,140.0,140.0,55.0,102.0,700.0,1830.0,,92.0,35.10935297989222,140.0,57.0,74.0,28.585710716070313,140.0,55.0,73.14285714285714,30.756781233359494,140.0,1.0,46.464285714285715,43.746413847192045,140.0,0.0,104.30919765166341,83.78842885081575,70.85150733787717,91.48596183914478,55.0,67.2,,,,,299.0,0.4682274247491639,0.4682274247491639,1.592621060722521,27.535714285714285,2.138134444858457,1.1837048424289007,-1568.0,0.0,0.0,0.0,0.0,,34,-0.8229838658936564,-0.5680647467311559,1
2022-09-06,5,1,6,1,9,3,2022,249,0,0,0,0,0,0,0.7818314824680298,0.6234898018587336,-1.0,-1.8369701987210297e-16,-0.9106046300942162,-0.41327860778290443,0,0,0,0,0,0,0,0,0,0,0,0,0,0,0,0,0,0,0,0,0,0,0,0,0,0,0,0,0,0,0,0,0,0,0,0,0,0,0,0,0,0,0,4,95,0,0,0,0,0,0,0,0,0,0,0,0,0,0,0,0,0,0,0,0,0,0,0,0,0,0,0,0,0,0,0,0,0,0,0,0,0,0,0,1,0.0,,,,,602.0,695.0,619.0,758.0,702.0,856.0,600.0,353.0,57.0,69.0,0.0,638.0,1070.0,,,695.0,856.0,600.0,353.0,0.0,638.0,1070.0,,638.6666666666666,40.43375927228247,695.0,602.0,667.2857142857143,50.36924879814862,758.0,602.0,738.9285714285714,104.55037356339238,911.0,602.0,573.0714285714286,214.46993271975523,911.0,140.0,642.3600782778865,675.4688843728879,669.701126214081,573.2058019693343,626.0,328.75,,,,,299.0,2.3244147157190636,2.862876254180602,1.1644023432631188,94.21428571428578,0.5685112588154432,1.0923594665337155,-1475.0,0.0,0.0,0.0,0.0,,36,-0.9350162426854147,-0.3546048870425359,1
2022-09-14,15,2,14,2,9,3,2022,257,0,0,0,0,0,0,0.9749279121818236,-0.22252093395631434,-1.0,-1.8369701987210297e-16,-0.9587178169872964,-0.2843591872810036,0,0,0,0,0,0,0,0,0,0,0,0,0,0,0,0,0,0,0,0,0,0,0,0,0,0,0,0,0,0,0,0,0,0,0,0,0,0,0,0,0,0,0,17,4,0,0,0,0,0,0,0,0,0,0,0,0,0,0,0,0,0,0,0,0,0,0,0,0,0,0,0,0,0,0,0,0,0,0,0,0,0,0,0,1,0.0,,,,,,,,,,,741.0,677.0,358.0,79.0,0.0,662.0,851.0,,,619.0,619.0,741.0,677.0,0.0,662.0,851.0,,693.0,57.10224747474189,758.0,619.0,710.1428571428571,76.45620328271711,856.0,619.0,737.5,105.37670520565729,911.0,600.0,531.6071428571429,248.89173482312606,911.0,57.0,671.8101761252447,701.081024807589,677.3011244823031,561.9029593502614,709.0,320.8333333333333,,,,,299.0,2.0702341137123748,2.0702341137123748,1.3358414511252938,178.53571428571422,0.3511280003129172,1.333691635875042,-1390.0,0.0,0.0,0.0,0.0,,37,-0.970941817426052,-0.23931566428755774,1
2022-09-22,24,3,22,4,9,3,2022,265,0,0,0,0,0,0,0.43388373911755823,-0.900968867902419,-1.0,-1.8369701987210297e-16,-0.9886775902323404,-0.15005539834465262,0,0,0,0,0,0,0,0,0,0,0,0,0,0,0,0,0,0,0,0,0,0,0,0,0,0,0,0,0,0,0,0,0,0,0,0,0,0,0,0,0,0,0,9,12,0,0,0,0,0,0,0,0,0,0,0,0,0,0,0,0,0,0,0,0,0,0,0,0,0,0,0,0,0,0,0,0,0,0,0,0,0,0,0,1,0.0,,,,,,,,,,,,657.0,610.0,362.0,66.0,225.0,494.0,,,758.0,758.0,758.0,657.0,66.0,225.0,494.0,,699.3333333333334,49.02607016226729,758.0,638.0,745.8571428571429,83.59669947590818,869.0,638.0,734.9285714285714,108.62613753191283,911.0,583.0,511.5,263.3413726922311,911.0,56.0,725.1917808219179,728.2101107209594,686.0363038870067,557.6662050499016,657.0,367.0,,,,,299.0,2.5351170568561874,2.5351170568561874,1.458176232369781,234.3571428571429,0.9360473725793411,1.284457478005865,-774.0,0.0,0.0,0.0,0.0,,38,-0.992708874098054,-0.12053668025532357,1
2022-10-01,6,5,1,1,10,4,2022,274,1,0,1,0,1,0,-0.9749279121818236,-0.2225209339563146,-0.8660254037844386,0.5000000000000001,-0.9999907397361901,0.004303538296243821,0,0,0,0,0,1,0,0,0,0,0,0,0,0,0,0,0,0,0,0,0,0,0,0,0,0,0,1,0,0,0,0,0,0,0,0,0,0,0,0,0,0,0,0,0,0,0,0,0,0,0,0,0,0,0,0,0,1,0,0,0,0,0,0,0,0,0,0,0,0,0,0,0,0,0,0,0,0,1,0,7,1,1,0,0,0.14285714285714285,,,,,,837.0,914.0,800.0,803.0,773.0,659.0,706.0,702.0,911.0,251.0,105.0,583.0,,,837.0,773.0,659.0,706.0,251.0,105.0,583.0,,850.3333333333334,47.48567035315906,914.0,800.0,747.5714285714286,115.74708529851644,914.0,567.0,684.5,117.38809260616804,914.0,534.0,669.25,93.35478601244057,914.0,534.0,836.7260273972603,778.0832565659155,725.6199089122922,674.3203691518366,743.75,669.625,,,,,283.0,2.9575971731448765,2.7314487632508833,1.1170286568119963,78.32142857142856,1.7969084089341218,1.1113186402689579,-62.0,0.0,669.25,0.0,0.0,,39,-1.0,-1.8369701987210297e-16,1
2022-10-09,16,6,9,2,10,4,2022,282,1,0,0,1,0,0,-0.7818314824680299,0.6234898018587334,-0.8660254037844386,0.5000000000000001,-0.989932495087353,0.141540295217043,0,0,0,0,0,0,0,0,0,0,0,0,0,0,0,0,0,0,0,0,0,0,0,0,0,0,0,0,0,0,0,0,0,0,0,0,0,0,0,0,0,0,0,77,8,0,0,0,0,0,0,0,0,0,0,0,0,0,0,0,0,0,0,0,0,0,0,0,0,0,0,0,0,0,0,0,0,0,0,0,0,0,0,0,1,0.0,,,,,,,,,,,694.0,675.0,663.0,758.0,535.0,79.0,620.0,,,800.0,800.0,694.0,675.0,535.0,79.0,620.0,,740.3333333333334,86.51139937732034,803.0,618.0,702.2857142857143,86.08254225818759,803.0,567.0,646.8571428571429,89.47693808451199,803.0,534.0,654.5714285714286,73.67807804003489,803.0,534.0,757.1996086105676,706.2827907098209,676.5867037898076,643.3268113651636,684.5,697.6666666666666,,,,,299.0,2.6755852842809364,2.6755852842809364,1.0728939327804454,47.71428571428578,1.9738377451913047,1.0457223919685728,51.0,0.0,0.0,0.0,0.0,,40,-0.992708874098054,0.1205366802553232,1
2022-10-17,26,0,17,3,10,4,2022,290,0,0,0,0,0,0,0.0,1.0,-0.8660254037844386,0.5000000000000001,-0.9611297838723007,0.27609697309746883,0,0,0,0,0,0,0,0,0,0,0,0,0,0,0,0,0,0,0,0,0,0,0,0,0,0,0,0,0,0,0,0,0,0,0,0,0,0,0,0,0,0,0,69,16,0,0,0,0,0,0,0,0,0,0,0,0,0,0,0,0,0,0,0,0,0,0,0,0,0,0,0,0,0,0,0,0,0,0,0,0,0,0,0,1,0.0,,,,,,,,,,,,567.0,560.0,624.0,869.0,0.0,553.0,,,618.0,618.0,618.0,567.0,869.0,0.0,553.0,,626.3333333333334,52.18130784954407,694.0,567.0,637.1428571428571,71.38512964682404,773.0,567.0,625.5,69.69397391453583,773.0,534.0,647.25,64.02880211279921,773.0,534.0,624.2818003913894,632.0093805523312,634.8712011590969,618.7669790361062,567.0,647.8,,,,,299.0,2.0668896321070234,2.0668896321070234,0.9843844838051095,-10.10714285714289,-0.45682566337053165,0.8760139049826188,-229.0,0.0,0.0,0.0,0.0,,42,-0.9350162426854148,0.35460488704253557,1
2022-10-26,7,2,26,4,10,4,2022,299,0,0,0,0,0,0,0.9749279121818236,-0.22252093395631434,-0.8660254037844386,0.5000000000000001,-0.9070138128026362,0.42110087079608916,0,0,0,0,0,0,0,0,0,0,0,0,0,0,0,0,0,0,0,0,0,0,0,0,0,0,0,0,0,0,0,0,0,0,0,0,0,0,0,0,0,0,0,60,25,0,0,0,0,0,0,0,0,0,0,0,0,0,0,0,0,0,0,0,0,0,0,0,0,0,0,0,0,0,0,0,0,0,0,0,0,0,0,0,1,0.0,,,,,,,663.0,535.0,666.0,633.0,1675.0,814.0,803.0,577.0,602.0,70.0,603.0,,,663.0,633.0,1675.0,814.0,602.0,70.0,603.0,,621.3333333333334,61.05916984550496,666.0,535.0,629.4285714285714,49.687184731383326,688.0,535.0,800.8571428571429,316.9425042817832,1675.0,535.0,990.8571428571429,490.4424907516618,2116.0,535.0,629.1369863013699,667.2509142901584,784.3646743677876,860.2071863323174,1040.6666666666667,832.4285714285714,,,,,299.0,2.217391304347826,2.117056856187291,0.6352364475201845,-361.42857142857144,-0.6684925328444984,1.0502691272587468,-1465.0,0.0,0.0,0.0,0.0,,43,-0.8854560256532101,0.464723172043768,1
2022-11-03,17,3,3,1,11,4,2022,307,0,0,0,0,1,0,0.43388373911755823,-0.900968867902419,-0.5000000000000004,0.8660254037844384,-0.8406184056344783,0.5416278206559811,0,0,0,0,0,0,0,0,0,0,0,0,0,0,0,0,0,0,0,0,0,0,0,0,0,0,0,0,0,0,0,0,0,0,0,0,0,0,0,0,0,0,0,52,33,0,0,0,0,0,0,0,0,0,0,0,0,0,0,0,0,0,0,0,0,0,0,0,0,0,0,0,0,0,0,0,0,0,0,0,0,0,0,0,1,0.0,,,,,,,,,,,581.0,1321.0,888.0,800.0,581.0,140.0,808.0,,,666.0,666.0,581.0,1321.0,581.0,140.0,808.0,,664.6666666666666,19.618585292749547,688.0,640.0,647.7142857142857,31.962988800505254,688.0,581.0,1006.2142857142857,520.4748077574976,2116.0,581.0,990.3928571428571,490.56536911766506,2116.0,567.0,655.9295499021526,713.3915278689161,844.3101017575063,899.7907188313043,951.0,790.1666666666666,,,,,299.0,2.2274247491638794,2.2274247491638794,0.6539973315062565,-342.67857142857144,-0.6612632639077495,0.9602250189318813,-1007.0,0.0,0.0,0.0,0.0,,44,-0.822983865893657,0.5680647467311548,1
2022-11-11,27,4,11,2,11,4,2022,315,0,1,0,0,0,0,-0.433883739117558,-0.9009688679024191,-0.5000000000000004,0.8660254037844384,-0.7583058084785625,0.6518989958787125,0,0,0,0,0,0,0,0,0,0,0,0,0,0,0,0,0,0,0,0,0,0,0,0,0,0,0,0,0,0,0,0,0,0,0,0,0,0,0,0,0,0,0,44,41,0,0,0,0,0,0,0,0,0,0,0,0,0,0,0,0,0,0,0,0,0,0,0,0,0,0,0,0,0,0,0,0,0,0,0,0,0,0,0,1,0.0,,,,,,,,,,,,688.0,1095.0,1204.0,661.0,542.0,525.0,,,688.0,688.0,688.0,688.0,661.0,542.0,525.0,,634.0,43.688289811649376,688.0,581.0,659.5714285714286,40.81966312892824,722.0,581.0,1203.7142857142858,604.613740755372,2116.0,581.0,996.1428571428571,487.13812314415316,2116.0,567.0,654.7299412915851,759.164891522526,907.4187699147949,937.4232517125187,688.0,912.4,,,,,299.0,2.301003344481605,2.301003344481605,0.662125340599455,-336.57142857142856,-0.6325574667693827,0.6906639896744586,-1076.0,0.0,0.0,0.0,0.0,,45,-0.7485107481711011,0.6631226582407952,1
2022-11-20,9,6,20,3,11,4,2022,324,1,0,0,1,0,0,-0.7818314824680299,0.6234898018587334,-0.5000000000000004,0.8660254037844384,-0.6486295610349818,0.7611042586607742,0,0,0,0,0,0,0,0,0,0,0,0,0,0,0,0,0,0,0,0,0,0,0,0,0,0,0,0,0,0,0,0,0,0,0,0,0,0,0,0,0,0,0,35,50,0,0,0,0,0,0,0,0,0,0,0,0,0,0,0,0,0,0,0,0,0,0,0,0,0,0,0,0,0,0,0,0,0,0,0,2,2,0,1,0,1.0,,,,,,,,,686.0,530.0,742.0,629.0,666.0,667.0,751.0,861.0,998.0,,,686.0,530.0,742.0,629.0,751.0,861.0,998.0,,607.3333333333334,83.3359999573347,686.0,492.0,541.2857142857143,88.1471404377189,686.0,418.0,531.5,120.76408524770221,742.0,354.0,589.7142857142857,106.90578533819165,742.0,354.0,630.3835616438356,571.5994841586788,562.0246593417311,617.9477050477316,633.6666666666666,865.0,,,,,299.0,2.294314381270903,1.7725752508361203,0.9178779069767443,-48.42857142857133,0.9006595291463302,1.07453165374677,-2069.0,0.0,0.0,0.0,0.0,,46,-0.6631226582407955,0.7485107481711007,1
2022-11-28,18,0,28,4,11,4,2022,332,0,0,0,0,0,1,0.0,1.0,-0.5000000000000004,0.8660254037844384,-0.5380051715382992,0.8429415373547832,0,0,0,0,0,0,0,0,0,0,0,0,0,0,0,0,0,0,0,0,0,0,0,0,0,0,0,0,0,0,0,0,0,0,0,0,0,0,0,0,0,0,0,27,58,0,0,0,0,0,0,0,0,0,0,0,0,0,0,0,0,0,0,0,0,0,0,0,0,0,0,0,0,0,0,0,0,0,0,0,0,0,0,0,1,0.0,,,,,,,,,,,549.0,502.0,637.0,535.0,2116.0,619.0,518.0,,,644.0,644.0,549.0,502.0,2116.0,619.0,518.0,,561.6666666666666,62.69680126520721,644.0,492.0,497.2857142857143,81.55403867675588,644.0,378.0,528.2857142857143,117.15400643806338,742.0,354.0,585.9642857142857,105.29193502653779,742.0,354.0,574.1741682974559,533.431012382283,543.027965100295,612.892840934991,525.5,833.6666666666666,,,,,299.0,2.1538461538461537,2.1538461538461537,0.84866215639666,-88.67857142857139,0.5511886002578166,0.8968123361979644,-1692.0,0.0,0.0,0.0,0.0,,48,-0.4647231720437684,0.88545602565321,1
2022-12-06,28,1,6,1,12,4,2022,340,0,0,0,0,0,0,0.7818314824680298,0.6234898018587336,-2.4492935982947064e-16,1.0,-0.41719360261231697,0.9088176373395028,0,0,0,0,0,0,0,0,0,0,0,0,0,0,0,0,0,0,0,0,0,0,0,0,0,0,0,0,0,0,0,0,0,0,0,0,0,0,0,0,0,0,0,19,66,0,0,0,0,0,0,0,0,0,0,0,0,0,0,0,0,0,0,0,0,0,0,0,0,0,0,0,0,0,0,0,0,0,0,0,0,0,0,0,1,0.0,,,,,,,,,,,,,383.0,626.0,663.0,672.0,638.0,,,549.0,549.0,549.0,549.0,663.0,672.0,638.0,,516.3333333333334,33.668316791243896,549.0,470.0,440.2857142857143,71.5675790239333,549.0,354.0,537.8571428571429,119.25354570521291,742.0,354.0,591.6785714285714,104.44651863562538,742.0,354.0,516.6301369863014,498.26407903811133,533.1296449017317,619.3992841606023,,583.75,,,,,299.0,1.8361204013377928,1.8361204013377928,0.7441298967827609,-151.39285714285717,-0.40861650523231824,,-1913.0,0.0,0.0,0.0,0.0,,49,-0.35460488704253595,0.9350162426854147,1
2022-12-15,10,3,15,3,12,4,2022,349,0,0,0,0,0,0,0.43388373911755823,-0.900968867902419,-2.4492935982947064e-16,1.0,-0.27195815753410524,0.9623090774541487,0,0,0,0,0,0,0,0,0,0,0,0,0,0,0,0,0,0,0,0,0,0,0,0,0,0,0,0,0,0,0,0,0,0,0,0,0,0,0,0,0,0,0,10,75,0,0,0,0,0,0,0,0,0,0,0,0,0,0,0,0,0,0,0,0,0,0,0,0,0,0,0,0,0,0,0,0,0,0,0,0,0,0,0,1,0.0,,,,,,,,,,667.0,884.0,1109.0,686.0,378.0,642.0,570.0,799.0,,,562.0,667.0,884.0,1109.0,642.0,570.0,799.0,,604.6666666666666,68.99919484232326,702.0,550.0,695.2857142857143,116.26904057365559,900.0,550.0,789.1428571428571,126.06962766823801,924.0,550.0,852.7142857142857,218.90569677747686,1440.0,492.0,615.0802348336595,686.406950349601,763.6914959039922,794.7868958521308,886.6666666666666,715.2857142857143,,,,,299.0,1.879598662207358,2.230769230769231,0.8153794605461553,-157.42857142857133,-1.3280343544910302,1.0398168314067124,-1585.0,0.0,0.0,0.0,0.0,,50,-0.2393156642875578,0.970941817426052,1
2022-12-23,20,4,23,4,12,4,2022,357,0,1,0,0,0,0,-0.433883739117558,-0.9009688679024191,-2.4492935982947064e-16,1.0,-0.13727877211326517,0.9905324521322227,0,0,0,0,0,0,0,0,1,0,0,0,0,0,0,0,0,0,0,0,0,0,0,0,0,0,0,0,0,0,0,0,0,0,0,0,0,0,0,0,0,0,0,2,83,0,0,0,0,0,0,0,0,0,0,0,0,0,0,0,0,0,0,0,0,0,0,0,0,0,0,0,0,0,0,0,0,1,0,0,0,0,0,0,1,0.0,,,,,,,,,,,550.0,868.0,1297.0,792.0,633.0,914.0,237.0,,,550.0,550.0,550.0,868.0,633.0,914.0,237.0,,631.6666666666666,57.921402684058755,678.0,550.0,777.4285714285714,136.36700181375798,924.0,550.0,886.9285714285714,209.79052963975903,1440.0,550.0,843.2857142857143,230.11237272609367,1440.0,470.0,635.8747553816047,737.0260074029841,809.0104312769191,820.1951559370424,709.0,759.6666666666666,,,,,299.0,1.839464882943144,1.839464882943144,0.9219041165509063,-65.85714285714289,-1.2745325721134382,0.840758936134169,-1689.0,0.0,0.0,0.0,0.0,,51,-0.12053668025532363,0.992708874098054,1
2023-01-01,2,6,1,1,1,1,2023,1,1,0,0,1,1,0,-0.7818314824680299,0.6234898018587334,0.49999999999999994,0.8660254037844387,0.017213356155834685,0.9998518392091162,0,0,0,0,0,0,0,1,0,0,0,0,0,0,0,0,0,0,0,0,0,0,0,0,0,0,0,0,0,0,0,0,0,0,0,0,0,0,0,0,0,0,0,0,0,0,0,0,0,0,0,0,0,0,0,0,0,0,0,0,0,0,0,0,0,0,0,0,0,0,0,0,0,0,0,0,0,0,0,1,3,2,0,0,0,0.6666666666666666,,1285.0,1070.0,851.0,623.0,612.0,823.0,764.0,726.0,972.0,814.0,562.0,915.0,1193.0,530.0,2070.0,102.0,,,612.0,972.0,814.0,562.0,530.0,2070.0,102.0,,1068.6666666666667,177.18226648159674,1285.0,851.0,861.1428571428571,224.580515992072,1285.0,612.0,853.5714285714286,202.75344432012363,1285.0,612.0,802.75,193.02417039620414,1285.0,529.0,1099.4579256360078,943.6259230597051,876.1911445308938,842.4062582375909,740.0,816.25,,,,,299.0,2.0468227424749164,3.250836120401338,1.0727410241580282,58.39285714285711,-0.9882182091935111,0.9218312052320149,-2437.0,0.0,0.0,0.0,0.0,2551.0,52,6.432490598706546e-16,1.0,2
2023-01-09,11,0,9,2,1,1,2023,9,0,0,0,0,0,0,0.0,1.0,0.49999999999999994,0.8660254037844387,0.15430882066428117,0.9880226656636976,0,0,0,0,0,0,0,0,0,0,0,0,0,0,0,0,0,0,0,0,0,0,0,0,0,0,0,0,0,0,0,0,0,0,0,0,0,0,0,0,0,0,0,13,8,0,0,0,0,0,0,0,0,0,0,0,0,0,0,0,0,0,0,0,0,0,0,0,0,0,0,0,0,0,0,0,0,0,0,0,0,0,0,0,1,0.0,,,,,,,,,,623.0,788.0,815.0,575.0,808.0,860.0,663.0,0.0,,,1070.0,623.0,788.0,815.0,860.0,663.0,0.0,,848.0,182.49931506720785,1070.0,623.0,781.2857142857143,144.92531503769624,1070.0,612.0,836.6428571428571,173.86062034320034,1119.0,612.0,780.6785714285714,170.65588884641275,1119.0,529.0,912.7181996086106,829.3092719471866,813.230877548098,809.6281461192352,742.0,763.7142857142857,,,,,299.0,3.5785953177257523,2.0836120401337794,1.000777711697699,0.6071428571428896,1.6953498090640908,0.9504551900818885,-1365.0,0.0,0.0,0.0,0.0,3186.0,2,0.23931566428755774,0.970941817426052,2
2023-01-17,21,1,17,3,1,1,2023,17,0,0,0,0,0,0,0.7818314824680298,0.6234898018587336,0.49999999999999994,0.8660254037844387,0.288482432880609,0.9574851883550393,1,0,0,0,0,0,0,0,0,0,0,1,0,0,0,0,0,0,0,0,0,0,0,0,0,0,0,0,0,0,0,0,0,0,0,0,0,0,0,0,0,0,0,5,16,0,1,0,0,0,0,0,0,0,0,0,0,0,0,0,0,0,0,0,0,0,0,0,0,0,0,0,0,0,1,0,0,0,0,0,0,0,0,0,1,0.0,,,,,,,,,,,,673.0,940.0,655.0,866.0,663.0,0.0,,,623.0,623.0,623.0,673.0,866.0,663.0,0.0,,686.0,96.9776606578374,823.0,612.0,691.4285714285714,75.92262441432845,823.0,612.0,831.5,165.63115217684316,1119.0,612.0,768.4285714285714,163.37761443343203,1119.0,529.0,659.0058708414873,714.3763738894243,761.8529074701613,786.1704706258702,673.0,806.8,,,,,299.0,2.0836120401337794,2.0836120401337794,0.8997955010224948,-77.0,-0.8901376846081083,0.8758133482059862,-864.0,768.4285714285714,0.0,0.0,0.0,2470.0,3,0.3546048870425356,0.9350162426854148,2
2023-01-26,3,3,26,4,1,1,2023,26,0,0,0,0,0,0,0.43388373911755823,-0.900968867902419,0.49999999999999994,0.8660254037844387,0.4327755925504312,0.901501684131884,1,0,0,0,0,0,0,0,0,0,0,0,0,0,0,0,0,0,0,0,1,0,0,0,0,0,0,0,0,0,0,0,0,0,0,0,0,0,0,0,0,0,0,69,4,0,0,0,1,0,0,0,0,0,0,0,0,0,0,0,0,0,0,0,0,0,0,0,0,0,0,0,0,0,0,0,1,0,0,0,7,6,0,0,0,0.8571428571428571,,,3235.0,2202.0,2267.0,2423.0,2481.0,2470.0,2840.0,3176.0,2069.0,1285.0,726.0,1048.0,667.0,641.0,66.0,,,2423.0,3176.0,2069.0,1285.0,667.0,641.0,66.0,,2568.0,472.3861414845557,3235.0,2202.0,2559.714285714286,334.0546209767474,3235.0,2202.0,2984.9285714285716,522.5736399625162,3945.0,2202.0,2457.3928571428573,825.4357437692147,3945.0,623.0,2766.7964774951074,2711.893360591525,2714.6680212327997,2430.750213183889,2238.25,1502.25,,,,,299.0,8.103678929765886,10.622073578595318,1.0416382054151467,102.32142857142844,-0.04166630461846502,0.9108230267269318,1316.0,2457.3928571428573,0.0,0.0,0.0,6080.0,4,0.4647231720437685,0.8854560256532099,2
2023-02-03,13,4,3,1,2,1,2023,34,0,1,0,0,1,0,-0.433883739117558,-0.9009688679024191,0.8660254037844386,0.5000000000000001,0.5524353131676196,0.8335557718385699,0,0,0,0,0,0,0,0,0,0,0,0,0,0,0,0,0,0,0,0,0,0,0,0,0,0,0,0,0,0,0,0,0,0,0,0,0,0,0,0,0,0,0,61,12,0,0,0,0,0,0,0,0,0,0,0,0,0,0,0,0,0,0,0,0,0,0,0,0,0,0,0,0,0,0,0,0,0,0,0,0,0,0,0,1,0.0,,,,,,,,,,2267.0,3654.0,2442.0,1755.0,764.0,836.0,418.0,191.0,,,2267.0,2267.0,3654.0,2442.0,836.0,418.0,191.0,,2390.3333333333335,90.36715234100399,2481.0,2267.0,2806.0,550.6240615364145,3945.0,2267.0,3030.4285714285716,478.7605596426963,3945.0,2267.0,2314.464285714286,924.1299569302569,3945.0,612.0,2398.7318982387474,2648.745319081726,2699.649443685227,2382.9330035936136,2787.6666666666665,1833.857142857143,,,,,299.0,7.581939799331104,7.581939799331104,1.2123755883033716,491.5357142857142,-0.05136105085474235,1.204454388807448,-576.0,0.0,0.0,0.0,0.0,4125.0,5,0.5680647467311558,0.8229838658936564,2
2023-02-11,22,5,11,2,2,1,2023,42,1,0,1,0,0,0,-0.9749279121818236,-0.2225209339563146,0.8660254037844386,0.5000000000000001,0.6616346182422783,0.7498264012045686,0,0,0,0,0,0,0,0,0,0,0,0,0,0,0,0,0,0,0,0,0,0,0,0,0,0,0,0,0,0,0,0,0,0,0,0,0,0,0,0,0,0,0,53,20,0,0,0,0,0,0,0,0,0,0,0,0,0,0,0,0,0,0,0,0,0,0,0,0,0,0,0,0,0,0,0,0,0,0,0,2,1,1,0,0,0.5,,,,,,,,,,,,3945.0,2831.0,2333.0,1025.0,869.0,518.0,,,2423.0,2423.0,2423.0,3945.0,1025.0,869.0,518.0,,2458.0,25.152865973217974,2481.0,2423.0,3004.1428571428573,570.2213676838718,3945.0,2423.0,3042.9285714285716,460.6052639556711,3945.0,2423.0,2260.785714285714,967.9407581171948,3945.0,612.0,2532.4109589041095,2775.586875913609,2765.669418269503,2391.2206359154197,3945.0,2191.4,,,,,299.0,8.103678929765886,8.103678929765886,1.3288047771002498,743.3571428571431,0.16758699781360528,1.7449685633945216,-78.0,0.0,0.0,0.0,0.0,4909.0,6,0.6631226582407952,0.7485107481711011,2
2023-02-20,4,0,20,3,2,1,2023,51,0,0,0,0,0,0,0.0,1.0,0.8660254037844386,0.5000000000000001,0.7694148268839378,0.6387494220515272,0,0,0,0,0,0,0,0,0,0,0,0,0,0,0,0,0,0,0,0,0,0,0,0,0,0,0,0,0,0,0,0,0,0,0,0,0,0,0,0,0,0,0,44,29,0,0,0,0,0,0,0,0,0,0,0,0,0,0,0,0,0,0,0,0,0,0,0,0,0,0,0,0,0,0,0,0,0,0,0,0,0,0,0,1,0.0,,,,3347.0,3383.0,3673.0,4338.0,4909.0,4200.0,3178.0,4419.0,4518.0,2840.0,3186.0,623.0,877.0,869.0,,,3673.0,3178.0,4419.0,4518.0,623.0,877.0,869.0,,3467.6666666666665,145.9345363129951,3673.0,3347.0,3956.4285714285716,521.7125254234112,4909.0,3347.0,3861.5,461.290232469135,4909.0,3178.0,4121.214285714285,1076.4405748690867,6235.0,2202.0,3527.082191780822,3758.109430466155,3898.3938293426936,3814.382005587331,3947.0,3057.75,,,,,299.0,12.284280936454849,10.62876254180602,0.9600152520928299,-164.78571428571377,-0.4163855359770285,0.9577274381683624,1644.0,0.0,0.0,0.0,0.0,3541.0,8,0.8229838658936564,0.5680647467311559,2
2023-02-28,14,1,28,4,2,1,2023,59,0,0,0,0,0,1,0.7818314824680298,0.6234898018587336,0.8660254037844386,0.5000000000000001,0.8498170915275278,0.5270777086423722,0,0,0,0,0,0,0,0,0,0,0,0,0,0,0,0,0,0,0,0,0,0,0,0,0,0,0,0,0,0,0,0,0,0,0,0,0,0,0,0,0,0,0,36,37,0,0,0,0,0,0,0,0,0,0,0,0,0,0,0,0,0,0,0,0,0,0,0,0,0,0,0,0,0,0,0,0,0,0,0,0,0,0,0,1,0.0,,,,,,,,,,,3429.0,4104.0,5681.0,2470.0,1856.0,900.0,695.0,,,3673.0,3673.0,3429.0,4104.0,1856.0,900.0,695.0,,4306.666666666667,505.0810716002817,4909.0,3673.0,4030.714285714286,457.15852651716665,4909.0,3429.0,3937.0,422.25872231539347,4909.0,3178.0,4057.6785714285716,1143.3611807039874,6235.0,2202.0,4031.311154598826,4070.747512629672,4074.436512348381,3882.56652200945,3766.5,3495.3333333333335,,,,,299.0,12.284280936454849,12.284280936454849,0.9933547506931303,-26.96428571428578,-0.3364453664516739,0.9282401091405184,2359.0,0.0,0.0,0.0,0.0,3446.0,9,0.8854560256532099,0.4647231720437686,2
2023-03-08,24,2,8,2,3,1,2023,67,0,0,0,0,0,0,0.9749279121818236,-0.22252093395631434,1.0,6.123233995736766e-17,0.9141279881853337,0.40542572835999735,0,0,0,0,0,0,0,0,0,0,0,0,0,0,0,0,0,0,0,0,0,0,0,0,0,0,0,0,0,0,0,0,0,0,0,0,0,0,0,0,0,0,0,28,45,0,0,0,0,0,0,0,0,0,0,0,0,0,0,0,0,0,0,0,0,0,0,0,0,0,0,0,0,0,0,0,0,0,0,0,0,0,0,0,1,0.0,,,,,,,,,,,,3821.0,3683.0,6235.0,3262.0,529.0,723.0,,,4909.0,4909.0,4909.0,3821.0,3262.0,529.0,723.0,,4318.0,442.3173822795874,4909.0,3845.0,3870.5714285714284,519.5813856620833,4909.0,3178.0,4023.214285714286,473.365183488156,4909.0,3178.0,3987.8571428571427,1171.564878829219,6235.0,2202.0,4443.51663405088,4158.458830189212,4103.75349109055,3864.3752647524693,3821.0,3896.4,,,,,299.0,16.418060200668897,16.418060200668897,0.970589288912771,-117.28571428571422,0.7862499753862405,0.9581586960415548,3839.0,0.0,0.0,0.0,0.0,3791.0,10,0.9350162426854148,0.35460488704253557,2
2023-03-17,5,4,17,3,3,1,2023,76,0,1,0,0,0,0,-0.433883739117558,-0.9009688679024191,1.0,6.123233995736766e-17,0.9657399376548549,0.2595117970697999,0,0,0,0,0,0,0,0,0,0,0,0,0,0,0,0,0,0,0,0,0,0,0,0,0,0,0,0,0,0,0,0,0,0,0,0,0,0,0,0,0,0,0,19,54,0,0,0,0,0,0,0,0,0,0,0,0,0,0,0,0,0,0,0,0,0,0,0,0,0,0,0,0,0,0,0,0,0,0,0,0,0,0,0,1,0.0,,,,,4261.0,4058.0,3722.0,3791.0,3654.0,4408.0,4216.0,4528.0,4200.0,4125.0,2267.0,1119.0,661.0,,,4058.0,4408.0,4216.0,4528.0,2267.0,1119.0,661.0,,4013.6666666666665,222.26760647671736,4261.0,3722.0,3848.714285714286,252.03498299454625,4261.0,3459.0,3842.5714285714284,430.39395811706447,4826.0,3103.0,3927.3571428571427,444.9969674283277,4885.0,3103.0,4082.074363992172,3967.5978786140886,3933.7040064509374,3923.015799066014,4302.5,4241.25,,,,,299.0,13.57190635451505,14.74247491638796,0.9799756288307295,-78.64285714285688,0.29358145494305865,1.0955204335885638,3204.0,0.0,0.0,0.0,0.0,4112.0,11,0.970941817426052,0.23931566428755804,2
2023-03-25,15,5,25,4,3,1,2023,84,1,0,1,0,0,0,-0.9749279121818236,-0.2225209339563146,1.0,6.123233995736766e-17,0.9922222094179323,0.12447926388678915,0,0,0,0,0,0,0,0,0,0,0,0,0,0,0,0,0,0,0,0,0,0,0,0,0,0,0,0,0,0,0,0,0,0,0,0,0,0,0,0,0,0,0,11,62,0,0,0,0,0,0,0,0,0,0,0,0,0,0,0,0,0,0,0,0,0,0,0,0,0,0,0,0,0,0,0,0,0,0,0,2,1,1,0,0,0.5,,,,,,,,,,,4826.0,4467.0,4885.0,4909.0,5559.0,823.0,837.0,,,3722.0,3722.0,4826.0,4467.0,5559.0,823.0,837.0,,3722.3333333333335,55.930512443765636,3791.0,3654.0,3979.4285714285716,443.87187892223943,4826.0,3459.0,3868.5714285714284,454.4816064619611,4826.0,3103.0,3955.5714285714284,479.28171171417904,4909.0,3103.0,3744.6438356164385,3808.097585716978,3857.8316499714238,3884.948873329928,4646.5,4834.333333333333,,,,,299.0,12.448160535117056,12.448160535117056,1.0060312759579617,23.857142857143117,-0.4873364095951973,1.174672252519051,3116.0,0.0,0.0,0.0,0.0,4158.0,12,0.992708874098054,0.120536680255323,2
2023-04-02,25,6,2,1,4,2,2023,92,1,0,0,1,1,0,-0.7818314824680299,0.6234898018587334,0.8660254037844387,-0.4999999999999998,0.9999166586547379,-0.01291029607500882,0,0,0,0,0,0,0,0,0,0,0,0,0,0,0,0,0,0,0,0,0,0,0,0,0,0,0,0,0,0,0,0,0,0,0,0,0,0,0,0,0,0,0,3,70,0,0,0,0,0,0,0,0,0,0,0,0,0,0,0,0,0,0,0,0,0,0,0,0,0,0,0,0,0,0,0,0,0,0,0,2,2,0,1,0,1.0,,,,,,,,,,,,3996.0,3933.0,4295.0,3712.0,2551.0,2070.0,,,3654.0,3654.0,3654.0,3996.0,3712.0,2551.0,2070.0,,3703.0,221.9504449195811,3996.0,3459.0,3926.0,477.122625747302,4826.0,3459.0,3896.3571428571427,453.18091738019046,4826.0,3103.0,3961.035714285714,477.3351235275498,4909.0,3103.0,3741.1487279843445,3851.8388009520036,3894.1798744594116,3903.8160003669072,3996.0,4054.8,,,,,299.0,12.220735785953178,12.220735785953178,0.9911549107827138,-35.03571428571422,-0.643228832642133,1.00882705641562,3071.0,0.0,0.0,0.0,0.0,3676.0,13,1.0,-1.6081226496766366e-16,2
2023-04-11,7,1,11,2,4,2,2023,101,0,0,0,0,0,0,0.7818314824680298,0.6234898018587336,0.8660254037844387,-0.4999999999999998,0.9859481499638304,-0.16705162550211924,0,0,0,0,0,0,0,0,0,0,0,0,0,0,0,0,0,0,0,0,0,0,0,0,0,0,0,0,0,0,0,0,0,0,0,0,0,0,0,0,0,0,0,20,2,0,0,0,0,0,0,0,0,0,0,0,0,0,0,0,0,0,0,0,0,0,0,0,0,0,0,0,0,0,0,0,0,0,0,0,0,0,0,0,1,0.0,,,,,,,3224.0,3676.0,3897.0,3398.0,3933.0,3483.0,3654.0,3446.0,3383.0,3432.0,663.0,,,3224.0,3398.0,3933.0,3483.0,3383.0,3432.0,663.0,,3599.0,280.09403182978866,3897.0,3224.0,3662.0,240.40798655618744,3925.0,3224.0,3796.285714285714,267.1255532974893,4158.0,3224.0,3831.5714285714284,355.85083437661154,4810.0,3224.0,3494.0900195694717,3643.5999282428925,3738.916359647908,3813.030431282655,3604.6666666666665,3578.285714285714,,,,,299.0,10.782608695652174,11.364548494983278,0.9557436337198464,-169.57142857142844,-1.7073767148411705,0.9407802343934479,2714.0,0.0,0.0,0.0,0.0,4003.0,15,0.9709418174260521,-0.2393156642875575,2
2023-04-19,16,2,19,3,4,2,2023,109,0,0,0,0,0,0,0.9749279121818236,-0.22252093395631434,0.8660254037844387,-0.4999999999999998,0.9536809966304457,-0.30081980763566735,0,0,0,0,0,0,0,0,0,0,0,0,0,0,0,0,0,0,0,0,0,0,0,0,0,0,0,0,0,0,0,0,0,0,0,0,0,0,0,0,0,0,0,12,10,0,0,0,0,0,0,0,0,0,0,0,0,0,0,0,0,0,0,0,0,0,0,0,0,0,0,0,0,0,0,0,0,0,0,0,0,0,0,0,1,0.0,,,,,,,,,,,3743.0,4096.0,3269.0,3791.0,3887.0,2481.0,671.0,,,3676.0,3676.0,3743.0,4096.0,3887.0,2481.0,671.0,,3832.6666666666665,111.36825799521554,3925.0,3676.0,3702.8571428571427,178.94406833375822,3925.0,3398.0,3833.714285714286,216.16674402990347,4158.0,3398.0,3839.964285714286,343.99589720797303,4810.0,3269.0,3766.0078277886496,3783.5682917060294,3818.2542112496353,3856.6553383936016,3919.5,3725.1666666666665,,,,,299.0,12.294314381270903,12.294314381270903,0.9642946828002492,-137.10714285714312,-0.47664605027296664,1.0207126182349167,3002.0,0.0,0.0,0.0,0.0,4296.0,16,0.9350162426854148,-0.35460488704253545,2
2023-04-27,26,3,27,4,4,2,2023,117,0,0,0,0,0,0,0.43388373911755823,-0.900968867902419,0.8660254037844387,-0.4999999999999998,0.9033558023246845,-0.4288919379124835,0,0,0,0,0,0,0,0,0,0,0,0,0,0,0,0,0,0,0,0,0,0,0,0,0,0,0,0,0,0,0,0,0,0,0,0,0,0,0,0,0,0,0,4,18,0,0,0,0,0,0,0,0,0,0,0,0,0,0,0,0,0,0,0,0,0,0,0,0,0,0,0,0,0,0,0,0,0,0,0,0,0,0,0,1,0.0,,,,,,,,,,,,3771.0,4001.0,3436.0,3574.0,6080.0,641.0,,,3925.0,3925.0,3925.0,3771.0,3574.0,6080.0,641.0,,3813.0,80.01666493091716,3925.0,3743.0,3744.714285714286,233.1925717303278,4158.0,3398.0,3952.0,351.0317445962483,4810.0,3398.0,3884.5714285714284,388.40750218694546,4826.0,3269.0,3816.925636007828,3794.220679027903,3832.0358110860598,3867.75887132339,3771.0,3700.8,,,,,299.0,13.127090301003344,13.127090301003344,0.9639967637540453,-139.85714285714266,0.10408802919855233,0.9707634598411298,3322.0,0.0,0.0,0.0,0.0,4727.0,17,0.8854560256532099,-0.4647231720437685,2
2023-05-06,8,5,6,1,5,2,2023,126,1,0,1,0,0,0,-0.9749279121818236,-0.2225209339563146,0.49999999999999994,-0.8660254037844387,0.8263541987239096,-0.5631507242749186,0,0,0,0,0,0,0,0,0,0,0,0,0,0,0,0,0,0,0,0,0,0,0,0,0,0,0,0,0,0,0,0,0,0,0,0,0,0,0,0,0,0,0,47,5,0,0,0,0,0,0,0,0,0,0,0,0,0,0,0,0,0,0,0,0,0,0,0,0,0,0,0,0,0,0,0,0,0,0,0,0,0,0,0,1,0.0,,,,,,,,4727.0,4921.0,5075.0,5110.0,4705.0,3897.0,4158.0,4261.0,4360.0,470.0,,,4727.0,5075.0,5110.0,4705.0,4261.0,4360.0,470.0,,4896.666666666667,129.74419276235662,5042.0,4727.0,4909.571428571428,132.0561105232568,5075.0,4727.0,4734.357142857143,326.95535019388836,5110.0,4081.0,4288.321428571428,613.969930253186,5110.0,3017.0,4826.614481409002,4811.782008065109,4673.959800909734,4440.685172092284,4963.333333333333,4573.714285714285,,,,,299.0,15.809364548494983,16.97324414715719,1.1448702039592582,621.25,0.7144952054047197,1.157407021839492,3982.0,0.0,0.0,0.0,0.0,3799.0,18,0.8229838658936565,-0.5680647467311557,2
2023-05-14,18,6,14,2,5,2,2023,134,1,0,0,1,0,0,-0.7818314824680299,0.6234898018587334,0.49999999999999994,-0.8660254037844387,0.7412220108485958,-0.6712599575675313,0,0,0,0,0,0,0,0,0,0,0,0,0,0,0,0,0,0,0,0,0,0,0,0,0,0,0,0,0,0,0,0,0,0,0,0,0,0,0,0,0,0,0,39,13,0,0,0,0,0,0,0,0,0,0,0,0,0,0,0,0,0,0,0,0,0,0,0,0,0,0,0,0,0,0,0,0,0,0,0,2,2,0,1,0,1.0,,,,,,,,,,,4795.0,4813.0,4433.0,3676.0,4419.0,4338.0,932.0,,,5042.0,5042.0,4795.0,4813.0,4419.0,4338.0,932.0,,4872.333333333333,120.12863475828271,5042.0,4780.0,4789.857142857143,272.8774861526315,5075.0,4296.0,4635.214285714285,383.7588860900308,5110.0,4070.0,4212.107142857143,608.4080127258184,5110.0,3017.0,4927.665362035225,4810.115744101162,4625.349435801373,4381.905060536799,4804.0,4307.333333333333,,,,,299.0,16.862876254180602,16.862876254180602,1.1371641272183077,577.75,1.3640399859704866,1.1405217951652973,4382.0,0.0,0.0,0.0,0.0,4160.0,19,0.7485107481711013,-0.663122658240795,2
2023-05-22,27,0,22,4,5,2,2023,142,0,0,0,0,0,0,0.0,1.0,0.49999999999999994,-0.8660254037844387,0.6420547132365637,-0.766658819300159,0,0,0,0,0,0,0,0,0,0,0,0,0,0,0,0,0,0,0,0,0,0,0,0,0,0,0,0,0,0,0,0,0,0,0,0,0,0,0,0,0,0,0,31,21,0,0,0,0,0,0,0,0,0,0,0,0,0,0,0,0,0,0,0,0,0,0,0,0,0,0,0,0,0,0,0,0,0,0,0,0,0,0,0,1,0.0,,,,,,,,,,,,4780.0,4081.0,3880.0,3510.0,3541.0,877.0,,,4780.0,4780.0,4780.0,4780.0,3510.0,3541.0,877.0,,4883.333333333333,135.66707616645814,5075.0,4780.0,4666.428571428572,321.91074945121807,5075.0,4178.0,4561.0,398.1119727628684,5110.0,4003.0,4153.392857142857,604.8025261713656,5110.0,3017.0,4812.882583170254,4731.211738627847,4560.659436594393,4332.836925065443,4780.0,3895.0,,,,,299.0,15.986622073578594,15.986622073578594,1.123522077475386,513.0357142857147,1.0360524563675506,1.1508663313126102,3782.0,0.0,0.0,0.0,0.0,4276.0,21,0.5680647467311558,-0.8229838658936564,2
2023-05-31,9,2,31,5,5,2,2023,151,0,0,0,0,0,1,0.9749279121818236,-0.22252093395631434,0.49999999999999994,-0.8660254037844387,0.5160623910158528,-0.8565509959010036,0,0,0,0,0,0,0,0,0,0,0,0,0,0,0,0,0,0,0,0,0,0,0,0,0,0,0,0,0,0,0,0,0,0,0,0,0,0,0,0,0,0,0,22,30,0,0,0,0,0,0,0,0,0,0,0,0,0,0,0,0,0,0,0,0,0,0,0,0,0,0,0,0,0,0,0,0,0,0,0,0,0,0,0,1,0.0,,,,,,,,,4856.0,4622.0,4288.0,4638.0,4921.0,4296.0,3096.0,3565.0,678.0,,,4856.0,4622.0,4288.0,4638.0,3096.0,3565.0,678.0,,4965.0,147.13485877475352,5173.0,4856.0,4613.714285714285,403.85843144976093,5173.0,3865.0,4500.071428571428,415.69382006570214,5173.0,3754.0,4723.428571428572,732.8135812728631,6558.0,3730.0,4859.829745596869,4730.1093159011825,4635.865766618004,4590.3839446670745,4516.0,4293.0,,,,,299.0,16.240802675585286,15.45819397993311,0.9767723203484151,-109.71428571428623,0.18090743943522178,0.9560851681587225,4304.0,0.0,0.0,0.0,0.0,3906.0,22,0.46472317204376906,-0.8854560256532096,2
2023-06-08,19,3,8,2,6,2,2023,159,0,0,0,0,0,0,0.43388373911755823,-0.900968867902419,1.2246467991473532e-16,-1.0,0.39359027665646673,-0.9192859697186104,0,0,0,0,0,0,0,0,0,0,0,0,0,0,0,0,0,0,0,0,0,0,0,0,0,0,0,0,0,0,0,0,0,0,0,0,0,0,0,0,0,0,0,14,38,0,0,0,0,0,0,0,0,0,0,0,0,0,0,0,0,0,0,0,0,0,0,0,0,0,0,0,0,0,0,0,0,0,0,0,0,0,0,0,1,0.0,,,,,,,,,,,4677.0,4543.0,4095.0,4727.0,4070.0,3722.0,624.0,,,5173.0,5173.0,4677.0,4543.0,4070.0,3722.0,624.0,,4824.0,247.79965025533565,5173.0,4622.0,4537.0,439.67163071676896,5173.0,3865.0,4343.428571428572,455.09994417014974,5173.0,3730.0,4728.714285714285,735.0044148138963,6558.0,3730.0,4860.3737769080235,4631.413825148983,4561.137811880002,4548.579982401361,4610.0,4437.666666666667,,,,,299.0,17.301003344481604,17.301003344481604,0.9594574182048882,-191.71428571428532,0.6044667288130618,0.9748950182773936,4468.0,0.0,0.0,0.0,0.0,5211.0,23,0.35460488704253584,-0.9350162426854147,2
2023-06-17,1,5,17,3,6,2,2023,168,1,0,1,0,0,0,-0.9749279121818236,-0.2225209339563146,1.2246467991473532e-16,-1.0,0.24702218048093552,-0.9690098257244062,0,0,0,0,0,0,0,0,0,0,0,0,0,0,0,0,0,0,0,0,0,0,0,0,0,0,0,0,0,0,0,0,0,0,0,0,0,0,0,0,0,0,0,5,47,0,0,0,0,0,0,0,0,0,0,0,0,0,0,0,0,0,0,0,0,0,0,0,0,0,0,0,0,0,0,0,0,0,0,0,2,1,1,0,0,0.5,5362.0,5443.0,5423.0,5216.0,5853.0,5966.0,5581.0,5211.0,4906.0,5296.0,5737.0,4866.0,5025.0,3799.0,5075.0,4810.0,1025.0,,,5966.0,5296.0,5737.0,4866.0,5075.0,4810.0,1025.0,,5409.333333333333,34.451253807211266,5443.0,5362.0,5549.142857142857,250.79839858877463,5966.0,5216.0,5188.642857142857,488.1236095122478,5966.0,4232.0,4959.107142857143,577.6568642421922,5966.0,3906.0,5405.847358121331,5383.231712966257,5226.42445273773,5024.6727579597455,5466.25,5196.625,,,,,299.0,19.953177257525084,17.712374581939798,1.118980231176407,590.0357142857138,1.7430639527910126,1.1022649526484463,5187.0,0.0,0.0,0.0,0.0,5977.0,24,0.23931566428755768,-0.970941817426052,2
2023-06-25,11,6,25,4,6,2,2023,176,1,0,0,1,0,0,-0.7818314824680299,0.6234898018587334,1.2246467991473532e-16,-1.0,0.11165900712169512,-0.993746580436178,0,0,0,0,0,0,0,0,0,0,0,0,0,0,0,0,0,0,0,0,0,0,0,0,0,0,0,0,0,0,0,0,0,0,0,0,0,0,0,0,0,0,0,96,3,0,0,0,0,0,0,0,0,0,0,0,0,0,0,0,0,0,0,0,0,0,0,0,0,0,0,0,0,0,0,0,0,0,0,0,0,0,0,0,1,0.0,,,,,,,,,,5853.0,5173.0,4987.0,4856.0,4160.0,6558.0,3708.0,612.0,,,5423.0,5853.0,5173.0,4987.0,6558.0,3708.0,612.0,,5497.333333333333,265.31281327687304,5853.0,5216.0,5450.857142857143,349.35918012082334,5966.0,4906.0,4990.928571428572,624.3546913511941,5966.0,3906.0,4905.321428571428,568.801939767854,5966.0,3906.0,5450.681017612525,5371.785543140672,5168.180688071014,4966.331757692945,5337.666666666667,5045.285714285715,,,,,299.0,18.137123745819398,19.5752508361204,1.1112130412307335,545.5357142857147,0.9101209669570615,1.0881380036743382,5203.0,0.0,0.0,0.0,0.0,4398.0,25,0.12053668025532308,-0.992708874098054,2
2023-07-03,20,0,3,1,7,3,2023,184,0,0,0,0,1,0,0.0,1.0,-0.4999999999999997,-0.8660254037844388,-0.02581844022713239,-0.9996666485105112,0,0,0,0,0,0,0,0,0,0,0,0,0,0,0,0,0,0,0,0,0,0,0,0,0,0,0,0,0,0,0,0,0,0,0,0,0,0,0,0,0,0,0,88,11,0,0,0,0,0,0,0,0,0,0,0,0,0,0,0,0,0,0,0,0,0,0,0,0,0,0,0,0,0,0,0,0,0,0,0,0,0,0,0,1,0.0,,,,,,,,,,,5216.0,4232.0,4167.0,4276.0,3754.0,3224.0,2025.0,,,5216.0,5216.0,5216.0,4232.0,3754.0,3224.0,2025.0,,5678.333333333333,330.1578746936414,5966.0,5216.0,5320.285714285715,481.26907065315027,5966.0,4509.0,4900.357142857143,646.6788347442047,5966.0,3906.0,4862.964285714285,572.8196227025234,5966.0,3906.0,5477.872798434442,5353.9718141749345,5129.133992710066,4932.2309208857005,4724.0,4251.666666666667,,,,,299.0,17.444816053511705,17.444816053511705,1.094041700021298,457.32142857142935,0.6163121867580523,0.9714239551126225,5114.0,0.0,0.0,0.0,0.0,4953.0,27,-0.12053668025532283,-0.992708874098054,2
2023-07-12,2,2,12,2,7,3,2023,193,0,0,0,0,0,0,0.9749279121818236,-0.22252093395631434,-0.4999999999999997,-0.8660254037844388,-0.17976658572556214,-0.9837092937736098,0,0,0,0,0,0,0,0,0,0,0,0,0,0,0,0,0,0,0,0,0,0,0,0,0,0,0,0,0,0,0,0,0,0,0,0,0,0,0,0,0,0,0,79,20,0,0,0,0,0,0,0,0,0,0,0,0,0,0,0,0,0,0,0,0,0,0,0,0,0,0,0,0,0,0,0,0,0,0,0,0,0,0,0,1,0.0,,5410.0,5746.0,5487.0,5352.0,4766.0,4888.0,4953.0,5546.0,4289.0,4609.0,5443.0,4906.0,3906.0,4622.0,4190.0,3262.0,,,4766.0,4289.0,4609.0,5443.0,4622.0,4190.0,3262.0,,5547.666666666667,143.7227268813886,5746.0,5410.0,5228.857142857143,335.637742033805,5746.0,4766.0,4993.642857142857,563.8789899491934,5828.0,4025.0,4986.5,526.8492939839898,5977.0,4025.0,5469.61252446184,5327.520522688742,5162.864091859228,5038.771066829825,4776.75,4640.875,,,,,299.0,15.939799331103679,14.34448160535117,1.048602655741932,242.35714285714312,-0.41852575777903706,0.9579364283565627,4766.0,0.0,0.0,0.0,0.0,4754.0,28,-0.23931566428755743,-0.9709418174260521,2
2023-07-20,12,3,20,3,7,3,2023,201,0,0,0,0,0,0,0.43388373911755823,-0.900968867902419,-0.4999999999999997,-0.8660254037844388,-0.3131070409358267,-0.9497178427914317,0,0,0,0,0,0,0,0,0,0,0,0,0,0,0,0,0,0,0,0,0,0,0,0,0,0,0,0,0,0,0,0,0,0,0,0,0,0,0,0,0,0,0,71,28,0,0,0,0,0,0,0,0,0,0,0,0,0,0,0,0,0,0,0,0,0,0,0,0,0,0,0,0,0,0,0,0,0,0,0,0,0,0,0,1,0.0,,,,,,,,,,5352.0,4489.0,4601.0,5362.0,5211.0,5099.0,4514.0,2423.0,,,5487.0,5352.0,4489.0,4601.0,5099.0,4514.0,2423.0,,5201.666666666667,312.9540257325702,5487.0,4766.0,5260.0,366.66099562714015,5828.0,4766.0,4877.785714285715,527.7427915960886,5828.0,4025.0,5010.178571428572,557.7478983485682,5977.0,4025.0,5307.982387475538,5151.270481477081,5029.092505969319,4956.613883280999,4814.0,4892.142857142857,,,,,299.0,18.351170568561873,17.899665551839465,1.0498627793420536,249.82142857142844,0.8549049310329014,0.9608439961506932,5487.0,0.0,0.0,0.0,0.0,5298.0,29,-0.3546048870425356,-0.9350162426854148,2
2023-07-28,22,4,28,4,7,3,2023,209,0,1,0,0,0,1,-0.433883739117558,-0.9009688679024191,-0.4999999999999997,-0.8660254037844388,-0.4405187843504952,-0.8977433935342336,0,0,0,0,0,0,0,0,0,0,0,0,0,0,0,0,0,0,0,0,0,0,0,0,0,0,0,0,0,0,0,0,0,0,0,0,0,0,0,0,0,0,0,63,36,0,0,0,0,0,0,0,0,0,0,0,0,0,0,0,0,0,0,0,0,0,0,0,0,0,0,0,0,0,0,0,0,0,0,0,0,0,0,0,1,0.0,,,,,,,,,,,,4897.0,5161.0,4235.0,4470.0,5264.0,6128.0,,,4766.0,4766.0,4766.0,4897.0,4470.0,5264.0,6128.0,,4869.0,77.51558982983144,4953.0,4766.0,5052.428571428572,431.8891581157823,5828.0,4489.0,4800.857142857143,491.1445607882029,5828.0,4025.0,5008.5,558.4482006929047,5977.0,4025.0,4898.643835616438,4933.8288618920915,4898.163888016118,4884.781162775552,4897.0,4868.8,,,,,299.0,15.939799331103679,15.939799331103679,1.008770803919052,43.92857142857156,-0.4342390210929388,0.977737845662374,4700.0,0.0,0.0,0.0,0.0,5699.0,30,-0.46472317204376806,-0.8854560256532101,2
2023-08-06,3,6,6,1,8,3,2023,218,1,0,0,1,0,0,-0.7818314824680299,0.6234898018587334,-0.8660254037844385,-0.5000000000000004,-0.5737722679043243,-0.8190148866680802,0,0,0,0,0,0,0,0,0,0,0,0,0,0,0,0,0,0,0,0,0,0,0,0,0,0,0,0,0,0,0,0,0,0,0,0,0,0,0,0,0,0,0,54,45,0,0,0,0,0,0,0,0,0,0,0,0,0,0,0,0,0,0,0,0,0,0,0,0,0,0,0,0,0,0,0,0,0,0,0,2,2,0,1,0,1.0,,,5219.0,4891.0,5154.0,5728.0,6346.0,5699.0,5813.0,5880.0,5483.0,5410.0,5546.0,4398.0,5853.0,3730.0,3712.0,,,5728.0,5880.0,5483.0,5410.0,5853.0,3730.0,3712.0,,5088.0,141.80503047024342,5219.0,4891.0,5550.0,456.2781106800043,6346.0,4891.0,5624.142857142857,426.5773848976554,6401.0,4891.0,5453.821428571428,486.12491439748203,6401.0,4598.0,5209.982387475538,5395.08290232847,5473.07674263694,5411.122373047713,5625.25,5430.125,,,,,299.0,19.157190635451506,19.665551839464882,1.0176350789420263,96.17857142857156,0.5640084745880527,1.031432743751105,5477.0,0.0,0.0,0.0,0.0,6317.0,31,-0.5680647467311556,-0.8229838658936566,2
2023-08-14,13,0,14,2,8,3,2023,226,0,0,0,0,0,0,0.0,1.0,-0.8660254037844385,-0.5000000000000004,-0.6807734094770159,-0.7324940716135792,0,0,0,0,0,0,0,0,0,0,0,0,0,0,0,0,0,0,0,0,0,0,0,0,0,0,0,0,0,0,0,0,0,0,0,0,0,0,0,0,0,0,0,46,53,0,0,0,0,0,0,0,0,0,0,0,0,0,0,0,0,0,0,0,0,0,0,0,0,0,0,0,0,0,0,0,0,0,0,0,0,0,0,0,1,0.0,,,,,,,,,,5154.0,5225.0,5231.0,4598.0,4953.0,4498.0,3865.0,3673.0,,,5154.0,5154.0,5225.0,5231.0,4498.0,3865.0,3673.0,,5742.666666666667,486.7424598514313,6346.0,5154.0,5696.142857142857,331.2614110471964,6346.0,5154.0,5600.857142857143,462.23013086291877,6401.0,4691.0,5437.535714285715,501.0989695618206,6401.0,4598.0,5512.8884540117415,5640.724313350507,5607.31851608888,5464.617429243609,5203.333333333333,4842.0,,,,,299.0,17.237458193979933,17.237458193979933,1.0475596219400856,258.6071428571422,-0.5658277735706556,0.9569285806551899,4619.0,0.0,0.0,0.0,0.0,4771.0,33,-0.7485107481711011,-0.6631226582407952,2
2023-08-22,23,1,22,4,8,3,2023,234,0,0,0,0,0,0,0.7818314824680298,0.6234898018587336,-0.8660254037844385,-0.5000000000000004,-0.7748840413670406,-0.6321034111873488,0,0,0,0,0,0,0,0,0,0,0,0,0,0,0,0,0,0,0,0,0,0,0,0,0,0,0,0,0,0,0,0,0,0,0,0,0,0,0,0,0,0,0,38,61,0,0,0,0,0,0,0,0,0,0,0,0,0,0,0,0,0,0,0,0,0,0,0,0,0,0,0,0,0,0,0,0,0,0,0,0,0,0,0,1,0.0,,,,,,,,,,,,5609.0,4691.0,4699.0,4025.0,4489.0,3751.0,,,6346.0,6346.0,6346.0,5609.0,4025.0,4489.0,3751.0,,5952.666666666667,281.995665845338,6346.0,5699.0,5728.0,321.13192660605125,6346.0,5225.0,5588.857142857143,457.01013698398685,6401.0,4691.0,5423.857142857143,503.81910828942466,6401.0,4598.0,6020.87084148728,5827.112489965451,5668.71510411321,5469.1777532265305,5609.0,4782.4,,,,,299.0,21.224080267558527,21.224080267558527,1.0560750125108647,304.1428571428569,1.83030544489218,1.0341349066294414,5477.0,0.0,0.0,0.0,0.0,5641.0,34,-0.8229838658936564,-0.5680647467311559,2
2023-08-31,5,3,31,5,8,3,2023,243,0,0,0,0,0,1,0.43388373911755823,-0.900968867902419,-0.8660254037844385,-0.5000000000000004,-0.8631421280499115,-0.5049610547215202,0,0,0,0,0,0,0,0,0,0,0,0,0,0,0,0,0,0,0,0,0,0,0,0,0,0,0,0,0,0,0,0,0,0,0,0,0,0,0,0,0,0,0,29,70,0,0,0,0,0,0,0,0,0,0,0,0,0,0,0,0,0,0,0,0,0,0,0,0,0,0,0,0,0,0,0,0,0,0,0,0,0,0,0,1,0.0,,,,,5565.0,4984.0,5343.0,5641.0,5300.0,4991.0,5538.0,5239.0,5813.0,5298.0,5352.0,4131.0,3574.0,,,4984.0,4991.0,5538.0,5239.0,5352.0,4131.0,3574.0,,5297.333333333333,239.38021824889557,5565.0,4984.0,5619.571428571428,457.7491069330001,6453.0,4984.0,5443.071428571428,510.97560247680184,6453.0,4644.0,5558.321428571428,515.2279005846019,6693.0,4644.0,5403.434442270059,5454.872572861642,5493.270706848197,5505.071332177612,5188.0,5303.5,,,,,299.0,16.668896321070235,16.692307692307693,1.0110195138563158,61.25,-1.1146939595463992,0.9333753124337384,4382.0,0.0,0.0,0.0,0.0,4160.0,35,-0.8854560256532096,-0.4647231720437691,2
2023-09-08,14,4,8,2,9,3,2023,251,0,1,0,0,0,0,-0.433883739117558,-0.9009688679024191,-1.0,-1.8369701987210297e-16,-0.9242907221930934,-0.3816892202666586,0,0,0,0,0,0,0,0,0,0,0,0,0,0,0,0,0,0,0,0,0,0,0,0,0,0,0,0,0,0,0,0,0,0,0,0,0,0,0,0,0,0,0,21,78,0,0,0,0,0,0,0,0,0,0,0,0,0,0,0,0,0,0,0,0,0,0,0,0,0,0,0,0,0,0,0,0,0,0,0,0,0,0,0,1,0.0,,,,,,,,,,,6044.0,5594.0,5965.0,5699.0,5881.0,5581.0,4058.0,,,4984.0,4984.0,6044.0,5594.0,5881.0,5581.0,4058.0,,5322.666666666667,268.60421110292043,5641.0,4984.0,5688.0,479.75053040989064,6453.0,4984.0,5445.142857142857,511.5241730278606,6453.0,4644.0,5563.107142857143,515.8896157738254,6693.0,4644.0,5241.080234833659,5418.481307718146,5482.355002704584,5500.431132832234,5819.0,5855.666666666667,,,,,299.0,16.668896321070235,16.668896321070235,1.022450198052219,124.89285714285688,-1.1225408016567509,1.045998189603703,4403.0,0.0,0.0,0.0,0.0,5734.0,36,-0.9350162426854147,-0.3546048870425359,2
2023-09-16,24,5,16,3,9,3,2023,259,1,0,1,0,0,0,-0.9749279121818236,-0.2225209339563146,-1.0,-1.8369701987210297e-16,-0.9679377830240642,-0.25119006388481957,0,0,0,0,0,0,0,0,0,0,0,0,0,0,0,0,0,0,0,0,0,0,0,0,0,0,0,0,0,0,0,0,0,0,0,0,0,0,0,0,0,0,0,13,86,0,0,0,0,0,0,0,0,0,0,0,0,0,0,0,0,0,0,0,0,0,0,0,0,0,0,0,0,0,0,0,0,0,0,0,2,1,1,0,0,0.5,,,,,,,,,,,,6453.0,5917.0,6693.0,6401.0,5977.0,4810.0,,,5641.0,5641.0,5641.0,6453.0,6401.0,5977.0,4810.0,,5664.0,307.0255146834977,6051.0,5300.0,5663.142857142857,500.66282596785874,6453.0,4991.0,5513.857142857143,498.2956461985276,6453.0,4644.0,5599.178571428572,503.4066130994357,6693.0,4644.0,5650.87084148728,5636.916200761901,5592.13672905678,5552.7484596972745,6453.0,6362.0,,,,,299.0,18.86622073578595,18.86622073578595,1.0114238695727051,63.964285714285325,0.08307683586820032,1.1524904801086895,4980.0,0.0,0.0,0.0,0.0,6359.0,37,-0.970941817426052,-0.23931566428755774,2
2023-09-25,6,0,25,4,9,3,2023,268,0,0,0,0,0,0,0.0,1.0,-1.0,-1.8369701987210297e-16,-0.9951053111006974,-0.09882013873287211,0,0,0,0,0,0,0,0,0,0,0,0,0,0,0,0,0,0,0,0,0,0,0,0,0,0,0,0,0,0,0,0,0,0,0,0,0,0,0,0,0,0,0,4,95,0,0,0,0,0,0,0,0,0,0,0,0,0,0,0,0,0,0,0,0,0,0,0,0,0,0,0,0,0,0,0,0,0,0,0,0,0,0,0,1,0.0,,,,,,5180.0,5443.0,6359.0,5887.0,5123.0,4417.0,4891.0,5300.0,4771.0,5154.0,4235.0,3510.0,,,5180.0,5123.0,4417.0,4891.0,5154.0,4235.0,3510.0,,5660.666666666667,505.33443271648224,6359.0,5180.0,5631.714285714285,370.29475297610236,6359.0,5180.0,5505.142857142857,504.5233758060115,6359.0,4257.0,5153.928571428572,863.8724247980895,6447.0,2199.0,5452.835616438356,5545.774566266948,5440.905735001807,5333.581842930416,4902.75,5059.75,,,,,299.0,17.32441471571906,17.13377926421405,1.092703208370868,477.78571428571377,0.030179720781713857,0.9512646386251818,4429.0,0.0,0.0,0.0,0.0,4069.0,39,-1.0,-1.8369701987210297e-16,2
2023-10-03,16,1,3,1,10,4,2023,276,0,0,0,0,1,0,0.7818314824680298,0.6234898018587336,-0.8660254037844386,0.5000000000000001,-0.9992500112396835,0.03872228089217399,0,0,0,0,0,1,0,0,0,0,0,0,0,0,0,0,0,0,0,0,0,0,0,0,0,0,0,0,0,1,0,0,0,0,0,0,0,0,0,0,0,0,0,83,2,0,0,0,0,0,0,0,0,1,0,0,0,0,0,0,0,0,0,0,0,0,0,0,0,0,0,0,0,0,1,0,0,0,0,0,8,5,0,0,0,0.625,,,,,,,,,,,5580.0,4257.0,4379.0,5641.0,5353.0,4888.0,3017.0,,,6359.0,6359.0,5580.0,4257.0,5353.0,4888.0,3017.0,,5843.666666666667,439.52802969650173,6359.0,5285.0,5649.571428571428,373.54894769833123,6359.0,5123.0,5388.357142857143,616.4279134245784,6359.0,4257.0,5179.928571428572,878.6885491040216,6447.0,2199.0,6013.2054794520545,5742.75392917385,5487.430593902328,5337.317715879059,4918.5,4975.666666666667,,,,,299.0,21.267558528428093,21.267558528428093,1.090665894455246,469.6428571428569,1.3418536406030332,0.9495304678773838,4243.0,0.0,5179.928571428572,0.0,0.0,6962.0,40,-0.992708874098054,0.1205366802553232,2
2023-10-11,25,2,11,2,10,4,2023,284,0,0,0,0,0,0,0.9749279121818236,-0.22252093395631434,-0.8660254037844386,0.5000000000000001,-0.9844738167520923,0.17553149042142777,0,0,0,0,0,0,0,0,0,0,0,0,0,0,0,0,0,0,0,0,0,0,0,0,0,0,0,0,0,0,0,0,0,0,0,0,0,0,0,0,0,0,0,75,10,0,0,0,0,0,0,0,0,0,0,0,0,0,0,0,0,0,0,0,0,0,0,0,0,0,0,0,0,0,0,0,0,0,0,0,0,0,0,0,1,0.0,,,,,,,,,,,,5688.0,5152.0,4249.0,5162.0,4754.0,4190.0,,,5887.0,5887.0,5887.0,5688.0,5162.0,4754.0,4190.0,,5620.0,250.42497213070956,5887.0,5285.0,5637.857142857143,351.7687668143982,6277.0,5123.0,5246.214285714285,605.5602103567794,6277.0,4257.0,5183.285714285715,883.3541134765369,6453.0,2199.0,5665.694716242661,5537.408505223711,5353.469375737799,5261.413007497012,5688.0,5118.8,,,,,299.0,19.68896321070234,19.68896321070234,1.0876994735826695,454.57142857142844,0.7966389412562315,1.097373425571204,5224.0,0.0,0.0,0.0,0.0,4578.0,41,-0.9709418174260521,0.23931566428755738,2
2023-10-20,7,4,20,3,10,4,2023,293,0,1,0,0,0,0,-0.433883739117558,-0.9009688679024191,-0.8660254037844386,0.5000000000000001,-0.9455963874271428,0.3253420847119795,0,0,0,0,0,0,0,0,0,0,0,0,0,0,0,0,0,0,0,0,0,0,0,0,0,0,0,0,0,0,0,0,0,0,0,0,0,0,0,0,0,0,0,66,19,0,0,0,0,0,0,0,0,0,0,0,0,0,0,0,0,0,0,0,0,0,0,0,0,0,0,0,0,0,0,0,0,0,0,0,0,0,0,0,1,0.0,,,,,,,5488.0,4578.0,4811.0,4773.0,4240.0,5930.0,5887.0,5734.0,5565.0,5951.0,5027.0,,,5488.0,4773.0,4240.0,5930.0,5565.0,5951.0,5027.0,,4959.0,385.96459250385476,5488.0,4578.0,4543.714285714285,512.0506990204651,5488.0,3869.0,5394.0,1135.4506342669165,7086.0,3869.0,5309.607142857143,981.1359429357423,7086.0,3816.0,5006.185909980431,4912.963949304971,5061.606394585271,5183.438178127037,4981.0,4904.0,,,,,299.0,18.354515050167223,15.963210702341136,0.8557533850365576,-765.8928571428578,0.1818227722950115,0.938110836825431,4846.0,0.0,0.0,0.0,0.0,6377.0,42,-0.9350162426854148,0.35460488704253557,2
2023-10-28,17,5,28,4,10,4,2023,301,1,0,1,0,0,1,-0.9749279121818236,-0.2225209339563146,-0.8660254037844386,0.5000000000000001,-0.8919813464595487,0.45207220393230374,0,0,0,0,0,0,0,0,0,0,0,0,0,0,0,0,0,0,0,0,0,0,0,0,0,0,0,0,0,0,0,0,0,0,0,0,0,0,0,0,0,0,0,58,27,0,0,0,0,0,0,0,0,0,0,0,0,0,0,0,0,0,0,0,0,0,0,0,0,0,0,0,0,0,0,0,0,0,0,0,2,1,1,0,0,0.5,,,,,,,,,,,4290.0,6104.0,6074.0,6359.0,4369.0,6346.0,5809.0,,,4811.0,4811.0,4290.0,6104.0,4369.0,6346.0,5809.0,,4225.666666666667,417.1788851586598,4811.0,3869.0,4878.285714285715,930.2452386772172,6643.0,3869.0,5244.928571428572,1226.758648069067,7086.0,3816.0,5342.0,972.8623085661051,7086.0,3816.0,4481.420743639922,4770.038533065107,5059.611902729065,5204.1112796013595,5197.0,5578.833333333333,,,,,299.0,16.090301003344482,16.090301003344482,0.9131946301545704,-463.7142857142853,-0.5458120798025747,0.9728566080119805,4178.0,0.0,0.0,0.0,0.0,5940.0,43,-0.8854560256532101,0.464723172043768,2
2023-11-05,27,6,5,1,11,4,2023,309,1,0,0,1,0,0,-0.7818314824680299,0.6234898018587334,-0.5000000000000004,0.8660254037844384,-0.8214765533024145,0.5702422926917867,0,0,0,0,0,0,0,0,0,0,0,0,0,0,0,0,0,0,0,0,0,0,0,0,0,0,0,0,0,0,0,0,0,0,0,0,0,0,0,0,0,0,0,50,35,0,0,0,0,0,0,0,0,0,0,0,0,0,0,0,0,0,0,0,0,0,0,0,0,0,0,0,0,0,0,0,0,0,0,0,2,2,0,1,0,1.0,,,,,,,,,,,,3997.0,6910.0,5052.0,5625.0,6317.0,3730.0,,,3997.0,3997.0,3997.0,3997.0,5625.0,6317.0,3730.0,,4353.333333333333,319.95034336943945,4773.0,3997.0,5645.142857142857,1203.1914024877372,7086.0,3997.0,5225.714285714285,1229.9988634472932,7086.0,3816.0,5414.25,925.9678961188974,7086.0,3816.0,4447.272015655577,5054.024626795006,5287.113357636137,5334.511150214741,3997.0,5405.4,,,,,299.0,13.367892976588628,13.367892976588628,1.0426454000356202,230.89285714285688,-1.53056062304132,0.7382370596112111,3527.0,0.0,0.0,0.0,0.0,5503.0,44,-0.822983865893657,0.5680647467311548,2
2023-11-14,8,1,14,2,11,4,2023,318,0,0,0,0,0,0,0.7818314824680298,0.6234898018587336,-0.5000000000000004,0.8660254037844384,-0.7236440382959124,0.690173388242972,0,0,0,0,0,0,0,0,0,0,0,0,0,0,0,0,0,0,0,0,0,0,0,0,0,0,0,0,0,0,0,0,0,0,0,0,0,0,0,0,0,0,0,41,44,0,0,0,0,0,0,0,0,0,0,0,0,0,0,0,0,0,0,0,0,0,0,0,0,0,0,0,0,0,0,0,0,0,0,0,0,0,0,0,1,0.0,,,,,,,,5503.0,5899.0,5095.0,5138.0,5530.0,4811.0,6962.0,5569.0,4644.0,4237.0,,,5503.0,5095.0,5138.0,5530.0,5569.0,4644.0,4237.0,,5651.333333333333,176.26558244749756,5899.0,5503.0,5409.857142857143,297.1850931521242,5899.0,4969.0,5448.785714285715,311.5585655954886,5940.0,4969.0,5526.0,563.0629881029552,6524.0,3869.0,5597.287671232877,5549.235507537753,5538.7138143730435,5519.8663787502255,5254.333333333333,5349.571428571428,,,,,299.0,18.40468227424749,17.040133779264213,0.9789824724678146,-116.14285714285688,-0.04084800543806031,0.9508384606104475,4643.0,0.0,0.0,0.0,0.0,5523.0,46,-0.6631226582407955,0.7485107481711007,2
2023-11-22,18,2,22,4,11,4,2023,326,0,0,0,0,0,0,0.9749279121818236,-0.22252093395631434,-0.5000000000000004,0.8660254037844384,-0.622046748440868,0.7829801036770624,0,0,0,0,0,0,0,0,0,0,0,0,0,0,0,0,0,0,0,0,0,0,0,0,0,0,0,0,0,0,0,0,0,0,0,0,0,0,0,0,0,0,0,33,52,0,0,0,0,0,0,0,0,0,0,0,0,0,0,0,0,0,0,0,0,0,0,0,0,0,0,0,0,0,0,0,0,0,0,0,0,0,0,0,1,0.0,,,,,,,,,,,5258.0,5443.0,5756.0,4578.0,4163.0,5343.0,4586.0,,,5552.0,5552.0,5258.0,5443.0,4163.0,5343.0,4586.0,,5467.666666666667,149.198599933854,5593.0,5258.0,5441.428571428572,320.485728295062,5940.0,4969.0,5544.5,445.0400864769696,6524.0,4969.0,5414.75,661.6120262013726,6524.0,3869.0,5484.109589041096,5453.827709055967,5489.494210176818,5493.094883556202,5350.5,5306.833333333333,,,,,299.0,18.568561872909697,18.568561872909697,1.0049270181316905,26.67857142857156,0.20744786153301525,0.9881342628930236,4686.0,0.0,0.0,0.0,0.0,5559.0,47,-0.5680647467311559,0.8229838658936564,2
2023-11-30,28,3,30,5,11,4,2023,334,0,0,0,0,0,1,0.43388373911755823,-0.900968867902419,-0.5000000000000004,0.8660254037844384,-0.5086709438521042,0.8609610158889945,0,0,0,0,0,0,0,0,0,0,0,0,0,0,0,0,0,0,0,0,0,0,0,0,0,0,0,0,0,0,0,0,0,0,0,0,0,0,0,0,0,0,0,25,60,0,0,0,0,0,0,0,0,0,0,0,0,0,0,0,0,0,0,0,0,0,0,0,0,0,0,0,0,0,0,0,0,0,0,0,0,0,0,0,1,0.0,,,,,,,,,,,,,5140.0,5520.0,5765.0,4160.0,4131.0,,,5258.0,5258.0,5258.0,5258.0,5765.0,4160.0,4131.0,,5107.333333333333,118.30563056009727,5258.0,4969.0,5422.428571428572,369.8458586812531,5940.0,4969.0,5598.214285714285,494.5202839363516,6524.0,4969.0,5393.071428571428,674.1979853643793,6524.0,3869.0,5238.1213307240705,5364.0646807398925,5462.650550455328,5481.006136515308,,5478.25,,,,,299.0,17.585284280936456,17.585284280936456,1.0054434923115638,29.357142857143117,-0.20034386263914344,,4580.0,0.0,0.0,0.0,0.0,5390.0,48,-0.4647231720437684,0.88545602565321,2
2023-12-09,10,5,9,2,12,4,2023,343,1,0,1,0,0,0,-0.9749279121818236,-0.2225209339563146,-2.4492935982947064e-16,1.0,-0.3697245428906732,0.9291414114031743,0,0,0,0,0,0,0,0,0,0,0,0,0,0,0,0,0,0,0,0,0,0,0,0,0,0,0,0,0,0,0,0,0,0,0,0,0,0,0,0,0,0,0,16,69,0,0,0,0,0,0,0,0,0,0,0,0,0,0,0,0,0,0,0,0,0,0,0,0,0,0,0,0,0,0,0,0,0,0,0,2,1,1,0,0,0.5,,,,,,,,,,6234.0,6623.0,6251.0,5899.0,5940.0,6428.0,6277.0,5966.0,,,5250.0,6234.0,6623.0,6251.0,6428.0,6277.0,5966.0,,5477.666666666667,203.51958682697403,5744.0,5250.0,5711.571428571428,314.3777787234684,6234.0,5250.0,5812.071428571428,396.05220873114234,6623.0,5250.0,5648.071428571428,410.8718020929424,6623.0,4873.0,5456.12915851272,5628.731648527623,5689.077915887263,5668.373749329524,6369.333333333333,6271.285714285715,,,,,299.0,17.558528428093645,20.849498327759196,1.011242775662995,63.5,-0.968845821357635,1.127700563614213,4414.0,0.0,0.0,0.0,0.0,6311.0,49,-0.35460488704253595,0.9350162426854147,2
2023-12-17,20,6,17,3,12,4,2023,351,1,0,0,1,0,0,-0.7818314824680299,0.6234898018587334,-2.4492935982947064e-16,1.0,-0.23867276600594997,0.9711000518829505,0,0,0,0,0,0,0,0,0,0,0,0,0,0,0,0,0,0,0,0,0,0,0,0,0,0,0,0,0,0,0,0,0,0,0,0,0,0,0,0,0,0,0,8,77,0,0,0,0,0,0,0,0,0,0,0,0,0,0,0,0,0,0,0,0,0,0,0,0,0,0,0,0,0,0,0,0,0,0,0,2,2,0,1,0,1.0,,,,,,,,,,,5744.0,5949.0,5627.0,5503.0,6218.0,5443.0,5143.0,,,5744.0,5744.0,5744.0,5949.0,6218.0,5443.0,5143.0,,6005.666666666667,201.42547560381288,6234.0,5744.0,5716.571428571428,310.25420781898794,6234.0,5250.0,5818.857142857143,389.82539262430544,6623.0,5250.0,5625.75,434.15522446306164,6623.0,4873.0,5890.569471624266,5859.521379470063,5805.741007103397,5718.267196457843,5846.5,5787.333333333333,,,,,299.0,19.210702341137125,19.210702341137125,1.0161438792288011,90.82142857142844,0.2723680226265729,1.0392392125494379,4719.0,0.0,0.0,0.0,0.0,6031.0,50,-0.2393156642875578,0.970941817426052,2
2023-12-26,1,1,26,4,12,4,2023,360,0,0,0,0,0,0,0.7818314824680298,0.6234898018587336,-2.4492935982947064e-16,1.0,-0.0859647987374467,0.9962981749346077,0,0,0,0,0,0,0,0,1,0,0,0,0,0,0,0,0,0,0,0,0,0,0,0,0,0,0,0,0,0,0,0,0,0,0,0,0,0,0,0,0,0,0,6,1,0,0,0,0,0,0,0,0,0,0,0,0,0,0,0,0,0,0,0,0,0,0,0,0,0,0,0,0,0,1,0,0,0,0,0,0,0,0,0,1,0.0,6716.0,6578.0,5491.0,5739.0,6065.0,5747.0,5545.0,6031.0,6817.0,5425.0,5206.0,5250.0,5474.0,5523.0,5095.0,4342.0,4025.0,,,5747.0,5425.0,5206.0,5250.0,5095.0,4342.0,4025.0,,6261.666666666667,547.8481135821821,6716.0,5491.0,5983.0,454.6863911375777,6716.0,5491.0,5917.785714285715,494.0221479377835,6817.0,5047.0,5765.25,457.0679556383586,6817.0,5047.0,6419.622309197652,6162.550437575088,6004.33686025683,5872.04585461392,5407.0,5332.375,,,,,299.0,19.220735785953178,18.1438127090301,1.0377693942153419,217.75,-0.03992841715300595,0.9378604570486969,5124.0,0.0,0.0,0.0,0.0,5711.0,52,6.432490598706546e-16,1.0,2
2024-01-03,11,2,3,1,1,1,2024,3,0,0,0,0,1,0,0.9749279121818236,-0.22252093395631434,0.49999999999999994,0.8660254037844387,0.051619667223253764,0.998666816288476,0,0,0,0,0,0,0,0,0,0,0,0,0,0,0,0,0,0,0,0,0,0,0,0,0,0,0,0,0,0,0,0,0,0,0,0,0,0,0,0,0,0,0,38,2,0,0,0,0,0,0,0,0,0,0,0,0,0,0,0,0,0,0,0,0,0,0,0,0,0,0,0,0,0,0,0,0,0,0,0,0,0,0,0,1,0.0,,,,,,,,,,6065.0,5657.0,5468.0,5626.0,5559.0,5329.0,6643.0,4766.0,1856.0,,5491.0,6065.0,5657.0,5468.0,5329.0,6643.0,4766.0,1856.0,5765.0,235.05460358535134,6065.0,5491.0,5919.285714285715,418.382502463173,6817.0,5491.0,5816.714285714285,420.69100105344177,6817.0,5047.0,5718.25,398.36044563040787,6817.0,5047.0,5664.796477495108,5776.4838569631775,5789.151060184998,5752.558314490845,5730.0,5627.285714285715,,,,,299.0,18.36454849498328,20.28428093645485,1.0351568599284247,201.03571428571468,-0.5704632638423112,1.002054824465527,3635.0,0.0,0.0,0.0,0.0,5347.0,1,0.12053668025532305,0.992708874098054,3
2024-01-11,21,3,11,2,1,1,2024,11,0,0,0,0,0,0,0.43388373911755823,-0.900968867902419,0.49999999999999994,0.8660254037844387,0.1882267098432442,0.9821256058680006,0,0,0,0,0,0,0,0,0,0,0,0,0,0,0,0,0,0,0,0,0,0,0,0,0,0,0,0,0,0,0,0,0,0,0,0,0,0,0,0,0,0,0,30,10,0,0,0,0,0,0,0,0,0,0,0,0,0,0,0,0,0,0,0,0,0,0,0,0,0,0,0,0,0,0,0,0,0,0,0,0,0,0,0,1,0.0,,,,,,,,,,,,5859.0,5713.0,5390.0,6146.0,5488.0,5213.0,3262.0,,6065.0,6065.0,6065.0,5859.0,6146.0,5488.0,5213.0,3262.0,5785.666666666667,214.0425710512332,6065.0,5545.0,6028.0,373.3106710808802,6817.0,5545.0,5839.928571428572,411.3961358742264,6817.0,5047.0,5737.0,400.1927214302058,6817.0,5047.0,5938.221135029355,5916.104160935356,5849.7918128608,5773.772735912492,5859.0,5764.8,,,,,299.0,20.28428093645485,20.28428093645485,1.0507233745860205,291.0,0.8196051113268528,1.021265469757713,2803.0,0.0,0.0,0.0,0.0,5884.0,2,0.23931566428755774,0.970941817426052,3
2024-01-20,3,5,20,3,1,1,2024,20,1,0,1,0,0,0,-0.9749279121818236,-0.2225209339563146,0.49999999999999994,0.8660254037844387,0.3375228995941133,0.9413173175128471,0,0,0,0,0,0,0,0,0,0,0,0,0,0,0,0,0,0,0,0,0,0,0,0,0,0,0,0,0,0,0,0,0,0,0,0,0,0,0,0,0,0,0,21,19,0,0,0,0,0,0,0,0,0,0,0,0,0,0,0,0,0,0,0,0,0,0,0,0,0,0,0,0,0,0,0,0,0,0,0,2,1,1,0,0,0.5,,,5976.0,5604.0,5703.0,6746.0,6042.0,5884.0,5838.0,6542.0,6849.0,6578.0,6817.0,6311.0,6234.0,6524.0,6401.0,2267.0,,6746.0,6542.0,6849.0,6578.0,6234.0,6524.0,6401.0,2267.0,5761.0,157.30861387730806,5976.0,5604.0,5970.428571428572,345.88596681683447,6746.0,5604.0,5947.642857142857,358.89704196982996,6746.0,5347.0,6006.071428571428,434.8544032671353,6849.0,5178.0,5896.227005870842,5946.3727178145655,5970.832425075459,5957.218383395173,6678.75,6539.625,2.104225352112676,2202.0,,,298.0,22.63758389261745,21.953020134228186,0.99406552892906,-35.64285714285688,1.701554740780735,1.111999762145448,4479.0,0.0,0.0,0.0,0.0,6679.0,3,0.3546048870425356,0.9350162426854148,3
2024-01-28,12,6,28,4,1,1,2024,28,1,0,0,1,0,1,-0.7818314824680299,0.6234898018587334,0.49999999999999994,0.8660254037844387,0.4635502709028509,0.886070621534138,0,0,0,0,0,0,0,0,0,0,0,0,0,0,0,0,0,0,0,0,0,0,0,0,0,0,0,0,0,0,0,0,0,0,0,0,0,0,0,0,0,0,0,13,27,0,0,0,0,0,0,0,0,0,0,0,0,0,0,0,0,0,0,0,0,0,0,0,0,0,0,0,0,0,0,0,0,0,0,0,2,2,0,1,0,1.0,,,,,,,,,,5703.0,6273.0,6716.0,6716.0,6031.0,5454.0,5683.0,5728.0,5559.0,,5604.0,5703.0,6273.0,6716.0,5454.0,5683.0,5728.0,5559.0,6017.666666666667,516.592897959527,6746.0,5604.0,5969.428571428572,345.87853241228123,6746.0,5604.0,5890.642857142857,409.6478639624276,6746.0,5178.0,5997.892857142857,437.4885581594199,6849.0,5178.0,5817.035225048924,5936.2863634172645,5969.746052064621,5955.673298210572,6230.666666666667,6065.857142857143,1.742537313432836,,,,298.0,18.80536912751678,19.13758389261745,0.9952542857312986,-28.464285714285325,-0.9003500772683595,1.0388092643646678,45.0,0.0,0.0,0.0,0.0,5441.0,4,0.4647231720437685,0.8854560256532099,3
2024-02-05,22,0,5,1,2,1,2024,36,0,0,0,0,0,0,0.0,1.0,0.8660254037844386,0.5000000000000001,0.5808002734538009,0.8140460935082178,1,0,0,0,0,0,0,0,0,0,0,1,0,0,0,0,0,0,0,0,0,0,0,0,0,0,0,0,0,0,0,0,0,0,0,0,0,0,0,0,0,0,0,5,35,1,0,0,0,0,0,0,0,0,0,0,0,0,0,0,0,0,0,0,0,0,0,0,0,0,0,0,0,1,0,0,0,0,0,0,0,0,0,0,1,0.0,,,,,,,,,,,,5906.0,6099.0,6015.0,5047.0,4873.0,5642.0,3712.0,,6746.0,6746.0,6746.0,5906.0,5047.0,4873.0,5642.0,3712.0,6224.0,374.7034382904254,6746.0,5884.0,6094.0,297.7184672039773,6746.0,5838.0,5998.357142857143,446.7485082144503,6746.0,5178.0,6007.5,435.9146787421331,6849.0,5178.0,6361.1017612524465,6162.971828655129,6075.389732921452,6002.3838236191405,5906.0,5722.4,1.8461959496442255,,2470.0,1.0523928640149538,298.0,22.63758389261745,22.63758389261745,1.0143986683312527,86.5,1.694138867108126,0.9831044527673741,3034.0,6007.5,0.0,0.0,0.0,4619.0,6,0.6631226582407952,0.7485107481711011,3
2024-02-14,4,2,14,2,2,1,2024,45,0,0,0,0,0,0,0.9749279121818236,-0.22252093395631434,0.8660254037844386,0.5000000000000001,0.699458327051647,0.7146733860429609,1,0,0,0,0,0,0,0,0,0,0,0,0,0,0,0,0,0,0,0,1,0,0,0,0,0,0,0,0,0,0,0,0,0,0,0,0,0,0,0,0,0,0,46,4,0,0,1,0,0,0,0,0,0,0,0,0,0,0,0,0,0,0,0,0,0,0,0,0,0,0,0,0,0,0,1,0,0,0,0,8,5,0,0,0,0.625,,,,2684.0,3173.0,3454.0,4089.0,4619.0,5111.0,4742.0,5688.0,5756.0,5838.0,5347.0,6065.0,5687.0,5162.0,3383.0,,3454.0,4742.0,5688.0,5756.0,6065.0,5687.0,5162.0,3383.0,3103.6666666666665,318.1512568295499,3454.0,2684.0,4070.0,937.6721937101169,5360.0,2684.0,4608.357142857143,936.1181707411926,6273.0,2684.0,5267.214285714285,975.8553521743613,6746.0,2684.0,3123.9021526418787,3766.6612436224727,4374.764806448585,4941.302468459699,4910.0,5331.5,0.6980494148244474,,6080.0,2.5905055114214246,298.0,11.590604026845638,15.912751677852349,0.7727044656297041,-1197.2142857142853,-1.858076898050674,0.9321815543591762,71.0,5267.214285714285,0.0,0.0,0.0,6961.0,7,0.7485107481711011,0.6631226582407953,3
2024-02-22,14,3,22,4,2,1,2024,53,0,0,0,0,0,0,0.43388373911755823,-0.900968867902419,0.8660254037844386,0.5000000000000001,0.7909456567567772,0.6118864012687243,0,0,0,0,0,0,0,0,0,0,0,0,0,0,0,0,0,0,0,0,0,0,0,0,0,0,0,0,0,0,0,0,0,0,0,0,0,0,0,0,0,0,0,38,12,0,0,0,0,0,0,0,0,0,0,0,0,0,0,0,0,0,0,0,0,0,0,0,0,0,0,0,0,0,0,0,0,0,0,0,0,0,0,0,1,0.0,,,,,,,,,,,4570.0,5731.0,5748.0,5884.0,5663.0,5716.0,4984.0,3887.0,,3454.0,3454.0,4570.0,5731.0,5663.0,5716.0,4984.0,3887.0,4054.0,476.2527340253982,4619.0,3454.0,4626.142857142857,626.3311375602774,5360.0,3454.0,5038.928571428572,734.7932133100649,6273.0,3454.0,5483.964285714285,738.5012565103373,6746.0,3454.0,3965.6438356164385,4451.1204434112515,4862.317593776702,5253.131986854926,5150.5,5530.333333333333,1.0072907553222514,,,,298.0,11.590604026845638,11.590604026845638,0.8435764013259438,-857.8214285714284,-2.7487621284580315,0.9391928414663533,-433.0,0.0,0.0,0.0,0.0,5934.0,8,0.8229838658936564,0.5680647467311559,3
2024-03-01,23,4,1,1,3,1,2024,61,0,1,0,0,1,0,-0.433883739117558,-0.9009688679024191,1.0,6.123233995736766e-17,0.8674563547295969,0.49751328890718066,0,0,0,0,0,0,0,0,0,0,0,0,0,0,0,0,0,0,0,0,0,0,0,0,0,0,0,0,0,0,0,0,0,0,0,0,0,0,0,0,0,0,0,30,20,0,0,0,0,0,0,0,0,0,0,0,0,0,0,0,0,0,0,0,0,0,0,0,0,0,0,0,0,0,0,0,0,0,0,0,0,0,0,0,1,0.0,,,,,,,,,,,,5180.0,6154.0,5839.0,5851.0,5983.0,2199.0,3574.0,,4089.0,4089.0,4089.0,5180.0,5851.0,5983.0,2199.0,3574.0,4606.333333333333,417.32587852766676,5111.0,4089.0,4810.142857142857,405.06557796112423,5360.0,4089.0,5198.5,604.2532286100871,6273.0,4089.0,5569.107142857143,628.8413574234145,6746.0,4089.0,4480.557729941292,4785.323308041272,5079.855166642008,5386.810995123142,5180.0,5813.2,1.2866582756450597,,,,298.0,13.721476510067115,13.721476510067115,0.8637188572161477,-758.9642857142862,-2.353705152157399,0.9301311443870843,515.0,0.0,0.0,0.0,0.0,6954.0,9,0.8854560256532099,0.4647231720437686,3
2024-03-10,5,6,10,2,3,1,2024,70,1,0,0,1,0,0,-0.7818314824680299,0.6234898018587334,1.0,6.123233995736766e-17,0.9338372288229252,0.35769823883312546,0,0,0,0,0,0,0,0,0,0,0,0,0,0,0,0,0,0,0,0,0,0,0,0,0,0,0,0,0,0,0,0,0,0,0,0,0,0,0,0,0,0,0,21,29,0,0,0,0,0,0,0,0,0,0,0,0,0,0,0,0,0,0,0,0,0,0,0,0,0,0,0,0,0,0,0,0,0,0,0,2,2,0,1,0,1.0,,,,,6875.0,6872.0,7602.0,6954.0,6164.0,4926.0,4977.0,5238.0,5111.0,5441.0,5703.0,5568.0,5625.0,4261.0,,6872.0,4926.0,4977.0,5238.0,5703.0,5568.0,5625.0,4261.0,7116.333333333333,343.4203773155512,7602.0,6872.0,6500.142857142857,740.7452672953153,7602.0,5298.0,6025.928571428572,783.3803550078627,7602.0,4713.0,5604.071428571428,1247.822758950606,7602.0,2684.0,6905.534246575343,6591.6916822499325,6218.088041552539,5900.440352079863,5503.25,5582.75,1.7204704704704705,4021.0,,,298.0,23.06040268456376,16.530201342281877,1.1598965038173776,896.0714285714284,1.0161127149939742,0.9820092534764266,2611.0,0.0,0.0,0.0,0.0,6553.0,10,0.9350162426854148,0.35460488704253557,3
2024-03-18,15,0,18,3,3,1,2024,78,0,0,0,0,0,0,0.0,1.0,1.0,6.123233995736766e-17,0.9741004551724205,0.22611568550828828,0,0,0,0,0,0,0,0,0,0,0,0,0,0,0,0,0,0,0,0,0,0,0,0,0,0,0,0,0,0,0,0,0,0,0,0,0,0,0,0,0,0,0,13,37,0,0,0,0,0,0,0,0,0,0,0,0,0,0,0,0,0,0,0,0,0,0,0,0,0,0,0,0,0,0,0,0,0,0,0,0,0,0,0,1,0.0,,,,,,,,,,,4713.0,5012.0,6601.0,4619.0,5438.0,5545.0,5180.0,4419.0,,7602.0,7602.0,4713.0,5012.0,5438.0,5545.0,5180.0,4419.0,6906.666666666667,588.0143611246998,7602.0,6164.0,5913.285714285715,987.285269859544,7602.0,4713.0,5757.5,768.7826880390658,7602.0,4713.0,5460.607142857143,1210.2539975230027,7602.0,2684.0,6993.60469667319,6370.751912059929,6000.066338102988,5750.336102812298,4862.5,5251.333333333333,1.7245916515426498,,,,298.0,25.51006711409396,25.51006711409396,1.0828989450414332,452.67857142857156,1.7693747440831373,0.8904687469342105,3183.0,0.0,0.0,0.0,0.0,6422.0,12,0.992708874098054,0.120536680255323,3
2024-03-26,25,1,26,4,3,1,2024,86,0,0,0,0,0,0,0.7818314824680298,0.6234898018587336,1.0,6.123233995736766e-17,0.995918996147179,0.09025161003104117,0,0,0,0,0,0,0,0,0,0,0,0,0,0,0,0,0,0,0,0,0,0,0,0,0,0,0,0,0,0,0,0,0,0,0,0,0,0,0,0,0,0,0,5,45,0,0,0,0,0,0,0,0,0,0,0,0,0,0,0,0,0,0,0,0,0,0,0,0,0,0,0,0,0,0,0,0,0,0,0,0,0,0,0,1,0.0,,,,,,,,,,,,5298.0,5712.0,7221.0,4696.0,5711.0,4342.0,3510.0,,6164.0,6164.0,6164.0,5298.0,4696.0,5711.0,4342.0,3510.0,5732.666666666667,353.5508764268902,6164.0,5298.0,5481.285714285715,481.91484555608673,6164.0,4713.0,5598.357142857143,521.9694308431231,6610.0,4713.0,5317.178571428572,1097.2218180988953,7221.0,2684.0,5808.1115459882585,5621.947968044095,5568.1154974134415,5513.396763047054,5298.0,5403.2,1.729032258064516,,,,296.0,20.824324324324323,20.824324324324323,1.0308635756073643,164.10714285714312,0.7717869027054859,0.9963930924698249,2654.0,0.0,0.0,0.0,0.0,5932.0,13,1.0,-1.6081226496766366e-16,3
2024-04-04,6,3,4,1,4,2,2024,95,0,0,0,0,0,0,0.43388373911755823,-0.900968867902419,0.8660254037844387,-0.4999999999999998,0.9979171608653922,-0.06450844944931623,0,0,0,1,0,0,0,0,0,0,0,0,0,0,0,0,0,0,0,0,0,0,0,0,0,0,0,0,0,0,0,0,0,0,0,0,0,0,0,0,0,0,0,0,0,0,0,0,0,0,0,0,0,0,0,0,0,0,0,0,0,0,0,0,0,0,0,0,0,0,0,0,0,0,0,0,1,0,0,0,3,1,1,0,0,0.3333333333333333,,,,,,6419.0,5974.0,5932.0,5569.0,6341.0,6530.0,6828.0,6164.0,5934.0,3173.0,5586.0,5765.0,3096.0,,6419.0,6341.0,6530.0,6828.0,3173.0,5586.0,5765.0,3096.0,6108.333333333333,220.34266243487414,6419.0,5932.0,6156.0,324.58236903090454,6589.0,5569.0,6472.642857142857,527.1599929464159,7574.0,5569.0,6660.071428571428,487.4958555553815,7602.0,5569.0,6192.990215264188,6197.484726490848,6327.141565490608,6352.760441433844,6529.5,6020.125,1.714934544483035,,,,296.0,21.68581081081081,21.4222972972973,0.9243144110423527,-504.07142857142844,-0.4945096985425382,0.9803948906596883,3323.0,0.0,0.0,0.0,0.0,5747.0,14,0.992708874098054,-0.12053668025532288,3
2024-04-12,16,4,12,2,4,2,2024,103,0,1,0,0,0,0,-0.433883739117558,-0.9009688679024191,0.8660254037844387,-0.4999999999999998,0.9796136916454901,-0.20089055513063506,0,0,0,0,0,0,0,0,0,0,0,0,0,0,0,0,0,0,0,0,0,0,0,0,0,0,0,0,0,0,0,0,0,0,0,0,0,0,0,0,0,0,0,19,8,0,0,0,0,0,0,0,0,0,0,0,0,0,0,0,0,0,0,0,0,0,0,0,0,0,0,0,0,0,0,0,0,0,0,0,0,0,0,0,1,0.0,,,,,,,,,,,6238.0,7574.0,7107.0,6954.0,6610.0,6042.0,5876.0,4070.0,,5932.0,5932.0,6238.0,7574.0,6610.0,6042.0,5876.0,4070.0,5957.333333333333,327.904796481472,6371.0,5569.0,6226.285714285715,334.9565917657793,6589.0,5569.0,6547.857142857143,518.2180811124181,7574.0,5569.0,6642.464285714285,507.68265412156677,7602.0,5569.0,5960.520547945205,6174.511702900291,6365.6924003581935,6375.267301787408,6906.0,6710.5,1.69002849002849,,,,296.0,20.04054054054054,20.04054054054054,0.937345757007135,-416.17857142857065,-1.3994259601868564,1.0396743893456066,1862.0,0.0,0.0,0.0,0.0,7295.0,15,0.9709418174260521,-0.2393156642875575,3
2024-04-20,26,5,20,3,4,2,2024,111,1,0,1,0,0,0,-0.9749279121818236,-0.2225209339563146,0.8660254037844387,-0.4999999999999998,0.9427611433904207,-0.3334687789181868,0,0,0,0,0,0,0,0,0,0,0,0,0,0,0,0,0,0,0,0,0,0,0,0,0,0,0,0,0,0,0,0,0,0,0,0,0,0,0,0,0,0,0,11,16,0,0,0,0,0,0,0,0,0,0,0,0,0,0,0,0,0,0,0,0,0,0,0,0,0,0,0,0,0,0,0,0,0,0,0,2,1,1,0,0,0.5,,,,,,,,,,,,6589.0,7520.0,7498.0,5752.0,6679.0,6524.0,5027.0,,6371.0,6371.0,6371.0,6589.0,5752.0,6679.0,6524.0,5027.0,6399.333333333333,144.68893837777955,6589.0,6238.0,6406.142857142857,114.07194292754598,6589.0,6238.0,6636.071428571428,412.82553635814213,7574.0,6238.0,6589.25,627.0910520012226,7602.0,4713.0,6416.242661448141,6486.013219708661,6566.200563294897,6470.206234297057,6589.0,6992.2,1.5322270322270322,5075.0,,,296.0,21.52364864864865,21.52364864864865,0.9722112314971897,-183.10714285714312,-0.3480355831956194,0.9999620594149562,1344.0,0.0,0.0,0.0,0.0,7670.0,16,0.9350162426854148,-0.35460488704253545,3
2024-04-29,8,0,29,5,4,2,2024,120,0,0,0,0,0,1,0.0,1.0,0.8660254037844387,-0.4999999999999998,0.8800122039735357,-0.47495107206704995,0,0,0,0,0,0,0,0,0,0,0,0,0,0,0,0,0,0,0,0,0,0,0,0,0,0,0,0,0,0,0,0,0,0,0,0,0,0,0,0,0,0,0,2,25,0,0,0,0,0,0,0,0,0,0,0,0,0,0,0,0,0,0,0,0,0,0,0,0,0,0,0,0,0,0,0,0,0,0,0,0,0,0,0,1,0.0,,,,,,,,7670.0,6812.0,5890.0,5920.0,5215.0,5569.0,6422.0,6875.0,5125.0,4969.0,6558.0,,7670.0,5890.0,5920.0,5215.0,6875.0,5125.0,4969.0,6558.0,7081.0,417.00599516074107,7670.0,6761.0,6633.285714285715,528.3426145668612,7670.0,5890.0,6660.571428571428,608.5822768986145,7670.0,5643.0,6310.928571428572,710.5197759674367,7670.0,4590.0,7190.127201565558,6888.6018281865145,6681.477642734418,6508.444836903265,5675.0,6028.0,1.525760891187587,,,,296.0,25.91216216216216,19.89864864864865,1.0510791936889523,322.3571428571431,1.912784801409546,0.8992337555034916,1112.0,0.0,0.0,0.0,0.0,6252.0,18,0.8229838658936565,-0.5680647467311557,3
2024-05-07,17,1,7,1,5,2,2024,128,0,0,0,0,0,0,0.7818314824680298,0.6234898018587336,0.49999999999999994,-0.8660254037844387,0.8064799463209448,-0.5912614448635781,0,0,0,0,0,0,0,0,0,0,0,0,0,0,0,0,0,0,0,0,0,0,0,0,0,0,0,0,0,0,0,0,0,0,0,0,0,0,0,0,0,0,0,34,6,0,0,0,0,0,0,0,0,0,0,0,0,0,0,0,0,0,0,0,0,0,0,0,0,0,0,0,0,0,0,0,0,0,0,0,0,0,0,0,1,0.0,,,,,,,,,,,6114.0,6257.0,4590.0,5932.0,6431.0,4089.0,4939.0,3754.0,,6812.0,6812.0,6114.0,6257.0,6431.0,4089.0,4939.0,3754.0,6739.666666666667,69.42782023239836,6812.0,6646.0,6603.571428571428,472.0520120080162,7462.0,5890.0,6563.214285714285,545.0152263366368,7462.0,5643.0,6272.321428571428,663.432311843461,7462.0,4590.0,6709.011741682974,6627.609684089842,6529.3321967337015,6422.147228636919,6185.5,5943.666666666667,1.5090828533451484,,,,287.0,23.735191637630663,23.735191637630663,1.0528113879003558,331.25,0.8134644059300966,0.9861580071174377,3058.0,0.0,0.0,0.0,0.0,5491.0,19,0.7485107481711013,-0.663122658240795,3
2024-05-15,27,2,15,3,5,2,2024,136,0,0,0,0,0,0,0.9749279121818236,-0.22252093395631434,0.49999999999999994,-0.8660254037844387,0.717676913675962,-0.6963762255968722,0,0,0,0,0,0,0,0,0,0,0,0,0,0,0,0,0,0,0,0,0,0,0,0,0,0,0,0,0,0,0,0,0,0,0,0,0,0,0,0,0,0,0,26,14,0,0,0,0,0,0,0,0,0,0,0,0,0,0,0,0,0,0,0,0,0,0,0,0,0,0,0,0,0,0,0,0,0,0,0,0,0,0,0,1,0.0,,,,,,,,,,,,6646.0,7203.0,5139.0,6544.0,6961.0,5687.0,4237.0,,6646.0,6646.0,6646.0,6646.0,6544.0,6961.0,5687.0,4237.0,6216.666666666667,317.05870469397655,6646.0,5890.0,6711.714285714285,544.3141724843722,7462.0,5890.0,6454.428571428572,574.81707826872,7462.0,5643.0,6236.821428571428,648.1990464560486,7462.0,4590.0,6451.590998043052,6500.683741382997,6443.667430566075,6365.711069959673,6646.0,6301.2,1.5907132599329823,,,,287.0,23.156794425087107,23.156794425087107,1.0761434109636892,474.8928571428569,0.6312545099621897,1.0656069082808894,2409.0,0.0,0.0,0.0,0.0,6549.0,20,0.6631226582407952,-0.7485107481711012,3
2024-05-24,9,4,24,4,5,2,2024,145,0,1,0,0,0,0,-0.433883739117558,-0.9009688679024191,0.49999999999999994,-0.8660254037844387,0.6016240632249226,-0.7987793728863649,0,0,0,0,0,0,0,0,0,0,0,0,0,0,0,0,0,0,0,0,0,0,0,0,0,0,0,0,0,0,0,0,0,0,0,0,0,0,0,0,0,0,0,17,23,0,0,0,0,0,0,0,0,0,0,0,0,0,0,0,0,0,0,0,0,0,0,0,0,0,0,0,0,0,0,0,0,0,0,0,0,0,0,0,1,0.0,,,,,,,,,6275.0,7422.0,7833.0,7372.0,6812.0,7295.0,6586.0,5780.0,6039.0,5099.0,,6275.0,7422.0,7833.0,7372.0,6586.0,5780.0,6039.0,5099.0,6401.0,105.85209807399505,6534.0,6275.0,6673.714285714285,501.27087467348264,7422.0,5993.0,6794.071428571428,926.8510023796948,8428.0,5110.0,6809.071428571428,701.1826198120791,8428.0,5110.0,6440.939334637965,6565.4851489015045,6648.359430389258,6678.197558860652,7542.333333333333,7089.0,1.6235446313065978,,,,287.0,21.864111498257838,25.860627177700348,0.9801210569932968,-135.35714285714312,-0.761672371050159,1.1076889723443166,1176.0,0.0,0.0,0.0,0.0,7038.0,21,0.5680647467311558,-0.8229838658936564,3
2024-06-01,19,5,1,1,6,2,2024,153,1,0,1,0,1,0,-0.9749279121818236,-0.2225209339563146,1.2246467991473532e-16,-1.0,0.48627270710868997,-0.8738071036110808,0,0,0,0,0,0,0,0,0,0,0,0,0,0,0,0,0,0,0,0,0,0,0,0,0,0,0,0,0,0,0,0,0,0,0,0,0,0,0,0,0,0,0,9,31,0,0,0,0,0,0,0,0,0,0,0,0,0,0,0,0,0,0,0,0,0,0,0,0,0,0,0,0,0,0,0,0,0,0,0,2,1,1,0,0,0.5,,,,,,,,,,,7363.0,7627.0,7180.0,7670.0,6307.0,7602.0,6240.0,4470.0,,6534.0,6534.0,7363.0,7627.0,6307.0,7602.0,6240.0,4470.0,7106.333333333333,405.4169321684639,7422.0,6534.0,6378.285714285715,824.16740918781,7422.0,5110.0,6804.214285714285,923.6923713763016,8428.0,5110.0,6785.321428571428,722.6168740651393,8428.0,5110.0,6821.884540117417,6752.254681448496,6752.586668318536,6730.963295081136,7495.0,7268.166666666667,1.3002985074626865,5296.0,,,287.0,22.766550522648085,22.766550522648085,0.9400123165025345,-407.03571428571377,-0.3477934678685256,1.1045902657522277,2064.0,0.0,0.0,0.0,0.0,6313.0,22,0.46472317204376906,-0.8854560256532096,3
2024-06-10,1,0,10,2,6,2,2024,162,0,0,0,0,0,0,0.0,1.0,1.2246467991473532e-16,-1.0,0.3456123126707335,-0.9383773917408641,0,0,1,0,0,0,0,0,0,0,0,0,0,0,0,0,0,0,0,0,0,0,0,0,0,0,0,0,0,0,0,0,0,0,0,0,0,0,0,0,0,1,0,0,0,0,0,0,0,0,0,0,0,0,0,0,0,0,0,0,0,0,0,0,0,0,0,0,0,0,0,0,0,1,0,0,0,0,0,0,3,3,0,1,0,1.0,7301.0,6149.0,6178.0,6081.0,6010.0,6321.0,6072.0,6313.0,6224.0,6174.0,6134.0,6394.0,5110.0,6252.0,5890.0,6305.0,5047.0,5853.0,,6321.0,6174.0,6134.0,6394.0,5890.0,6305.0,5047.0,5853.0,6542.666666666667,536.3533246740333,7301.0,6149.0,6301.714285714285,418.18509718808025,7301.0,6010.0,6350.928571428572,333.4528161708113,7301.0,6010.0,6572.75,429.29473932752273,7465.0,6010.0,6724.027397260274,6466.762150015236,6447.327696081749,6524.981721161991,6255.75,6117.625,1.3081884966851818,,4601.0,0.8912571430356769,287.0,22.024390243902438,21.51219512195122,0.9587637268592728,-271.0357142857147,-0.5864269392034918,0.9517705678749382,468.0,0.0,0.0,0.0,0.0,5648.0,24,0.23931566428755768,-0.970941817426052,3
2024-06-18,10,1,18,3,6,2,2024,170,0,0,0,0,0,0,0.7818314824680298,0.6234898018587336,1.2246467991473532e-16,-1.0,0.21352091543979612,-0.9769384927771817,0,0,0,0,0,0,0,0,0,0,0,0,0,0,0,0,0,0,0,0,0,0,0,0,0,0,0,0,0,0,0,0,0,0,0,0,0,0,0,0,0,0,0,91,8,0,0,0,0,0,0,0,0,0,0,0,0,0,0,0,0,0,0,0,0,0,0,0,0,0,0,0,0,0,0,0,0,0,0,0,0,0,0,0,1,0.0,,,,,,,,,,6010.0,6649.0,6666.0,6275.0,5491.0,6546.0,6338.0,5747.0,4498.0,,6149.0,6010.0,6649.0,6666.0,6546.0,6338.0,5747.0,4498.0,6136.0,40.65300316909769,6178.0,6081.0,6160.571428571428,111.00689443563809,6321.0,6010.0,6362.642857142857,367.74109820106105,7465.0,6010.0,6574.964285714285,433.1875610058582,7465.0,6010.0,6144.921722113503,6188.702734014229,6315.947710102888,6467.5390934456955,6441.666666666667,6313.714285714285,1.180003838034926,,,,287.0,21.425087108013937,20.94076655052265,0.9369741280506684,-414.3928571428569,-0.983325293840847,0.9797264877411973,1651.0,0.0,0.0,0.0,0.0,6202.0,25,0.12053668025532308,-0.992708874098054,3
2024-06-26,20,2,26,4,6,2,2024,178,0,0,0,0,0,0,0.9749279121818236,-0.22252093395631434,1.2246467991473532e-16,-1.0,0.07738647923346301,-0.9970011699250151,0,0,0,0,0,0,0,0,0,0,0,0,0,0,0,0,0,0,0,0,0,0,0,0,0,0,0,0,0,0,0,0,0,0,0,0,0,0,0,0,0,0,0,83,16,0,0,0,0,0,0,0,0,0,0,0,0,0,0,0,0,0,0,0,0,0,0,0,0,0,0,0,0,0,0,0,0,0,0,0,0,0,0,0,1,0.0,,,,,,,,,,,6081.0,6518.0,6612.0,6549.0,7710.0,5974.0,5762.0,4025.0,,6081.0,6081.0,6081.0,6518.0,7710.0,5974.0,5762.0,4025.0,6137.333333333333,133.06723446772645,6321.0,6010.0,6176.0,113.84199576606166,6321.0,6010.0,6493.785714285715,431.7779155623258,7465.0,6010.0,6640.321428571428,444.75884746450987,7465.0,6010.0,6106.052837573386,6211.173705844456,6367.628425943434,6514.675367700046,6299.5,6577.166666666667,1.3486360612109116,,,,287.0,21.18815331010453,21.18815331010453,0.9300754589117352,-464.32142857142844,-1.2575835911078987,0.948673956187577,2056.0,0.0,0.0,0.0,0.0,6393.0,26,-3.216245299353273e-16,-1.0,3
2024-07-05,2,4,5,1,7,3,2024,187,0,1,0,0,0,0,-0.433883739117558,-0.9009688679024191,-0.4999999999999997,-0.8660254037844388,-0.07738647923346322,-0.9970011699250151,0,0,0,0,0,0,0,0,0,0,0,0,0,0,0,0,0,0,0,0,0,0,0,0,0,0,0,0,0,0,0,0,0,0,0,0,0,0,0,0,0,0,0,74,25,0,0,0,0,0,0,0,0,0,0,0,0,0,0,0,0,0,0,0,0,0,0,0,0,0,0,0,0,0,0,0,0,0,0,0,0,0,0,0,1,0.0,,5751.0,5942.0,6513.0,7355.0,7072.0,6439.0,6393.0,6178.0,6837.0,6479.0,6149.0,6224.0,7038.0,7422.0,6303.0,5851.0,5352.0,,7072.0,6837.0,6479.0,6149.0,7422.0,6303.0,5851.0,5352.0,6068.666666666667,323.7224462749258,6513.0,5751.0,6495.0,527.2215581978523,7355.0,5751.0,6374.0,492.8561076593683,7355.0,5413.0,6286.75,600.4122765114936,7355.0,4717.0,6052.894324853229,6294.1514987092205,6342.2662867250565,6358.48344876854,6634.25,6754.375,1.161114476075106,,,,287.0,24.641114982578397,23.822299651567945,1.0331252236847337,208.25,1.307851339353765,1.0552749830993757,1720.0,0.0,0.0,0.0,0.0,6123.0,27,-0.12053668025532283,-0.992708874098054,3
2024-07-13,12,5,13,2,7,3,2024,195,1,0,1,0,0,0,-0.9749279121818236,-0.2225209339563146,-0.4999999999999997,-0.8660254037844388,-0.2135209154397959,-0.9769384927771817,0,0,0,0,0,0,0,0,0,0,0,0,0,0,0,0,0,0,0,0,0,0,0,0,0,0,0,0,0,0,0,0,0,0,0,0,0,0,0,0,0,0,0,66,33,0,0,0,0,0,0,0,0,0,0,0,0,0,0,0,0,0,0,0,0,0,0,0,0,0,0,0,0,0,0,0,0,0,0,0,2,1,1,0,0,0.5,,,,,,,,,,7355.0,6612.0,7002.0,7301.0,6313.0,7326.0,7462.0,6746.0,5881.0,,6513.0,7355.0,6612.0,7002.0,7326.0,7462.0,6746.0,5881.0,6980.0,349.84663306464256,7355.0,6513.0,6480.428571428572,580.1625036248421,7355.0,5413.0,6411.071428571428,460.49561255637764,7355.0,5413.0,6309.535714285715,590.1332465846081,7355.0,4717.0,6771.260273972603,6651.606741063584,6509.276373206249,6437.761833563164,6989.666666666667,7053.428571428572,1.1175360329444064,6331.0,,,287.0,22.693379790940767,25.627177700348433,1.0270848545568783,170.89285714285688,0.3447768565689756,1.1077941362374788,632.0,0.0,0.0,0.0,0.0,7852.0,28,-0.23931566428755743,-0.9709418174260521,3
2024-07-21,21,6,21,3,7,3,2024,203,1,0,0,1,0,0,-0.7818314824680299,0.6234898018587334,-0.4999999999999997,-0.8660254037844388,-0.3456123126707333,-0.9383773917408642,0,0,0,0,0,0,0,0,0,0,0,0,0,0,0,0,0,0,0,0,0,0,0,0,0,0,0,0,0,0,0,0,0,0,0,0,0,0,0,0,0,0,0,58,41,0,0,0,0,0,0,0,0,0,0,0,0,0,0,0,0,0,0,0,0,0,0,0,0,0,0,0,0,0,0,0,0,0,0,0,2,2,0,1,0,1.0,,,,,,,,,,,,6357.0,6784.0,6978.0,6712.0,6750.0,6394.0,6401.0,,7355.0,7355.0,7355.0,6357.0,6712.0,6750.0,6394.0,6401.0,6955.333333333333,382.9467616029965,7355.0,6439.0,6458.142857142857,581.4780252748603,7355.0,5413.0,6430.428571428572,469.971688248454,7355.0,5413.0,6293.785714285715,590.3776852358918,7355.0,4717.0,7030.154598825831,6698.17852037158,6509.0081127334815,6432.028906618852,6357.0,6580.6,1.5019399632428017,5880.0,,,287.0,25.627177700348433,25.627177700348433,1.0261141942732626,164.3571428571422,1.7975176099182435,1.0100439208743317,954.0,0.0,0.0,0.0,0.0,7312.0,29,-0.3546048870425356,-0.9350162426854148,3
2024-07-30,3,1,30,5,7,3,2024,212,0,0,0,0,0,1,0.7818314824680298,0.6234898018587336,-0.4999999999999997,-0.8660254037844388,-0.4862727071086902,-0.8738071036110807,0,0,0,0,0,0,0,0,0,0,0,0,0,0,0,0,0,0,0,0,0,0,0,0,0,0,0,0,0,0,0,0,0,0,0,0,0,0,0,0,0,0,0,49,50,0,0,0,0,0,0,0,0,0,0,0,0,0,0,0,0,0,0,0,0,0,0,0,0,0,0,0,0,0,0,0,0,0,0,0,0,0,0,0,1,0.0,,,7004.0,6982.0,6588.0,6699.0,6638.0,7312.0,8336.0,6563.0,6262.0,5751.0,6178.0,6202.0,6010.0,6559.0,4696.0,5154.0,,6699.0,6563.0,6262.0,5751.0,6010.0,6559.0,4696.0,5154.0,6858.0,191.12997322938824,7004.0,6588.0,7079.857142857143,564.3363810888043,8336.0,6588.0,7104.428571428572,573.5163111749076,8336.0,6140.0,6712.5,635.1103672366155,8336.0,5751.0,6935.00782778865,6977.167341974761,6954.129306390565,6805.413740152982,6318.75,6047.75,1.204885601238603,,,,287.0,23.341463414634145,22.86759581881533,1.0547273210960362,367.3571428571431,-0.021256148059334803,0.9413407821229051,1545.0,0.0,0.0,0.0,0.0,6232.0,31,-0.5680647467311556,-0.8229838658936566,3
2024-08-07,13,2,7,1,8,3,2024,220,0,0,0,0,0,0,0.9749279121818236,-0.22252093395631434,-0.8660254037844385,-0.5000000000000004,-0.6016240632249227,-0.7987793728863648,0,0,0,0,0,0,0,0,0,0,0,0,0,0,0,0,0,0,0,0,0,0,0,0,0,0,0,0,0,0,0,0,0,0,0,0,0,0,0,0,0,0,0,41,58,0,0,0,0,0,0,0,0,0,0,0,0,0,0,0,0,0,0,0,0,0,0,0,0,0,0,0,0,0,0,0,0,0,0,0,0,0,0,0,1,0.0,,,,,,,,,,6588.0,7092.0,6136.0,5965.0,6393.0,5186.0,5993.0,3454.0,5353.0,,6588.0,6588.0,7092.0,6136.0,5186.0,5993.0,3454.0,5353.0,6641.666666666667,45.38967087589667,6699.0,6588.0,7255.285714285715,613.459910038537,8336.0,6588.0,7055.5,595.242417603354,8336.0,6140.0,6695.535714285715,636.1886221948678,8336.0,5751.0,6749.555772994129,6962.248329098634,6940.417437625173,6776.962504095713,6605.333333333333,6198.571428571428,1.1745409163843823,,,,288.0,22.875,22.875,1.0836004800640084,559.75,-0.16903118121590038,0.9865279815086455,1235.0,0.0,0.0,0.0,0.0,7157.0,32,-0.663122658240795,-0.7485107481711013,3
2024-08-15,23,3,15,3,8,3,2024,228,0,0,0,0,0,0,0.43388373911755823,-0.900968867902419,-0.8660254037844385,-0.5000000000000004,-0.7055836101071774,-0.70862667826446,0,0,0,0,0,0,0,0,0,0,0,0,0,0,0,0,0,0,0,0,0,0,0,0,0,0,0,0,0,0,0,0,0,0,0,0,0,0,0,0,0,0,0,33,66,0,0,0,0,0,0,0,0,0,0,0,0,0,0,0,0,0,0,0,0,0,0,0,0,0,0,0,0,0,0,0,0,0,0,0,0,0,0,0,1,0.0,,,,,,,,,,,,7407.0,6682.0,6417.0,6344.0,6874.0,6772.0,5162.0,,6638.0,6638.0,6638.0,7407.0,6344.0,6874.0,6772.0,5162.0,7428.666666666667,698.0970960801624,8336.0,6638.0,7307.857142857143,581.400139704988,8336.0,6563.0,6992.0,656.4739141809064,8336.0,6136.0,6669.964285714285,645.3706842993887,8336.0,5751.0,7122.1409001956945,7214.916868732791,7038.755797222002,6797.967109477116,7407.0,6657.8,1.1289115646258503,,,,288.0,23.04861111111111,23.04861111111111,1.0956366225991787,637.8928571428578,-0.04952856783227704,1.1105006987615056,1476.0,0.0,0.0,0.0,0.0,6969.0,33,-0.7485107481711011,-0.6631226582407952,3
2024-08-24,4,5,24,4,8,3,2024,237,1,0,1,0,0,0,-0.9749279121818236,-0.2225209339563146,-0.8660254037844385,-0.5000000000000004,-0.8064799463209447,-0.5912614448635782,0,0,0,0,0,0,0,0,0,0,0,0,0,0,0,0,0,0,0,0,0,0,0,0,0,0,0,0,0,0,0,0,0,0,0,0,0,0,0,0,0,0,0,24,75,0,0,0,0,0,0,0,0,0,0,0,0,0,0,0,0,0,0,0,0,0,0,0,0,0,0,0,0,0,0,0,0,0,0,0,2,1,1,0,0,0.5,,,,6410.0,7033.0,7480.0,7139.0,6969.0,6563.0,7696.0,7317.0,7352.0,8336.0,7852.0,7355.0,7465.0,5752.0,5565.0,,7480.0,7696.0,7317.0,7352.0,7355.0,7465.0,5752.0,5565.0,6974.333333333333,438.7910158099816,7480.0,6410.0,6886.714285714285,348.62452757155484,7480.0,6410.0,6989.214285714285,388.48941492684725,7696.0,6410.0,6894.857142857143,394.9355023550151,7696.0,6232.0,6769.994129158513,6905.11262984988,6939.103032740824,6910.117380949965,7461.25,7510.0,1.0593290365228887,6447.0,,,288.0,25.97222222222222,26.72222222222222,0.9988189955246145,-8.142857142857792,1.481616247852189,1.0821471490137575,1915.0,0.0,0.0,0.0,0.0,7279.0,34,-0.8229838658936564,-0.5680647467311559,3
2024-09-01,14,6,1,1,9,3,2024,245,1,0,0,1,1,0,-0.7818314824680299,0.6234898018587334,-1.0,-1.8369701987210297e-16,-0.8800122039735356,-0.4749510720670502,0,0,0,0,0,0,0,0,0,0,0,0,0,0,0,0,0,0,0,0,0,0,0,0,0,0,0,0,0,0,0,0,0,0,0,0,0,0,0,0,0,0,0,16,83,0,0,0,0,0,0,0,0,0,0,0,0,0,0,0,0,0,0,0,0,0,0,0,0,0,0,0,0,0,0,0,0,0,0,0,2,2,0,1,0,1.0,,,,,,,,,,,7441.0,7009.0,7350.0,7312.0,6185.0,6072.0,6872.0,4369.0,,7480.0,7480.0,7441.0,7009.0,6185.0,6072.0,6872.0,4369.0,7196.0,212.47274334998045,7480.0,6969.0,6973.142857142857,365.53304660901085,7480.0,6563.0,7012.785714285715,360.44262047247025,7696.0,6481.0,6912.964285714285,393.87756275113657,7696.0,6232.0,7232.356164383562,7082.60323227178,7018.013839155808,6940.699351833509,7225.0,7056.5,1.2375909993381866,4571.0,,,288.0,25.97222222222222,25.97222222222222,1.0087051760925383,60.17857142857156,1.4396243094557395,1.0451377587658799,3111.0,0.0,0.0,0.0,0.0,5716.0,35,-0.8854560256532096,-0.4647231720437691,3
2024-09-09,24,0,9,2,9,3,2024,253,0,0,0,0,0,0,0.0,1.0,-1.0,-1.8369701987210297e-16,-0.9368813462954315,-0.34964745525122826,0,0,0,0,0,0,0,0,0,0,0,0,0,0,0,0,0,0,0,0,0,0,0,0,0,0,0,0,0,0,0,0,0,0,0,0,0,0,0,0,0,0,0,8,91,0,0,0,0,0,0,0,0,0,0,0,0,0,0,0,0,0,0,0,0,0,0,0,0,0,0,0,0,0,0,0,0,0,0,0,0,0,0,0,1,0.0,,,,,,,,,,,,6607.0,6764.0,6238.0,6140.0,5648.0,6305.0,5625.0,,6969.0,6969.0,6969.0,6607.0,6140.0,5648.0,6305.0,5625.0,6715.0,180.761352801606,6969.0,6563.0,7014.142857142857,417.0893801338127,7696.0,6563.0,6977.214285714285,348.78036039306795,7696.0,6481.0,6967.392857142857,489.6305705971241,8336.0,6232.0,6828.776908023483,6886.940612850908,6916.662714945571,6883.081591876173,6607.0,6477.4,1.3500581170089112,,,,288.0,24.197916666666668,24.197916666666668,1.006709826897743,46.75,0.003282358074952595,0.9482743596446714,1344.0,0.0,0.0,0.0,0.0,6238.0,37,-0.970941817426052,-0.23931566428755774,3
2024-09-18,6,2,18,3,9,3,2024,262,0,0,0,0,0,0,0.9749279121818236,-0.22252093395631434,-1.0,-1.8369701987210297e-16,-0.9796136916454901,-0.20089055513063528,0,1,0,0,0,0,0,0,0,0,0,0,0,0,0,0,0,0,0,0,0,0,0,0,0,0,0,0,0,0,0,0,0,0,0,0,0,0,0,0,0,0,0,13,1,0,0,0,0,0,0,0,0,0,0,0,0,0,0,0,0,0,0,0,0,0,0,0,1,0,0,0,0,0,0,1,0,0,0,0,0,0,0,0,1,0.0,,,,,,6822.0,7093.0,6238.0,6384.0,6592.0,6658.0,6801.0,6563.0,7157.0,6588.0,6030.0,6544.0,5569.0,,6822.0,6592.0,6658.0,6801.0,6588.0,6030.0,6544.0,5569.0,6717.666666666667,356.7635382465846,7093.0,6238.0,6499.285714285715,405.0811961942989,7093.0,5879.0,6230.857142857143,489.0183836951702,7093.0,5318.0,6492.428571428572,520.0164440100104,7480.0,5318.0,6770.673189823875,6569.531338489832,6450.54185042961,6485.842587341856,6718.25,6682.25,1.2225806451612904,,6104.0,1.1019301714122658,288.0,23.6875,22.88888888888889,1.001056175325104,6.857142857143117,0.6337711669846428,1.0347822738574604,1253.0,0.0,0.0,0.0,6492.428571428572,4384.0,38,-0.992708874098054,-0.12053668025532357,3
2024-09-26,15,3,26,4,9,3,2024,270,0,0,0,0,0,0,0.43388373911755823,-0.900968867902419,-1.0,-1.8369701987210297e-16,-0.9979171608653922,-0.06450844944931625,0,0,0,0,0,0,0,0,0,0,0,0,0,0,0,0,0,0,0,0,0,0,0,0,0,0,0,0,0,0,0,0,0,0,0,0,0,0,0,0,0,0,0,5,9,0,0,0,0,0,0,0,0,0,0,0,0,0,0,0,0,0,0,0,0,0,0,0,0,0,0,0,0,0,0,0,0,0,0,0,0,0,0,0,1,0.0,,,,,,,,,,,5879.0,5988.0,6638.0,6969.0,6591.0,6439.0,6419.0,4163.0,,7093.0,7093.0,5879.0,5988.0,6591.0,6439.0,6419.0,4163.0,6571.666666666667,373.42588138597046,7093.0,6238.0,6466.428571428572,386.47301038378095,7093.0,5879.0,6219.142857142857,476.5220512275612,7093.0,5318.0,6483.178571428572,516.3624871272553,7480.0,5318.0,6716.4031311154595,6485.358429431554,6393.188219415381,6460.796629395227,5933.5,6519.166666666667,1.3845403084130392,,,,288.0,24.62847222222222,24.62847222222222,0.9974163907695189,-16.75,1.1809948316813736,0.915214648899074,2930.0,0.0,0.0,0.0,0.0,7085.0,39,-1.0,-1.8369701987210297e-16,3
2024-10-04,25,4,4,1,10,4,2024,278,0,1,0,0,0,0,-0.433883739117558,-0.9009688679024191,-0.8660254037844386,0.5000000000000001,-0.9973249731081555,0.07309512989807776,0,0,0,0,0,1,0,0,0,0,0,0,0,0,0,0,0,0,0,0,0,0,0,0,0,0,0,0,0,0,1,0,0,0,0,0,0,0,0,0,0,0,0,82,3,0,0,0,0,0,0,0,0,0,0,0,1,0,0,0,0,0,0,0,0,0,0,0,0,0,0,0,0,0,0,0,0,1,0,0,7,4,0,0,0,0.5714285714285714,,,,,,,,,,,,6206.0,6067.0,6984.0,7210.0,6123.0,6303.0,5765.0,,6384.0,6384.0,6384.0,6206.0,7210.0,6123.0,6303.0,5765.0,6487.666666666667,281.99566584533807,6873.0,6206.0,6127.714285714285,506.56228337567285,6873.0,5318.0,6166.071428571428,424.0004151422688,6873.0,5318.0,6479.214285714285,502.3301672593191,7480.0,5318.0,6436.567514677104,6296.864620273467,6292.4604693564925,6426.783761671864,6206.0,6721.2,1.0170463597259838,4773.0,,,278.0,22.964028776978417,22.964028776978417,0.945749594858283,-351.5,-0.18954522726311324,0.9578321886472125,619.0,0.0,6479.214285714285,0.0,0.0,7679.0,40,-0.992708874098054,0.1205366802553232,3
2024-10-13,7,6,13,2,10,4,2024,287,1,0,0,1,0,0,-0.7818314824680299,0.6234898018587334,-0.8660254037844386,0.5000000000000001,-0.9741004551724206,0.22611568550828803,0,0,0,0,0,0,0,0,0,0,0,0,0,0,0,0,0,0,0,0,0,0,0,0,0,0,0,0,0,0,0,0,0,0,0,0,0,0,0,0,0,0,0,73,12,0,0,0,0,0,0,0,0,0,0,0,0,0,0,0,0,0,0,0,0,0,0,0,0,0,0,0,0,0,0,0,0,0,0,0,1,1,1,1,0,1.0,,,,,,,7612.0,7679.0,7787.0,6440.0,6922.0,6007.0,6384.0,5716.0,7033.0,7042.0,6540.0,6428.0,,7612.0,6440.0,6922.0,6007.0,7033.0,7042.0,6540.0,6428.0,7692.666666666667,72.09407434425908,7787.0,7612.0,7330.571428571428,614.7163938744103,8012.0,6347.0,7104.785714285715,517.9484500785532,8012.0,6347.0,6578.0,894.2230865793102,8012.0,4131.0,7636.176125244619,7435.438377337218,7114.14998254241,6806.1432895261705,6456.333333333333,6421.285714285715,1.5948041064320133,5702.0,,,278.0,27.381294964028775,23.165467625899282,1.114407331798636,752.5714285714284,1.1563110095439173,0.9815040032431336,1184.0,0.0,0.0,0.0,0.0,6537.0,41,-0.9709418174260521,0.23931566428755738,3
2024-10-21,17,0,21,3,10,4,2024,295,0,0,0,0,0,0,0.0,1.0,-0.8660254037844386,0.5000000000000001,-0.9338372288229252,0.35769823883312546,0,0,0,0,0,0,0,0,0,0,0,0,0,0,0,0,0,0,0,0,0,0,0,0,0,0,0,0,0,0,0,0,0,0,0,0,0,0,0,0,0,0,0,65,20,0,0,0,0,0,0,0,0,0,0,0,0,0,0,0,0,0,0,0,0,0,0,0,0,0,0,0,0,0,0,0,0,0,0,0,0,0,0,0,1,0.0,,,,,,,,,,,6347.0,6439.0,5843.0,6238.0,6039.0,6638.0,6666.0,6218.0,,7787.0,7787.0,6347.0,6439.0,6039.0,6638.0,6666.0,6218.0,7745.333333333333,236.58449277630652,8012.0,7437.0,7092.285714285715,618.321625574475,8012.0,6347.0,6948.071428571428,511.74218736247514,8012.0,6215.0,6499.0,848.5088180365094,8012.0,4131.0,7638.283757338552,7273.641348178875,6938.46586532243,6677.225151257549,6393.0,6037.333333333333,1.172211350293542,,,,278.0,28.010791366906474,28.010791366906474,1.091288769700833,593.2857142857147,1.5179571179713778,0.9836897984305277,1569.0,0.0,0.0,0.0,0.0,6594.0,43,-0.8854560256532101,0.464723172043768,3
2024-10-29,26,1,29,5,10,4,2024,303,0,0,0,0,0,1,0.7818314824680298,0.6234898018587336,-0.8660254037844386,0.5000000000000001,-0.8758917051442433,0.48250774176121763,0,0,0,0,0,0,0,0,0,0,0,0,0,0,0,0,0,0,0,0,0,0,0,0,0,0,0,0,0,0,0,0,0,0,0,0,0,0,0,0,0,0,0,57,28,0,0,0,0,0,0,0,0,0,0,0,0,0,0,0,0,0,0,0,0,0,0,0,0,0,0,0,0,0,0,0,0,0,0,0,0,0,0,0,1,0.0,,,,,,,,,,,,7437.0,7099.0,4131.0,5642.0,6232.0,6559.0,4969.0,,8012.0,8012.0,8012.0,7437.0,5642.0,6232.0,6559.0,4969.0,7265.333333333333,690.4869457290429,8012.0,6347.0,6992.0,550.7496190258718,8012.0,6347.0,6753.571428571428,653.704904403215,8012.0,5064.0,6430.857142857143,818.4157480979296,8012.0,4131.0,7488.221135029355,7101.673860044917,6807.487380418354,6594.816732169852,7437.0,6280.4,1.1508187302499282,,,,278.0,28.820143884892087,28.820143884892087,1.0872578638706238,561.1428571428569,1.9319555627046185,1.1564554824951128,3043.0,0.0,0.0,0.0,0.0,6471.0,44,-0.822983865893657,0.5680647467311548,3
2024-11-07,8,3,7,1,11,4,2024,312,0,0,0,0,0,0,0.43388373911755823,-0.900968867902419,-0.5000000000000004,0.8660254037844384,-0.7909456567567774,0.6118864012687242,0,0,0,0,0,0,0,0,0,0,0,0,0,0,0,0,0,0,0,0,0,0,0,0,0,0,0,0,0,0,0,0,0,0,0,0,0,0,0,0,0,0,0,48,37,0,0,0,0,0,0,0,0,0,0,0,0,0,0,0,0,0,0,0,0,0,0,0,0,0,0,0,0,0,0,0,0,0,0,0,0,0,0,0,1,0.0,,,,,,,,6471.0,7047.0,6855.0,6926.0,5671.0,7787.0,7085.0,6720.0,7050.0,6735.0,5329.0,,6471.0,6855.0,6926.0,5671.0,6720.0,7050.0,6735.0,5329.0,6767.333333333333,235.44614859642297,7047.0,6471.0,6952.428571428572,430.73885265166587,7869.0,6471.0,6944.285714285715,381.68338198254406,7869.0,6428.0,6824.357142857143,717.4295492682646,8012.0,5113.0,6768.1213307240705,6889.306491082156,6878.134703400045,6798.998534480111,6484.0,6586.857142857143,1.3022740994163815,,,,278.0,23.276978417266186,24.658273381294965,1.0187668121539444,128.07142857142844,-0.49253218412532124,0.9501261238630535,1142.0,0.0,0.0,0.0,0.0,7277.0,45,-0.7485107481711011,0.6631226582407952,3
2024-11-15,18,4,15,3,11,4,2024,320,0,1,0,0,0,0,-0.433883739117558,-0.9009688679024191,-0.5000000000000004,0.8660254037844384,-0.6994583270516471,0.7146733860429608,0,0,0,0,0,0,0,0,0,0,0,0,0,0,0,0,0,0,0,0,0,0,0,0,0,0,0,0,0,0,0,0,0,0,0,0,0,0,0,0,0,0,0,40,45,0,0,0,0,0,0,0,0,0,0,0,0,0,0,0,0,0,0,0,0,0,0,0,0,0,0,0,0,0,0,0,0,0,0,0,0,0,0,0,1,0.0,,,,,,,,,,,7090.0,7265.0,6528.0,7679.0,6215.0,7139.0,6814.0,6146.0,,6784.0,6784.0,7090.0,7265.0,6215.0,7139.0,6814.0,6146.0,7247.666666666667,456.76422315627514,7869.0,6784.0,6881.571428571428,451.40822738968996,7869.0,6428.0,6925.642857142857,380.70434857039413,7869.0,6428.0,6833.857142857143,727.9616215495014,8012.0,5113.0,7086.726027397261,7020.039324698729,6922.950618993297,6806.673974906409,7177.5,6966.833333333333,1.142087542087542,,,,278.0,24.402877697841728,24.402877697841728,1.006982043188327,47.714285714285325,-0.06848869690550415,1.0502853439806008,638.0,0.0,0.0,0.0,0.0,7390.0,46,-0.6631226582407955,0.7485107481711007,3
2024-11-23,28,5,23,4,11,4,2024,328,1,0,1,0,0,0,-0.9749279121818236,-0.2225209339563146,-0.5000000000000004,0.8660254037844384,-0.594726686960764,0.8039279618328208,0,0,0,0,0,0,0,0,0,0,0,0,0,0,0,0,0,0,0,0,0,0,0,0,0,0,0,0,0,0,0,0,0,0,0,0,0,0,0,0,0,0,0,32,53,0,0,0,0,0,0,0,0,0,0,0,0,0,0,0,0,0,0,0,0,0,0,0,0,0,0,0,0,0,0,0,0,0,0,0,2,1,1,0,0,0.5,,,,,,,,,,,,,7391.0,7325.0,6599.0,7279.0,7465.0,6039.0,,7090.0,7090.0,7090.0,7090.0,6599.0,7279.0,7465.0,6039.0,6832.0,220.64602118929466,7090.0,6551.0,6862.285714285715,329.28481561699493,7391.0,6428.0,6869.142857142857,314.5238708049398,7391.0,6428.0,6776.214285714285,704.1009138886097,8012.0,5113.0,6909.941291585127,6842.320384820308,6801.255470000876,6729.730147031088,,7231.75,1.3793774319066148,6234.0,,,277.0,25.595667870036102,25.595667870036102,1.0127019933169596,86.07142857142935,0.4456544624445073,,1051.0,0.0,0.0,0.0,0.0,7919.0,47,-0.5680647467311559,0.8229838658936564,3
2024-12-02,10,0,2,1,12,4,2024,337,0,0,0,0,1,0,0.0,1.0,-2.4492935982947064e-16,1.0,-0.4635502709028512,0.8860706215341378,0,0,0,0,0,0,0,0,0,0,0,0,0,0,0,0,0,0,0,0,0,0,0,0,0,0,0,0,0,0,0,0,0,0,0,0,0,0,0,0,0,0,0,23,62,0,0,0,0,0,0,0,0,0,0,0,0,0,0,0,0,0,0,0,0,0,0,0,0,0,0,0,0,0,0,0,0,0,0,0,0,0,0,0,1,0.0,,,,,,,,,,6478.0,6556.0,6839.0,7047.0,6594.0,5565.0,5318.0,6321.0,5454.0,,7221.0,6478.0,6556.0,6839.0,5565.0,5318.0,6321.0,5454.0,7149.333333333333,278.58252318159197,7449.0,6778.0,7200.0,455.9194791063126,8002.0,6478.0,7281.357142857143,440.87212385434026,8059.0,6478.0,7084.5,462.1984345031286,8059.0,6400.0,7186.350293542075,7175.42732928566,7170.246598336662,7087.04610992626,6624.333333333333,6512.285714285715,1.29897463572585,,,,271.0,26.645756457564577,23.904059040590408,1.0163031971204743,115.5,0.2953276986901522,0.935045992424777,1767.0,0.0,0.0,0.0,0.0,6216.0,49,-0.35460488704253595,0.9350162426854147,3
2024-12-10,19,1,10,2,12,4,2024,345,0,0,0,0,0,0,0.7818314824680298,0.6234898018587336,-2.4492935982947064e-16,1.0,-0.33752289959411347,0.941317317512847,0,0,0,0,0,0,0,0,0,0,0,0,0,0,0,0,0,0,0,0,0,0,0,0,0,0,0,0,0,0,0,0,0,0,0,0,0,0,0,0,0,0,0,15,70,0,0,0,0,0,0,0,0,0,0,0,0,0,0,0,0,0,0,0,0,0,0,0,0,0,0,0,0,0,0,0,0,0,0,0,0,0,0,0,1,0.0,,,,,,,,,,,6778.0,7440.0,6925.0,6471.0,6750.0,7093.0,4717.0,5047.0,,7449.0,7449.0,6778.0,7440.0,6750.0,7093.0,4717.0,5047.0,6901.666666666667,405.9395138304337,7449.0,6478.0,7218.428571428572,458.99264144205966,8002.0,6478.0,7285.357142857143,440.56029377257727,8059.0,6478.0,7071.428571428572,463.3272854790529,8059.0,6400.0,7152.12915851272,7159.7039946773175,7161.8518758127975,7076.897224392069,7109.0,6798.666666666667,1.3607964925100475,,,,253.0,29.442687747035574,29.442687747035574,1.0207878787878788,147.0,0.8149130008198029,1.0053131313131314,2402.0,0.0,0.0,0.0,0.0,6627.0,50,-0.2393156642875578,0.970941817426052,3
2024-12-19,1,3,19,3,12,4,2024,354,0,0,0,0,0,0,0.43388373911755823,-0.900968867902419,-2.4492935982947064e-16,1.0,-0.1882267098432439,0.9821256058680006,0,0,0,0,0,0,0,0,0,0,0,0,0,0,0,0,0,0,0,0,0,0,0,0,0,0,0,0,0,0,0,0,0,0,0,0,0,0,0,0,0,0,0,6,79,0,0,0,0,0,0,0,0,0,0,0,0,0,0,0,0,0,0,0,0,0,0,0,0,0,0,0,0,0,0,0,0,0,0,0,0,0,0,0,1,0.0,6517.0,6340.0,6969.0,7718.0,7305.0,6749.0,6949.0,6627.0,6242.0,7047.0,6815.0,7221.0,7350.0,7277.0,6855.0,5064.0,6344.0,6065.0,,6749.0,7047.0,6815.0,7221.0,6855.0,5064.0,6344.0,6065.0,6608.666666666667,264.8425108541972,6969.0,6340.0,6935.285714285715,433.3730541711525,7718.0,6340.0,6933.428571428572,400.7635060170799,7718.0,6242.0,7045.607142857143,447.25259236537806,7979.0,6216.0,6636.062622309198,6813.38398620913,6908.01949604845,6979.43005688925,6958.0,6983.125,1.1752930568079352,,,,253.0,26.675889328063242,27.85375494071146,0.9843418137948164,-110.32142857142844,-0.663175905339042,0.9875657071021964,684.0,0.0,0.0,0.0,0.0,6387.0,51,-0.12053668025532363,0.992708874098054,3
2024-12-27,11,4,27,4,12,4,2024,362,0,1,0,0,0,0,-0.433883739117558,-0.9009688679024191,-2.4492935982947064e-16,1.0,-0.05161966722325418,0.9986668162884759,0,0,0,0,0,0,0,0,1,0,0,0,0,0,0,0,0,0,0,0,0,0,0,0,0,0,0,0,0,0,0,0,0,0,0,0,0,0,0,0,0,0,0,5,2,0,0,0,0,0,0,0,0,0,0,0,0,0,0,0,0,0,0,0,0,0,0,0,0,0,0,0,0,0,0,0,0,1,0,0,0,0,0,0,1,0.0,,,,,,,,,,7305.0,7051.0,7407.0,7363.0,7390.0,6789.0,7024.0,7072.0,5663.0,,6969.0,7305.0,7051.0,7407.0,6789.0,7024.0,7072.0,5663.0,7330.666666666667,306.31610397684864,7718.0,6969.0,6937.0,440.9441169646266,7718.0,6242.0,6957.071428571428,399.22737243074806,7718.0,6216.0,7059.857142857143,431.43346733267447,7979.0,6216.0,7175.225048923679,7103.523665391117,7065.185808156197,7063.719608370352,7254.333333333333,7222.428571428572,1.022297198181018,,,,279.0,24.978494623655912,26.182795698924732,0.9825977862765333,-122.85714285714312,-0.21059363664776612,1.0275467600180765,1306.0,0.0,0.0,0.0,0.0,7647.0,52,6.432490598706546e-16,1.0,3
2025-01-04,21,5,4,1,1,1,2025,4,1,0,1,0,0,0,-0.9749279121818236,-0.2225209339563146,0.49999999999999994,0.8660254037844387,0.06880242680231986,0.9976303053065857,0,0,0,0,0,0,0,0,0,0,0,0,0,0,0,0,0,0,0,0,0,0,0,0,0,0,0,0,0,0,0,0,0,0,0,0,0,0,0,0,0,0,0,25,3,0,0,0,0,0,0,0,0,0,0,0,0,0,0,0,0,0,0,0,0,0,0,0,0,0,0,0,0,0,0,0,0,0,0,0,2,1,1,0,0,0.5,,,,,,,,,,,,7416.0,7979.0,7919.0,8059.0,7612.0,6692.0,5851.0,2831.0,7305.0,7305.0,7305.0,7416.0,8059.0,7612.0,6692.0,5851.0,7001.0,229.94492094122597,7305.0,6749.0,6934.0,392.3161990027942,7416.0,6242.0,7009.5,454.5964851224812,7979.0,6216.0,7074.035714285715,449.3194442823547,8002.0,6216.0,7043.908023483366,6958.52545621228,6981.540176630646,7022.627629583184,7416.0,7875.0,1.2467997951868919,6542.0,,,276.0,26.467391304347824,26.467391304347824,0.9802042681233686,-140.03571428571468,0.5140313615476346,1.0483407632539519,1454.0,0.0,0.0,0.0,0.0,8150.0,1,0.12053668025532305,0.992708874098054,3
2025-01-13,2,0,13,2,1,1,2025,13,0,0,0,0,0,0,0.0,1.0,0.49999999999999994,0.8660254037844387,0.2219215130041655,0.9750645322571948,0,0,0,0,0,0,0,0,0,0,0,0,0,0,0,0,0,0,0,0,0,0,0,0,0,0,0,0,0,0,0,0,0,0,0,0,0,0,0,0,0,0,0,16,12,0,0,0,0,0,0,0,0,0,0,0,0,0,0,0,0,0,0,0,0,0,0,0,0,0,0,0,0,0,0,0,0,0,0,0,0,0,0,0,1,0.0,,7362.0,7244.0,7363.0,7766.0,7501.0,7555.0,8150.0,6999.0,6325.0,6302.0,6340.0,6242.0,6216.0,6478.0,6507.0,6140.0,5703.0,2840.0,7501.0,6325.0,6302.0,6340.0,6478.0,6507.0,6140.0,5703.0,7323.0,55.86292748027682,7363.0,7244.0,7563.0,285.81912362291547,8150.0,7244.0,7330.928571428572,471.76741610454525,8150.0,6325.0,7086.714285714285,516.6575169257856,8150.0,6302.0,7368.665362035225,7395.350588594694,7319.598893156769,7200.353904935399,6617.0,6509.5,1.2511896668932698,,,,276.0,27.17753623188406,22.916666666666668,1.067208256899228,476.2857142857147,0.8018575182081868,0.933719031588284,1798.0,0.0,0.0,0.0,0.0,6842.0,3,0.3546048870425356,0.9350162426854148,3
2025-01-21,12,1,21,3,1,1,2025,21,0,0,0,0,0,0,0.7818314824680298,0.6234898018587336,0.49999999999999994,0.8660254037844387,0.3536761221763716,0.9353679493131483,0,0,0,0,0,0,0,0,0,0,0,0,0,0,0,0,0,0,0,0,0,0,0,0,0,0,0,0,0,0,0,0,0,0,0,0,0,0,0,0,0,0,0,8,20,0,0,0,0,0,0,0,0,0,0,0,0,0,0,0,0,0,0,0,0,0,0,0,0,0,0,0,0,0,0,0,0,0,0,0,0,0,0,0,1,0.0,,,,,,,,,,7766.0,7011.0,6996.0,6517.0,6627.0,6852.0,6428.0,6699.0,5438.0,5681.0,7363.0,7766.0,7011.0,6996.0,6852.0,6428.0,6699.0,5438.0,7543.333333333333,167.2250645753268,7766.0,7363.0,7431.428571428572,446.53166809560656,8150.0,6686.0,7322.214285714285,496.4289876668347,8150.0,6325.0,7067.0,518.3929838590466,8150.0,6302.0,7506.60469667319,7459.257720986654,7323.5599856872495,7184.182617060186,7257.666666666667,6963.0,1.233539956441615,,,,276.0,26.67753623188406,28.13768115942029,1.0515676484262872,364.42857142857156,0.5709953822995485,1.0269798594405926,1925.0,0.0,0.0,0.0,0.0,6130.0,4,0.4647231720437685,0.8854560256532099,3
2025-01-29,22,2,29,5,1,1,2025,29,0,0,0,0,0,1,0.9749279121818236,-0.22252093395631434,0.49999999999999994,0.8660254037844387,0.47873384011578846,0.8779600847008882,1,0,0,0,0,0,0,0,0,0,0,0,0,0,0,0,1,0,0,0,0,0,0,0,0,0,0,0,0,0,0,0,0,0,0,0,0,0,0,0,0,0,0,0,0,0,0,1,0,0,0,0,0,0,0,0,0,0,0,0,0,0,0,0,0,0,0,0,0,0,0,0,0,0,0,1,0,0,0,0,8,2,0,0,0,0.25,,,,,,,,,,,,7464.0,7222.0,6789.0,6888.0,6411.0,6277.0,4696.0,3683.0,7501.0,7501.0,7501.0,7464.0,6888.0,6411.0,6277.0,4696.0,7735.333333333333,294.0411913698865,8150.0,7501.0,7338.0,446.5473899023164,8150.0,6686.0,7257.142857142857,486.1476638022733,8150.0,6325.0,7011.535714285715,502.48123505423825,8150.0,6302.0,7529.207436399217,7398.19072719553,7248.007287963472,7126.564917647526,7464.0,7062.4,1.19575960465487,,4041.0,0.6587541773263533,280.0,26.789285714285715,26.789285714285715,1.0465610244342232,326.4642857142853,0.9740946558162558,1.0645314099723415,2805.0,7011.535714285715,0.0,0.0,0.0,5335.0,5,0.5680647467311558,0.8229838658936564,3
2025-02-07,4,4,7,1,2,1,2025,38,0,1,0,0,0,0,-0.433883739117558,-0.9009688679024191,0.8660254037844386,0.5000000000000001,0.6084768701151261,0.7935716089521474,1,0,0,0,0,0,0,0,0,0,0,0,0,0,0,0,0,0,0,0,0,0,0,0,0,1,0,0,0,0,0,0,0,0,0,0,0,0,0,0,0,0,0,56,9,0,0,0,0,1,0,0,0,0,0,0,0,0,0,0,0,0,0,0,0,0,0,0,0,0,0,0,0,0,0,0,0,1,0,0,0,0,0,0,1,0.0,,,,7727.0,7756.0,7252.0,6264.0,5335.0,3331.0,5946.0,7450.0,7362.0,6999.0,7647.0,7305.0,7252.0,7210.0,3173.0,4200.0,7252.0,5946.0,7450.0,7362.0,7305.0,7252.0,7210.0,3173.0,7578.333333333333,231.0560297609411,7756.0,7252.0,5897.714285714285,1726.4735084878089,7756.0,3331.0,5835.714285714285,1279.837122927949,7756.0,3331.0,6593.857142857143,1211.514834361326,8310.0,3331.0,7390.5518590998045,6610.526920958799,6310.504326645177,6434.570099414981,7002.5,7084.625,1.4416044776119403,,5012.0,0.8170442803166749,280.0,25.9,21.235714285714284,0.8944255475875814,-696.1428571428578,0.5432396190920847,1.061973265160214,4079.0,6593.857142857143,0.0,0.0,0.0,7305.0,6,0.6631226582407952,0.7485107481711011,3
2025-02-15,13,5,15,3,2,1,2025,46,1,0,1,0,0,0,-0.9749279121818236,-0.2225209339563146,0.8660254037844386,0.5000000000000001,0.7116566222817746,0.7025274741691571,0,0,0,0,0,0,0,0,0,0,0,0,0,0,0,0,0,0,0,0,0,0,0,0,0,0,0,0,0,0,0,0,0,0,0,0,0,0,0,0,0,0,0,48,17,0,0,0,0,0,0,0,0,0,0,0,0,0,0,0,0,0,0,0,0,0,0,0,0,0,0,0,0,0,0,0,0,0,0,0,2,1,1,0,0,0.5,,,,,,,,,,7756.0,5480.0,7652.0,8310.0,8150.0,6960.0,8002.0,7480.0,6610.0,4885.0,7756.0,7756.0,5480.0,7652.0,6960.0,8002.0,7480.0,6610.0,7090.666666666667,619.6974172036615,7756.0,6264.0,5447.571428571428,1596.7474849243524,7756.0,3331.0,5780.571428571428,1211.9945611786095,7756.0,3331.0,6587.714285714285,1206.1780802288233,8310.0,3331.0,7050.618395303327,6238.194395465289,6092.077897831675,6338.771026645395,6962.666666666667,7476.571428571428,1.4972972972972973,5718.0,,,280.0,27.7,27.7,0.826928915296873,-1140.1428571428569,0.9685847665745011,1.0569169160486331,1146.0,0.0,0.0,0.0,0.0,7363.0,7,0.7485107481711011,0.6631226582407953,3
2025-02-23,23,6,23,4,2,1,2025,54,1,0,0,1,0,0,-0.7818314824680299,0.6234898018587334,0.8660254037844386,0.5000000000000001,0.8013610881746766,0.5981809144059165,0,0,0,0,0,0,0,0,0,0,0,0,0,0,0,0,0,0,0,0,0,0,0,0,0,0,0,0,0,0,0,0,0,0,0,0,0,0,0,0,0,0,0,40,25,0,0,0,0,0,0,0,0,0,0,0,0,0,0,0,0,0,0,0,0,0,0,0,0,0,0,0,0,0,0,0,0,0,0,0,2,2,0,1,0,1.0,,,,,,,,,,,,4576.0,6955.0,7507.0,7179.0,6855.0,6447.0,5752.0,3933.0,6264.0,6264.0,6264.0,4576.0,7179.0,6855.0,6447.0,5752.0,4976.666666666667,1223.9074946888575,6264.0,3331.0,4935.857142857143,1047.3732352306656,6264.0,3331.0,5787.285714285715,1218.4948811998368,7652.0,3331.0,6592.75,1218.0084923759769,8310.0,3331.0,5429.909980430529,5226.353354807248,5617.707200346784,6158.427972050018,4576.0,6754.4,1.3209616195698017,4926.0,,,280.0,22.37142857142857,22.37142857142857,0.7486795560057856,-1656.8928571428569,-0.2699078061095496,0.6940957870387926,512.0,0.0,0.0,0.0,0.0,7736.0,8,0.8229838658936564,0.5680647467311559,3
2025-03-04,5,1,4,1,3,1,2025,63,0,0,0,0,0,0,0.7818314824680298,0.6234898018587336,1.0,6.123233995736766e-17,0.8840675099433636,0.4673592171580022,0,0,0,0,0,0,0,0,0,0,0,0,0,0,0,0,0,0,0,0,0,0,0,0,0,0,0,0,0,0,0,0,0,0,0,0,0,0,0,0,0,0,0,31,34,0,0,0,0,0,0,0,0,0,0,0,0,0,0,0,0,0,0,0,0,0,0,0,0,0,0,0,0,0,0,0,0,0,0,0,0,0,0,0,1,0.0,,,,,7477.0,6847.0,6807.0,7736.0,8234.0,6924.0,6140.0,7642.0,3331.0,6130.0,7766.0,6972.0,5642.0,6875.0,3654.0,6847.0,6924.0,6140.0,7642.0,7766.0,6972.0,5642.0,6875.0,7043.666666666667,306.8477726097349,7477.0,6807.0,7413.714285714285,479.65097855053915,8234.0,6807.0,7174.428571428572,538.4420268947537,8234.0,5995.0,7065.035714285715,604.6185622914228,8234.0,5747.0,7274.829745596869,7287.091095450574,7178.094701273626,6996.424417657364,6888.25,6476.0,1.4112872782181956,,,,291.0,23.52920962199313,23.79381443298969,1.0493526976407963,348.67857142857065,-0.36061697057296543,0.9749773785391843,-28.0,0.0,0.0,0.0,0.0,7199.0,10,0.9350162426854148,0.35460488704253557,3
2025-03-12,15,2,12,2,3,1,2025,71,0,0,0,0,0,0,0.9749279121818236,-0.22252093395631434,1.0,6.123233995736766e-17,0.9398560579418954,0.3415707691678556,0,0,0,0,0,0,0,0,0,0,0,0,0,0,0,0,0,0,0,0,0,0,0,0,0,0,0,0,0,0,0,0,0,0,0,0,0,0,0,0,0,0,0,23,42,0,0,0,0,0,0,0,0,0,0,0,0,0,0,0,0,0,0,0,0,0,0,0,0,0,0,0,0,0,0,0,0,0,0,0,0,0,0,0,1,0.0,,,,,,,,,,,7607.0,5747.0,7150.0,5335.0,7065.0,6949.0,6822.0,6431.0,3269.0,6807.0,6807.0,7607.0,5747.0,7065.0,6949.0,6822.0,6431.0,7592.333333333333,591.3613296642097,8234.0,6807.0,7443.285714285715,471.52388646833583,8234.0,6807.0,7000.357142857143,683.6614248862891,8234.0,5747.0,6862.964285714285,960.12002531465,8234.0,3331.0,7296.675146771037,7349.669464509182,7175.860842776192,6969.164599395893,6677.0,6480.0,1.381851400730816,,,,273.0,24.934065934065934,24.934065934065934,1.0845584217565298,580.3214285714294,-0.058288843309923406,0.9729032123769925,376.0,0.0,0.0,0.0,0.0,7565.0,11,0.970941817426052,0.23931566428755804,3
2025-03-20,24,3,20,3,3,1,2025,79,0,0,0,0,0,0,0.43388373911755823,-0.900968867902419,1.0,6.123233995736766e-17,0.9778483415056568,0.20931464596304847,0,0,0,0,0,0,0,0,0,0,0,0,0,0,0,0,0,0,0,0,0,0,0,0,0,0,0,0,0,0,0,0,0,0,0,0,0,0,0,0,0,0,0,15,50,0,0,0,0,0,0,0,0,0,0,0,0,0,0,0,0,0,0,0,0,0,0,0,0,0,0,0,0,0,0,0,0,0,0,0,0,0,0,0,1,0.0,,,,,,,,,,,,7133.0,5995.0,6869.0,6206.0,6387.0,5064.0,6544.0,4001.0,7736.0,7736.0,7736.0,7133.0,6206.0,6387.0,5064.0,6544.0,7877.333333333333,254.00437441552504,8234.0,7662.0,7460.285714285715,449.9278400193633,8234.0,6924.0,6954.357142857143,716.0236036754711,8234.0,5747.0,6749.107142857143,1133.3964235015578,8234.0,3331.0,7787.438356164384,7531.1457695125855,7232.62190844558,6981.068286089243,7133.0,6493.4,1.344923504867872,,,,273.0,28.336996336996336,28.336996336996336,1.1053737266834238,711.1785714285716,0.8707393429863778,1.0568805397539356,1192.0,0.0,0.0,0.0,0.0,7607.0,12,0.992708874098054,0.120536680255323,3
2025-03-29,6,5,29,5,3,1,2025,88,1,0,1,0,0,1,-0.9749279121818236,-0.2225209339563146,1.0,6.123233995736766e-17,0.9984354211555643,0.055916990100603484,0,0,0,0,0,0,0,0,0,0,0,0,0,0,0,0,0,0,0,0,0,0,0,0,0,0,0,0,0,0,0,0,0,0,0,0,0,0,0,0,0,0,0,6,59,0,0,0,0,0,0,0,0,0,0,0,0,0,0,0,0,0,0,0,0,0,0,0,0,0,0,0,0,0,0,0,0,0,0,0,2,1,1,0,0,0.5,,,,,,7978.0,7612.0,7607.0,7791.0,7262.0,7849.0,7870.0,8234.0,7363.0,7756.0,8028.0,6599.0,6586.0,3897.0,7978.0,7262.0,7849.0,7870.0,7756.0,8028.0,6599.0,6586.0,7732.333333333333,173.72455848906978,7978.0,7607.0,7401.857142857143,461.9450890594275,7978.0,6507.0,7284.357142857143,394.1083257798287,7978.0,6507.0,7307.071428571428,377.5313542864854,7978.0,6507.0,7768.857142857143,7542.429306657699,7401.820903066877,7288.301661140386,7739.75,7700.75,1.2789355562680347,7008.0,,,273.0,29.223443223443223,26.600732600732602,1.012971778805267,94.78571428571468,1.7771466232164785,1.0592136775530552,1392.0,0.0,0.0,0.0,0.0,7756.0,13,1.0,-1.6081226496766366e-16,3
2025-04-06,16,6,6,1,4,2,2025,96,1,0,0,1,0,0,-0.7818314824680299,0.6234898018587334,0.8660254037844387,-0.4999999999999998,0.9966589017541702,-0.08167639533042241,0,0,0,0,0,0,0,0,0,0,0,0,0,0,0,0,0,0,0,0,0,0,0,0,0,0,0,0,0,0,0,0,0,0,0,0,0,0,0,0,0,0,0,14,2,0,0,0,0,0,0,0,0,0,0,0,0,0,0,0,0,0,0,0,0,0,0,0,0,0,0,0,0,0,0,0,0,0,0,0,3,3,0,1,0,1.0,,,,,,,,,,,7107.0,7348.0,7022.0,7736.0,6525.0,7555.0,7318.0,6307.0,4433.0,7607.0,7607.0,7107.0,7348.0,6525.0,7555.0,7318.0,6307.0,7536.333333333333,241.99908172461224,7791.0,7211.0,7160.428571428572,433.0416862622077,7791.0,6507.0,7284.714285714285,388.9493960055231,7849.0,6507.0,7318.0,397.7408524583384,8234.0,6507.0,7503.9432485322895,7325.27621089328,7266.790539873422,7209.467173281312,7227.5,7141.166666666667,1.1624388753056234,,,,273.0,27.864468864468865,27.864468864468865,0.9784679654862766,-157.57142857142844,0.726603762761009,0.9876332331238044,1300.0,0.0,0.0,0.0,0.0,5644.0,14,0.992708874098054,-0.12053668025532288,3
2025-04-14,26,0,14,2,4,2,2025,104,0,0,0,0,0,0,0.0,1.0,0.8660254037844387,-0.4999999999999998,0.9760105506323683,-0.21772323039653177,0,0,0,0,0,0,0,0,0,0,0,0,0,0,0,0,0,0,0,0,0,0,0,0,0,0,0,0,0,0,0,0,0,0,0,0,0,0,0,0,0,0,0,6,10,0,0,0,0,0,0,0,0,0,0,0,0,0,0,0,0,0,0,0,0,0,0,0,0,0,0,0,0,0,0,0,0,0,0,0,0,0,0,0,1,0.0,,,,,,,,,,,,6507.0,7111.0,7295.0,6926.0,6842.0,6507.0,6540.0,4081.0,7211.0,7211.0,7211.0,6507.0,6926.0,6842.0,6507.0,6540.0,6941.666666666667,310.27443050019804,7211.0,6507.0,7057.285714285715,339.5966995825297,7565.0,6507.0,7185.214285714285,358.5961075741717,7849.0,6507.0,7294.5,388.4295762609816,8234.0,6507.0,7007.587084148728,7044.441332852058,7125.185954842929,7134.506233190355,6507.0,6929.2,1.1228589224540642,,,,273.0,26.413919413919412,26.413919413919412,0.9674803912928528,-237.21428571428532,-0.21496818240199417,0.892041949413942,671.0,0.0,0.0,0.0,0.0,6528.0,16,0.9350162426854148,-0.35460488704253545,3
2025-04-23,7,2,23,4,4,2,2025,113,0,0,0,0,0,0,0.9749279121818236,-0.22252093395631434,0.8660254037844387,-0.4999999999999998,0.9307239310379795,-0.36572252349726897,0,0,0,0,0,0,0,0,0,0,0,0,0,0,0,0,0,0,0,0,0,0,0,0,0,0,0,0,0,0,0,0,0,0,0,0,0,0,0,0,0,0,0,8,3,0,0,0,0,0,0,0,0,0,0,0,0,0,0,0,0,0,0,0,0,0,0,0,0,0,0,0,0,0,0,0,0,0,0,0,0,0,0,0,1,0.0,,,,,,,6804.0,6528.0,7177.0,6391.0,6218.0,7312.0,7791.0,7565.0,7477.0,5976.0,6551.0,6546.0,4921.0,6804.0,6391.0,6218.0,7312.0,7477.0,5976.0,6551.0,6546.0,6836.333333333333,265.937753786274,7177.0,6528.0,6917.285714285715,456.9638042201449,7765.0,6391.0,6613.285714285715,586.5704717826725,7765.0,5625.0,6880.178571428572,657.390623904813,7978.0,5625.0,6843.536203522505,6835.658858302162,6775.858640423824,6825.318874007727,6640.333333333333,7123.0,1.1551782682512735,,,,270.0,25.2,23.67037037037037,1.0053933400814972,37.10714285714312,-0.11588022198442832,0.9651396783375292,258.0,0.0,0.0,0.0,0.0,6246.0,17,0.8854560256532099,-0.4647231720437685,3
2025-05-01,17,3,1,1,5,2,2025,121,0,0,0,0,1,0,0.43388373911755823,-0.900968867902419,0.49999999999999994,-0.8660254037844387,0.8717063187093218,-0.4900286664290592,0,0,0,0,0,0,1,0,0,0,0,0,0,0,0,0,0,0,0,0,0,0,0,0,0,0,0,0,0,0,0,0,0,0,1,0,0,0,0,0,0,0,0,0,0,0,0,0,0,0,0,0,0,0,0,0,0,0,0,0,0,0,1,0,0,0,0,0,0,0,0,0,0,0,0,0,1,0,0,0,5,1,1,0,0,0.2,,,,,,,,,,,6538.0,6169.0,6936.0,7607.0,6898.0,6264.0,6551.0,7710.0,4095.0,7177.0,7177.0,6538.0,6169.0,6898.0,6264.0,6551.0,7710.0,7386.666666666667,268.04518690366785,7765.0,7177.0,6734.142857142857,651.908501154534,7765.0,5625.0,6519.428571428572,620.0890159929477,7765.0,5625.0,6893.964285714285,660.4678797285006,7978.0,5625.0,7234.87084148728,6952.780422429067,6809.457916862914,6848.827523142368,6353.5,6876.5,0.9618064861967301,8428.0,,,270.0,26.581481481481482,26.581481481481482,0.9768171951655433,-159.82142857142844,0.42853819689469613,0.9216032657966856,-533.0,0.0,0.0,6893.964285714285,0.0,8349.0,18,0.8229838658936565,-0.5680647467311557,3
2025-05-09,27,4,9,2,5,2,2025,129,0,1,0,0,0,0,-0.433883739117558,-0.9009688679024191,0.49999999999999994,-0.8660254037844387,0.7961828637826158,-0.6050560696488488,0,0,0,0,0,0,0,0,0,0,0,0,0,0,0,0,0,0,0,0,0,0,0,0,0,0,0,0,0,0,0,0,0,0,0,0,0,0,0,0,0,0,0,22,8,0,0,0,0,0,0,0,0,0,0,0,0,0,0,0,0,0,0,0,0,0,0,0,0,0,0,0,0,0,0,0,0,0,0,0,0,0,0,0,1,0.0,,,,,,,,,,,,7218.0,6909.0,7674.0,6638.0,7305.0,7252.0,6735.0,4776.0,7218.0,7218.0,7218.0,7218.0,6638.0,7305.0,7252.0,6735.0,6715.666666666667,360.23726749031516,7218.0,6391.0,6430.857142857143,592.2107319361987,7218.0,5625.0,6481.857142857143,593.3201806231555,7756.0,5625.0,6873.5,642.1057712157487,7978.0,5625.0,6816.311154598826,6582.1964264124035,6597.179343004531,6754.788626678487,7218.0,7210.2,1.0260127931769722,,,,270.0,26.733333333333334,26.733333333333334,0.9356015338411497,-442.6428571428569,0.5365159689309931,1.0501200261875319,483.0,0.0,0.0,0.0,0.0,6367.0,19,0.7485107481711013,-0.663122658240795,3
2025-05-18,9,6,18,3,5,2,2025,138,1,0,0,1,0,0,-0.7818314824680299,0.6234898018587334,0.49999999999999994,-0.8660254037844387,0.6932812268869777,-0.7206671495538609,0,0,0,0,0,0,0,0,0,0,0,0,0,0,0,0,0,0,0,0,0,0,0,0,0,0,0,0,0,0,0,0,0,0,0,0,0,0,0,0,0,0,0,13,17,0,0,0,0,0,0,0,0,0,0,0,0,0,0,0,0,0,0,0,0,0,0,0,0,0,0,0,0,0,0,0,0,0,0,0,2,2,0,1,0,1.0,,,,,,,,,5714.0,7302.0,7028.0,7872.0,7177.0,5644.0,6837.0,7109.0,7082.0,7326.0,4856.0,5714.0,7302.0,7028.0,7872.0,6837.0,7109.0,7082.0,7326.0,5568.666666666667,114.55808812805648,5714.0,5434.0,6694.857142857143,1109.1817355370488,8293.0,5434.0,6852.785714285715,960.4902155054119,8349.0,5434.0,6977.0,839.0423112096314,8675.0,5434.0,5808.821917808219,6287.775762425966,6620.9464648384655,6798.563631378621,7400.666666666667,6931.428571428572,0.9534456866344068,7318.0,,,270.0,21.16296296296296,27.044444444444444,0.9595610065726162,-282.1428571428569,-1.5052876155663197,1.060723329033491,-1612.0,0.0,0.0,0.0,0.0,7222.0,20,0.6631226582407952,-0.7485107481711012,3
2025-05-26,18,0,26,4,5,2,2025,146,0,0,0,0,0,0,0.0,1.0,0.49999999999999994,-0.8660254037844387,0.5877852522924732,-0.8090169943749473,0,0,0,0,0,0,0,0,0,0,0,0,0,0,0,0,0,0,0,0,0,0,0,0,0,0,0,0,0,0,0,0,0,0,0,0,0,0,0,0,0,0,0,5,25,0,0,0,0,0,0,0,0,0,0,0,0,0,0,0,0,0,0,0,0,0,0,0,0,0,0,0,0,0,0,0,0,0,0,0,0,0,0,0,1,0.0,,,,,,,,,,,6521.0,6282.0,6681.0,6528.0,5971.0,6807.0,6672.0,6712.0,4167.0,5558.0,5558.0,6521.0,6282.0,5971.0,6807.0,6672.0,6712.0,5837.666666666667,485.83421955322257,6521.0,5434.0,7071.285714285715,1158.4600263509576,8349.0,5434.0,6916.571428571428,911.1294963854883,8349.0,5434.0,7006.428571428572,808.1079943994149,8675.0,5434.0,5904.142857142857,6479.902154755451,6760.939084657232,6878.953268917479,6401.5,6268.0,1.0122017847386633,,,,270.0,20.585185185185185,20.585185185185185,1.009256804975023,64.85714285714312,-1.7923700563128846,0.9136609236415537,-1154.0,0.0,0.0,0.0,0.0,6557.0,22,0.46472317204376906,-0.8854560256532096,3
2025-06-03,28,1,3,1,6,2,2025,154,0,0,0,0,1,0,0.7818314824680298,0.6234898018587336,1.2246467991473532e-16,-1.0,0.4711595076738638,-0.8820480249558537,0,0,0,0,0,0,0,0,0,0,0,0,0,0,0,0,0,0,0,0,0,0,0,0,0,0,0,0,0,0,0,0,0,0,0,0,0,0,0,0,0,0,0,120,3,0,0,0,0,0,0,0,0,0,0,0,0,0,0,0,0,0,0,0,0,0,0,0,0,0,0,0,0,0,0,0,0,0,0,0,0,0,0,0,1,0.0,,,,,,,,,,,,,5969.0,6165.0,6425.0,7199.0,6972.0,6321.0,4509.0,6521.0,6521.0,6521.0,6521.0,6425.0,7199.0,6972.0,6321.0,7288.333333333333,621.0208441661913,8042.0,6521.0,7298.571428571428,885.2765277653333,8349.0,5969.0,7017.928571428572,776.8601146635744,8349.0,5969.0,7071.571428571428,714.9573627932263,8675.0,5969.0,7072.52446183953,7241.143577760689,7179.998815120218,7091.250153308705,,6340.75,1.0514350209609804,,,,270.0,24.151851851851852,24.151851851851852,1.0321003616088564,227.0,-0.7700758915474795,,200.0,0.0,0.0,0.0,0.0,5962.0,23,0.35460488704253584,-0.9350162426854147,3
2025-06-12,10,3,12,2,6,2,2025,163,0,0,0,0,0,0,0.43388373911755823,-0.900968867902419,1.2246467991473532e-16,-1.0,0.3294084822245304,-0.9441875088341993,0,0,0,0,0,0,0,0,0,0,0,0,0,0,0,0,0,0,0,0,0,0,0,0,0,0,0,0,0,0,0,0,0,0,0,0,0,0,0,0,0,0,0,111,12,0,0,0,0,0,0,0,0,0,0,0,0,0,0,0,0,0,0,0,0,0,0,0,0,0,0,0,0,0,0,0,0,0,0,0,0,0,0,0,1,0.0,,,,,,,,,,6215.0,6774.0,6513.0,5714.0,8349.0,6806.0,7111.0,6749.0,5186.0,5362.0,7311.0,6215.0,6774.0,6513.0,6806.0,7111.0,6749.0,5186.0,7164.0,412.18038122485484,7579.0,6602.0,6817.142857142857,434.8584099850133,7579.0,6215.0,6880.857142857143,398.25850491194024,7579.0,6215.0,6715.571428571428,563.8820436790601,7825.0,5434.0,7186.103718199609,7001.62154036073,6926.660716437712,6886.406711972413,6500.666666666667,6711.142857142857,1.1580864881989545,,,,270.0,27.07777777777778,23.01851851851852,1.0151247633431897,101.57142857142844,1.055945260366309,0.9679990356456566,2125.0,0.0,0.0,0.0,0.0,6807.0,24,0.23931566428755768,-0.970941817426052,3
2025-06-20,20,4,20,3,6,2,2025,171,0,1,0,0,0,0,-0.433883739117558,-0.9009688679024191,1.2246467991473532e-16,-1.0,0.19667288979357647,-0.980469160361632,0,0,0,0,0,0,0,0,0,0,0,0,0,0,0,0,0,0,0,0,0,0,0,0,0,0,0,0,0,0,0,0,0,0,0,0,0,0,0,0,0,0,0,103,20,0,0,0,0,0,0,0,0,0,0,0,0,0,0,0,0,0,0,0,0,0,0,0,0,0,0,0,0,0,0,0,0,0,0,0,0,0,0,0,1,0.0,,,,,,,,,,,6602.0,7253.0,7172.0,6367.0,7243.0,7612.0,6716.0,6344.0,5161.0,6602.0,6602.0,6602.0,7253.0,7243.0,7612.0,6716.0,6344.0,6495.333333333333,200.1038619206425,6669.0,6215.0,6782.285714285715,398.60138136299753,7557.0,6215.0,6892.071428571428,427.12786046296895,7825.0,6215.0,6731.785714285715,594.584750485752,8042.0,5434.0,6541.61252446184,6670.560131165045,6758.73457121252,6801.37928829287,6927.5,7155.0,1.0629528256319434,,,,270.0,24.451851851851853,24.451851851851853,1.007501724229402,50.5,-0.21827958786310098,1.0290731603798609,258.0,0.0,0.0,0.0,0.0,6630.0,25,0.12053668025532308,-0.992708874098054,3
2025-06-29,2,6,29,5,6,2,2025,180,1,0,0,1,0,1,-0.7818314824680299,0.6234898018587334,1.2246467991473532e-16,-1.0,0.04302223300453059,-0.99907411510223,0,0,0,0,0,0,0,0,0,0,0,0,0,0,0,0,0,0,0,0,0,0,0,0,0,0,0,0,0,0,0,0,0,0,0,0,0,0,0,0,0,0,0,94,29,0,0,0,0,0,0,0,0,0,0,0,0,0,0,0,0,0,0,0,0,0,0,0,0,0,0,0,0,0,0,0,0,0,0,0,2,2,0,1,0,1.0,,6667.0,6509.0,6436.0,6410.0,7287.0,7400.0,6630.0,6497.0,6851.0,7052.0,7311.0,7089.0,7222.0,7302.0,6660.0,7179.0,7355.0,5546.0,7287.0,6851.0,7052.0,7311.0,7302.0,6660.0,7179.0,7355.0,6537.333333333333,96.41000409132285,6667.0,6436.0,6762.714285714285,378.58824760482173,7400.0,6410.0,6807.285714285715,359.14012954981956,7499.0,6410.0,6757.25,426.48569101771415,7579.0,5962.0,6612.876712328767,6679.067592336498,6731.5531636025735,6759.288201180643,7125.25,7101.0,1.0428593774440795,6513.0,,,269.0,27.08921933085502,25.46840148698885,1.0008086552538806,5.4642857142853245,1.2421284257764154,1.0544600244182174,-68.0,0.0,0.0,0.0,0.0,7202.0,26,-3.216245299353273e-16,-1.0,3
2025-07-07,11,0,7,1,7,3,2025,188,0,0,0,0,0,0,0.0,1.0,-0.4999999999999997,-0.8660254037844388,-0.09453674981719933,-0.9955213724144752,0,0,0,0,0,0,0,0,0,0,0,0,0,0,0,0,0,0,0,0,0,0,0,0,0,0,0,0,0,0,0,0,0,0,0,0,0,0,0,0,0,0,0,86,37,0,0,0,0,0,0,0,0,0,0,0,0,0,0,0,0,0,0,0,0,0,0,0,0,0,0,0,0,0,0,0,0,0,0,0,0,0,0,0,1,0.0,,,,,,,,,,6410.0,6444.0,6508.0,6179.0,6557.0,6179.0,5625.0,7501.0,6185.0,4598.0,6509.0,6410.0,6444.0,6508.0,6179.0,5625.0,7501.0,6185.0,6451.666666666667,41.907305117631005,6509.0,6410.0,6738.428571428572,389.25161056382365,7400.0,6410.0,6817.285714285715,357.0376988041276,7499.0,6410.0,6741.107142857143,437.9952168106172,7579.0,5962.0,6558.814090019569,6682.920853487184,6741.426147244634,6766.032932901889,6454.0,6392.285714285715,1.0535772094528975,,,,270.0,24.107407407407408,23.74074074074074,0.9996026511117821,-2.6785714285715585,-0.5299307708136523,0.9574094971682269,324.0,0.0,0.0,0.0,0.0,6516.0,28,-0.23931566428755743,-0.9709418174260521,3
2025-07-15,21,1,15,3,7,3,2025,196,0,0,0,0,0,0,0.7818314824680298,0.6234898018587336,-0.4999999999999997,-0.8660254037844388,-0.23030567023061196,-0.973118337233262,0,0,0,0,0,0,0,0,0,0,0,0,0,0,0,0,0,0,0,0,0,0,0,0,0,0,0,0,0,0,0,0,0,0,0,0,0,0,0,0,0,0,0,78,45,0,0,0,0,0,0,0,0,0,0,0,0,0,0,0,0,0,0,0,0,0,0,0,0,0,0,0,0,0,0,0,0,0,0,0,0,0,0,0,1,0.0,,,,,,,,,,,,6698.0,6443.0,5962.0,6681.0,6804.0,7028.0,6140.0,4691.0,6410.0,6410.0,6410.0,6698.0,6681.0,6804.0,7028.0,6140.0,7032.333333333333,442.4675757109842,7400.0,6410.0,6838.285714285715,356.8588013229219,7400.0,6410.0,6823.428571428572,352.17461462131746,7499.0,6410.0,6759.357142857143,431.87839014883696,7579.0,5962.0,6781.814090019569,6841.8631877180205,6829.900986918526,6810.800821397255,6698.0,6514.2,1.0083372660059777,,,,270.0,23.74074074074074,23.74074074074074,1.0116769346197334,78.92857142857156,-0.8089248057462315,0.9909226363453836,270.0,0.0,0.0,0.0,0.0,6638.0,29,-0.3546048870425356,-0.9350162426854148,3
2025-07-24,3,3,24,4,7,3,2025,205,0,0,0,0,0,0,0.43388373911755823,-0.900968867902419,-0.4999999999999997,-0.8660254037844388,-0.37770796520396466,-0.9259247771938499,0,0,0,0,0,0,0,0,0,0,0,0,0,0,0,0,0,0,0,0,0,0,0,0,0,0,0,0,0,0,0,0,0,0,0,0,0,0,0,0,0,0,0,69,54,0,0,0,0,0,0,0,0,0,0,0,0,0,0,0,0,0,0,0,0,0,0,0,0,0,0,0,0,0,0,0,0,0,0,0,0,0,0,0,1,0.0,,,5777.0,7706.0,7688.0,7021.0,6986.0,6638.0,7003.0,6697.0,6522.0,6667.0,6497.0,6807.0,6215.0,6607.0,6206.0,6588.0,5813.0,7021.0,6697.0,6522.0,6667.0,6215.0,6607.0,6206.0,6588.0,7057.0,905.1265104945275,7706.0,5777.0,6974.142857142857,608.8066614454939,7706.0,5777.0,6964.214285714285,521.7083447087803,7706.0,5777.0,6908.857142857143,474.5973266348849,7862.0,5777.0,6648.4031311154595,6921.115759809749,6968.030263288776,6939.483241035029,6726.75,6610.0,0.6930182341650671,,,,270.0,26.003703703703703,24.803703703703704,1.0094495678425208,65.28571428571377,0.23629053694423804,0.9736414953889417,433.0,0.0,0.0,0.0,0.0,6968.0,30,-0.46472317204376806,-0.8854560256532101,3
2025-08-01,13,4,1,1,8,3,2025,213,0,1,0,0,1,0,-0.433883739117558,-0.9009688679024191,-0.8660254037844385,-0.5000000000000004,-0.5012418134457756,-0.8653072543632061,0,0,0,0,0,0,0,0,0,0,0,0,0,0,0,0,0,0,0,0,0,0,0,0,0,0,0,0,0,0,0,0,0,0,0,0,0,0,0,0,0,0,0,61,62,0,0,0,0,0,0,0,0,0,0,0,0,0,0,0,0,0,0,0,0,0,0,0,0,0,0,0,0,0,0,0,0,0,0,0,0,0,0,0,1,0.0,,,,,,,,,,7688.0,7179.0,6802.0,7119.0,6630.0,6630.0,8293.0,7252.0,6591.0,5965.0,7688.0,7688.0,7179.0,6802.0,6630.0,8293.0,7252.0,6591.0,7231.666666666667,322.99260397449075,7688.0,6986.0,7197.285714285715,359.081253950656,7688.0,6638.0,7036.357142857143,380.0147754914758,7688.0,6516.0,6951.857142857143,410.69181304978855,7862.0,6410.0,7337.125244618395,7169.617461987933,7066.4184560770045,6975.4179963999895,7223.0,7010.857142857143,1.0379370865397597,,,,270.0,28.474074074074075,28.474074074074075,1.0353040297556666,245.42857142857156,1.7924459016513523,1.039002938577564,1097.0,0.0,0.0,0.0,0.0,7296.0,31,-0.5680647467311556,-0.8229838658936566,3
2025-08-09,22,5,9,2,8,3,2025,221,1,0,1,0,0,0,-0.9749279121818236,-0.2225209339563146,-0.8660254037844385,-0.5000000000000004,-0.6152845999633277,-0.7883050558305253,0,0,0,0,0,0,0,0,0,0,0,0,0,0,0,0,0,0,0,0,0,0,0,0,0,0,0,0,0,0,0,0,0,0,0,0,0,0,0,0,0,0,0,53,70,0,0,0,0,0,0,0,0,0,0,0,0,0,0,0,0,0,0,0,0,0,0,0,0,0,0,0,0,0,0,0,0,0,0,0,2,1,1,0,0,0.5,,,,,,,,,,,,7632.0,7452.0,7862.0,7499.0,7017.0,7294.0,7210.0,5917.0,7021.0,7021.0,7021.0,7632.0,7499.0,7017.0,7294.0,7210.0,6881.666666666667,172.8898171925949,7021.0,6638.0,7124.571428571428,298.8305096026638,7632.0,6638.0,6973.071428571428,337.63578523223475,7632.0,6516.0,6914.071428571428,389.34036968876956,7862.0,6410.0,6984.33072407045,6996.371102282426,6970.390187995867,6922.552443595762,7632.0,7569.0,0.9899887196841511,7696.0,,,270.0,26.003703703703703,26.003703703703703,1.0304451584243313,210.5,0.27464033979843394,1.1038358626816946,-189.0,0.0,0.0,0.0,0.0,8151.0,32,-0.663122658240795,-0.7485107481711013,3
2025-08-18,4,0,18,3,8,3,2025,230,0,0,0,0,0,0,0.0,1.0,-0.8660254037844385,-0.5000000000000004,-0.7295575540864876,-0.6839194216246105,0,0,0,0,0,0,0,0,0,0,0,0,0,0,0,0,0,0,0,0,0,0,0,0,0,0,0,0,0,0,0,0,0,0,0,0,0,0,0,0,0,0,0,44,79,0,0,0,0,0,0,0,0,0,0,0,0,0,0,0,0,0,0,0,0,0,0,0,0,0,0,0,0,0,0,0,0,0,0,0,0,0,0,0,1,0.0,,,,7410.0,7381.0,7130.0,7803.0,8151.0,7482.0,6778.0,7079.0,6705.0,7003.0,6516.0,6410.0,6469.0,6926.0,7033.0,5300.0,7130.0,6778.0,7079.0,6705.0,6410.0,6469.0,6926.0,7033.0,7307.0,125.71661253257926,7410.0,7130.0,7520.571428571428,320.1565943377696,8151.0,7130.0,7321.857142857143,446.61006596404445,8151.0,6484.0,7250.642857142857,544.7072093129951,8423.0,5777.0,7412.12915851272,7414.370399878695,7356.389153349542,7260.461067215177,6923.0,6797.75,1.120520187509451,,,,270.0,26.40740740740741,25.103703703703705,1.0372282260686245,269.92857142857156,-0.22148202755571403,0.9548118886010107,97.0,0.0,0.0,0.0,0.0,6647.0,34,-0.8229838658936564,-0.5680647467311559,3
2025-08-26,14,1,26,4,8,3,2025,238,0,0,0,0,0,0,0.7818314824680298,0.6234898018587336,-0.8660254037844385,-0.5000000000000004,-0.8165380514459157,-0.5772916165517278,0,0,0,0,0,0,0,0,0,0,0,0,0,0,0,0,0,0,0,0,0,0,0,0,0,0,0,0,0,0,0,0,0,0,0,0,0,0,0,0,0,0,0,36,87,0,0,0,0,0,0,0,0,0,0,0,0,0,0,0,0,0,0,0,0,0,0,0,0,0,0,0,0,0,0,0,0,0,0,0,0,0,0,0,1,0.0,,,,,,,,,,,6484.0,7034.0,6848.0,6638.0,6493.0,6787.0,6847.0,6039.0,4379.0,7130.0,7130.0,6484.0,7034.0,6493.0,6787.0,6847.0,6039.0,7694.666666666667,423.80210266375775,8151.0,7130.0,7330.285714285715,507.7208778412784,8151.0,6484.0,7254.785714285715,467.1291009333239,8151.0,6484.0,7208.964285714285,556.2022680735886,8423.0,5777.0,7445.062622309198,7426.621706033871,7342.428360881513,7239.383806826374,6759.0,6672.166666666667,0.958204542400215,,,,270.0,26.40740740740741,26.40740740740741,1.0168292453344299,121.32142857142935,-0.1419704489659469,0.9375826723672412,1091.0,0.0,0.0,0.0,0.0,6928.0,35,-0.8854560256532096,-0.4647231720437691,3
2025-09-03,24,2,3,1,9,3,2025,246,0,0,0,0,1,0,0.9749279121818236,-0.22252093395631434,-1.0,-1.8369701987210297e-16,-0.888057322629493,-0.4597327394521046,0,0,0,0,0,0,0,0,0,0,0,0,0,0,0,0,0,0,0,0,0,0,0,0,0,0,0,0,0,0,0,0,0,0,0,0,0,0,0,0,0,0,0,28,95,0,0,0,0,0,0,0,0,0,0,0,0,0,0,0,0,0,0,0,0,0,0,0,0,0,0,0,0,0,0,0,0,0,0,0,0,0,0,0,1,0.0,,,,,,,,,,,,6975.0,6818.0,7041.0,6707.0,6239.0,7107.0,5642.0,5152.0,8151.0,8151.0,8151.0,6975.0,6707.0,6239.0,7107.0,5642.0,7640.0,369.99729728742614,8151.0,7287.0,7221.142857142857,502.310498332151,8151.0,6484.0,7266.071428571428,488.53388013608264,8151.0,6484.0,7190.5,546.9884759820291,8423.0,5777.0,7719.7847358121335,7430.9337697758165,7308.891841332315,7206.1001319030665,6975.0,6905.4,1.1305131761442442,,,,270.0,30.18888888888889,30.18888888888889,1.004261575292797,30.642857142856883,1.755978493469315,0.9700299005632431,2509.0,0.0,0.0,0.0,0.0,6099.0,36,-0.9350162426854147,-0.3546048870425359,3
2025-09-12,5,4,12,2,9,3,2025,255,0,1,0,0,0,0,-0.433883739117558,-0.9009688679024191,-1.0,-1.8369701987210297e-16,-0.9483615800121716,-0.31719128858910595,0,0,0,0,0,0,0,0,0,0,0,0,0,0,0,0,0,0,0,0,0,0,0,0,0,0,0,0,0,0,0,0,0,0,0,0,0,0,0,0,0,0,0,19,104,0,0,0,0,0,0,0,0,0,0,0,0,0,0,0,0,0,0,0,0,0,0,0,0,0,0,0,0,0,0,0,0,0,0,0,0,0,0,0,1,0.0,,,,,6992.0,6805.0,6381.0,6099.0,6438.0,7041.0,7273.0,7678.0,7482.0,7296.0,7688.0,7028.0,6638.0,6720.0,5887.0,6805.0,7041.0,7273.0,7678.0,7688.0,7028.0,6638.0,6720.0,6726.0,255.61820488115995,6992.0,6381.0,6528.714285714285,302.69018308953383,6992.0,6099.0,6776.357142857143,370.0584137563106,7428.0,6099.0,7066.714285714285,488.46939201834897,8141.0,6099.0,6783.430528375734,6693.909539649382,6786.9919902362135,6939.206789991116,7199.25,7331.875,1.1266516274572993,,,,270.0,25.203703703703702,26.07777777777778,0.9238684375442214,-538.0,-0.5357844114508085,1.0187549275274426,85.0,0.0,0.0,0.0,0.0,7327.0,37,-0.970941817426052,-0.23931566428755774,3
2025-09-20,15,5,20,3,9,3,2025,263,1,0,1,0,0,0,-0.9749279121818236,-0.2225209339563146,-1.0,-1.8369701987210297e-16,-0.9829265519799822,-0.18399835165767986,0,0,0,0,0,0,0,0,0,0,0,0,0,0,0,0,0,0,0,0,0,0,0,0,0,0,0,0,0,0,0,0,0,0,0,0,0,0,0,0,0,0,0,11,112,0,0,0,0,0,0,0,0,0,0,0,0,0,0,0,0,0,0,0,0,0,0,0,0,0,0,0,0,0,0,0,0,0,0,0,2,1,1,0,0,0.5,,,,,,,,,,,7428.0,7919.0,8141.0,8151.0,8423.0,7400.0,7978.0,6215.0,6074.0,6381.0,6381.0,7428.0,7919.0,8423.0,7400.0,7978.0,6215.0,6306.0,148.20931144837022,6438.0,6099.0,6624.714285714285,440.2955871702925,7428.0,6099.0,6876.0,484.264390596707,7919.0,6099.0,7132.285714285715,528.9658952780859,8151.0,6099.0,6344.743639921722,6526.305974035652,6748.676471275031,6945.088671800705,7673.5,8015.5,0.9679915048543689,6882.0,,,270.0,23.633333333333333,23.633333333333333,0.9288346753194727,-507.57142857142935,-1.4202914044028334,1.0758823058126026,166.0,0.0,0.0,0.0,0.0,8087.0,38,-0.992708874098054,-0.12053668025532357,3
2025-09-28,25,6,28,4,9,3,2025,271,1,0,0,1,0,1,-0.7818314824680299,0.6234898018587334,-1.0,-1.8369701987210297e-16,-0.9988797155850335,-0.04732138832243232,0,0,0,0,0,0,0,0,0,0,0,0,0,0,0,0,0,0,0,0,0,0,0,0,0,0,0,0,0,0,0,0,0,0,0,0,0,0,0,0,0,0,0,3,120,0,0,0,0,0,0,0,0,0,0,0,0,0,0,0,0,0,0,0,0,0,0,0,0,0,0,0,0,0,0,0,0,0,0,0,0,0,0,0,1,0.0,,,,,,,,,,,,6751.0,7245.0,7464.0,7391.0,7202.0,6660.0,6599.0,6910.0,6438.0,6438.0,6438.0,6751.0,7391.0,7202.0,6660.0,6599.0,6474.666666666667,212.24566479017238,6751.0,6235.0,6830.428571428572,370.8395329299095,7428.0,6235.0,7000.214285714285,408.3739845098972,7919.0,6235.0,7195.928571428572,468.1914999359182,8151.0,6235.0,6521.107632093934,6735.283299062495,6914.507442605028,7052.8151743577255,6751.0,7330.8,1.2106054907860098,,,,284.0,22.669014084507044,22.669014084507044,0.9492073890989945,-365.5,-1.6188430835081584,0.9381694013479844,-161.0,0.0,0.0,0.0,0.0,6911.0,39,-1.0,-1.8369701987210297e-16,3
2025-10-07,7,1,7,1,10,4,2025,280,0,0,0,0,0,0,0.7818314824680298,0.6234898018587336,-0.8660254037844386,0.5000000000000001,-0.994217906893952,0.10738134666416306,0,1,0,0,0,1,0,0,0,0,0,0,0,0,0,0,0,0,0,0,0,0,0,0,0,0,0,0,0,0,0,0,0,1,0,0,0,0,0,0,0,0,0,79,1,0,0,0,0,0,0,0,0,1,0,0,0,0,0,0,0,0,0,0,0,0,0,1,0,0,0,0,0,0,1,0,0,0,0,0,8,7,0,0,0,0.875,,,,,,,6653.0,6911.0,7721.0,1295.0,6834.0,6930.0,6438.0,6928.0,7381.0,6536.0,6425.0,5565.0,4811.0,6653.0,1295.0,6834.0,6930.0,7381.0,6536.0,6425.0,5565.0,7095.0,455.0076922426697,7721.0,6653.0,5210.857142857143,2644.356709705267,7721.0,879.0,6191.428571428572,2143.3412405562926,8087.0,879.0,6463.5,1582.3478599852815,8087.0,879.0,6715.088062622309,6306.081279306488,6230.664899348349,6414.328464020249,5019.666666666667,6070.142857142857,1.0330745341614906,,4384.0,0.6245100336830303,284.0,23.426056338028168,4.559859154929577,0.806197438362674,-1252.6428571428569,0.11975874887697745,0.7766174157448236,1088.0,0.0,6463.5,0.0,6463.5,6786.0,41,-0.9709418174260521,0.23931566428755738,3
2025-10-15,16,2,15,3,10,4,2025,288,0,0,0,0,0,0,0.9749279121818236,-0.22252093395631434,-0.8660254037844386,0.5000000000000001,-0.970063921851507,0.2428497220959358,0,0,0,0,0,0,0,0,0,0,0,0,0,0,0,0,0,0,0,0,0,0,0,0,0,0,0,0,0,0,0,0,0,0,0,0,0,0,0,0,0,0,0,71,9,0,0,0,0,0,0,0,0,0,0,0,0,0,0,0,0,0,0,0,0,0,0,0,0,0,0,0,0,0,0,0,0,0,0,0,0,0,0,0,1,0.0,,,,,,,,,,,879.0,7028.0,7497.0,6099.0,7170.0,6986.0,7242.0,6750.0,5756.0,6911.0,6911.0,879.0,7028.0,7170.0,6986.0,7242.0,6750.0,7155.0,401.487235164457,7721.0,6833.0,5159.285714285715,2619.128356331315,7721.0,879.0,6192.428571428572,2143.5596134296175,8087.0,879.0,6448.571428571428,1582.4614061773566,8087.0,879.0,6779.982387475538,6189.793236180629,6165.68799812964,6396.6239381893365,3953.5,5952.166666666667,1.0472798908925596,,,,284.0,24.33450704225352,24.33450704225352,0.8000664599025256,-1289.2857142857138,0.2922210738432026,0.6130815241470979,161.0,0.0,0.0,0.0,0.0,7258.0,42,-0.9350162426854148,0.35460488704253557,3
2025-10-23,26,3,23,4,10,4,2025,296,0,0,0,0,0,0,0.43388373911755823,-0.900968867902419,-0.8660254037844386,0.5000000000000001,-0.9275416835791965,0.3737197147904692,0,0,0,0,0,0,0,0,0,0,0,0,0,0,0,0,0,0,0,0,0,0,0,0,0,0,0,0,0,0,0,0,0,0,0,0,0,0,0,0,0,0,0,63,17,0,0,0,0,0,0,0,0,0,0,0,0,0,0,0,0,0,0,0,0,0,0,0,0,0,0,0,0,0,0,0,0,0,0,0,0,0,0,0,1,0.0,,,,,,,,,,,,6184.0,7349.0,6968.0,6880.0,6968.0,6607.0,6551.0,5140.0,6833.0,6833.0,6833.0,6184.0,6880.0,6968.0,6607.0,6551.0,4632.0,2666.9654415958726,6833.0,879.0,5237.714285714285,2690.18117893762,8087.0,879.0,6158.785714285715,2133.1315403339163,8087.0,879.0,6432.392857142857,1573.5271421528885,8087.0,879.0,5578.585127201565,5357.517703423998,5794.505690307532,6257.573959939884,6184.0,6752.4,0.9644318983768525,,,,284.0,24.059859154929576,24.059859154929576,0.8142715163763763,-1194.6785714285716,0.25459182248933776,0.9613840661384622,282.0,0.0,0.0,0.0,0.0,6697.0,43,-0.8854560256532101,0.464723172043768,3
2025-11-01,8,5,1,1,11,4,2025,305,1,0,1,0,1,0,-0.9749279121818236,-0.2225209339563146,-0.5000000000000004,0.8660254037844384,-0.858763958275803,0.5123714121284235,0,0,0,0,0,0,0,0,0,0,0,0,0,0,0,0,0,0,0,0,0,0,0,0,0,0,0,0,0,0,0,0,0,0,0,0,0,0,0,0,0,0,0,54,26,0,0,0,0,0,0,0,0,0,0,0,0,0,0,0,0,0,0,0,0,0,0,0,0,0,0,0,0,0,0,0,0,0,0,0,2,1,1,0,0,0.5,,,,,,,,6697.0,7095.0,8454.0,7427.0,7964.0,7721.0,8087.0,6992.0,8031.0,8042.0,6789.0,5899.0,6697.0,8454.0,7427.0,7964.0,6992.0,8031.0,8042.0,6789.0,6966.0,190.26472785744252,7106.0,6697.0,7315.714285714285,597.928737819319,8454.0,6662.0,7295.071428571428,467.3595227117853,8454.0,6655.0,7268.678571428572,646.5915057090543,8537.0,6012.0,6906.970645792564,7109.317207823076,7175.31056847447,7099.560577431785,7948.333333333333,7757.571428571428,1.022286673790261,7302.0,,,284.0,23.580985915492956,29.767605633802816,1.0064710131041699,47.035714285713766,-0.8841417902662779,1.093504583429555,-92.0,0.0,0.0,0.0,0.0,7676.0,44,-0.822983865893657,0.5680647467311548,3
2025-11-09,18,6,9,2,11,4,2025,313,1,0,0,1,0,0,-0.7818314824680299,0.6234898018587334,-0.5000000000000004,0.8660254037844384,-0.780295851070776,0.6254105729852457,0,0,0,0,0,0,0,0,0,0,0,0,0,0,0,0,0,0,0,0,0,0,0,0,0,0,0,0,0,0,0,0,0,0,0,0,0,0,0,0,0,0,0,46,34,0,0,0,0,0,0,0,0,0,0,0,0,0,0,0,0,0,0,0,0,0,0,0,0,0,0,0,0,0,0,0,0,0,0,0,2,2,0,1,0,1.0,,,,,,,,,,,7329.0,7363.0,7425.0,6911.0,6503.0,7803.0,6694.0,8059.0,5627.0,7106.0,7106.0,7329.0,7363.0,6503.0,7803.0,6694.0,8059.0,7032.333333333333,277.2391667054919,7329.0,6662.0,7473.714285714285,535.1706575038108,8454.0,6662.0,7179.071428571428,621.9556098406421,8454.0,6012.0,7028.357142857143,1359.3153795276532,8537.0,879.0,7141.559686888454,7300.141671449974,7272.843675573064,7131.917092153765,7346.0,7104.166666666667,1.0776463451622686,7381.0,,,284.0,25.02112676056338,25.02112676056338,1.0633657530209253,445.3571428571422,0.05711908973606765,1.0451944673109952,-953.0,0.0,0.0,0.0,0.0,7098.0,45,-0.7485107481711011,0.6631226582407952,3
2025-11-17,27,0,17,3,11,4,2025,321,0,0,0,0,0,0,0.0,1.0,-0.5000000000000004,0.8660254037844384,-0.6870527672236675,0.7266075247685652,0,0,0,0,0,0,0,0,0,0,0,0,0,0,0,0,0,0,0,0,0,0,0,0,0,0,0,0,0,0,0,0,0,0,0,0,0,0,0,0,0,0,0,38,42,0,0,0,0,0,0,0,0,0,0,0,0,0,0,0,0,0,0,0,0,0,0,0,0,0,0,0,0,0,0,0,0,0,0,0,0,0,0,0,1,0.0,,,,,,,,,,,,6662.0,7299.0,6625.0,6292.0,6647.0,6469.0,7082.0,5250.0,6662.0,6662.0,6662.0,6662.0,6292.0,6647.0,6469.0,7082.0,7481.666666666667,739.5026857437518,8454.0,6662.0,7498.428571428572,521.4372602015803,8454.0,6662.0,7156.214285714285,630.048431083043,8454.0,6012.0,6820.821428571428,1725.8128323772423,8537.0,879.0,7177.622309197652,7364.911190449591,7298.445336442906,7133.823657770399,6662.0,6706.2,0.934755156447313,,,,288.0,23.131944444444443,23.131944444444443,1.0993439206630957,677.6071428571431,-0.09202702957809039,0.9767152050182477,-420.0,0.0,0.0,0.0,0.0,6707.0,47,-0.5680647467311559,0.8229838658936564,3
2025-11-26,9,2,26,4,11,4,2025,330,0,0,0,0,0,0,0.9749279121818236,-0.22252093395631434,-0.5000000000000004,0.8660254037844384,-0.5667017562911184,0.8239230057575536,0,0,0,0,0,0,0,0,0,0,0,0,0,0,0,0,0,0,0,0,0,0,0,0,0,0,0,0,0,0,0,0,0,0,0,0,0,0,0,0,0,0,0,29,51,0,0,0,0,0,0,0,0,0,0,0,0,0,0,0,0,0,0,0,0,0,0,0,0,0,0,0,0,0,0,0,0,0,0,0,0,0,0,0,1,0.0,,,,,,,,,7269.0,6917.0,6712.0,6900.0,7095.0,7258.0,8165.0,7040.0,6669.0,6852.0,5626.0,7269.0,6917.0,6712.0,6900.0,8165.0,7040.0,6669.0,6852.0,7272.333333333333,234.3463723257141,7561.0,6987.0,6926.285714285715,384.1423524408309,7561.0,6327.0,6899.0,395.1229465079735,7605.0,6228.0,6985.642857142857,367.2683151404739,7740.0,6228.0,7252.737769080235,7101.812273170217,7025.334328506103,7013.964431579499,6843.0,7008.428571428572,0.9083979005248688,,,,288.0,25.239583333333332,24.01736111111111,0.9915029806030737,-59.35714285714221,0.7715262416491437,0.9795805683084694,417.0,0.0,0.0,0.0,0.0,6675.0,48,-0.4647231720437684,0.88545602565321,3
2025-12-04,19,3,4,1,12,4,2025,338,0,0,0,0,0,0,0.43388373911755823,-0.900968867902419,-2.4492935982947064e-16,1.0,-0.4482293417404106,0.893918596519257,0,0,0,0,0,0,0,0,0,0,0,0,0,0,0,0,0,0,0,0,0,0,0,0,0,0,0,0,0,0,0,0,0,0,0,0,0,0,0,0,0,0,0,21,59,0,0,0,0,0,0,0,0,0,0,0,0,0,0,0,0,0,0,0,0,0,0,0,0,0,0,0,0,0,0,0,0,0,0,0,0,0,0,0,1,0.0,,,,,,,,,,,6881.0,6794.0,7076.0,6697.0,6156.0,6381.0,6454.0,6888.0,5713.0,6987.0,6987.0,6881.0,6794.0,6156.0,6381.0,6454.0,6888.0,6928.333333333333,44.010099850930686,6987.0,6881.0,6908.142857142857,378.05457979784137,7605.0,6327.0,6866.285714285715,400.04650239894943,7676.0,6228.0,7019.678571428572,447.4934998387789,8454.0,6228.0,6909.6360078277885,6874.436888953687,6899.890566253863,6953.213377677721,6837.5,6874.0,0.9506122448979591,,,,294.0,23.76530612244898,23.76530612244898,0.9841109940931361,-111.53571428571468,-0.07302580135877919,0.9740474482449848,99.0,0.0,0.0,0.0,0.0,6780.0,49,-0.35460488704253595,0.9350162426854147,3
2025-12-13,1,5,13,2,12,4,2025,347,1,0,1,0,0,0,-0.9749279121818236,-0.2225209339563146,-2.4492935982947064e-16,1.0,-0.3049212246562894,0.9523775757303973,0,0,0,0,0,0,0,0,0,0,0,0,0,0,0,0,0,0,0,0,0,0,0,0,0,0,0,0,0,0,0,0,0,0,0,0,0,0,0,0,0,0,0,12,68,0,0,0,0,0,0,0,0,0,0,0,0,0,0,0,0,0,0,0,0,0,0,0,0,0,0,0,0,0,0,0,0,0,0,0,2,1,1,0,0,0.5,7217.0,7355.0,6976.0,6872.0,7446.0,7769.0,7334.0,6780.0,6929.0,7115.0,8102.0,7561.0,7605.0,7676.0,8454.0,7658.0,7499.0,7305.0,6817.0,7769.0,7115.0,8102.0,7561.0,8454.0,7658.0,7499.0,7305.0,7182.666666666667,156.61914172780908,7355.0,6976.0,7281.285714285715,277.2454890967386,7769.0,6872.0,7072.571428571428,306.25332984445464,7769.0,6588.0,7095.285714285715,367.34023321544225,8102.0,6539.0,7214.232876712329,7181.493630778548,7128.126282543481,7083.894632974254,7636.75,7752.75,1.0385667002446395,7718.0,,,294.0,26.42517006802721,24.200680272108844,1.026214589163831,186.0,1.8340334784922865,1.076313246219824,464.0,0.0,0.0,0.0,0.0,7851.0,50,-0.2393156642875578,0.970941817426052,3
2025-12-21,11,6,21,3,12,4,2025,355,1,0,0,1,0,0,-0.7818314824680299,0.6234898018587334,-2.4492935982947064e-16,1.0,-0.1712931441814778,0.9852201067560606,0,0,0,0,0,0,0,0,0,0,0,0,0,0,0,0,0,0,0,0,0,0,0,0,0,0,0,0,0,0,0,0,0,0,0,0,0,0,0,0,0,0,0,4,76,0,0,0,0,0,0,0,0,0,0,0,0,0,0,0,0,0,0,0,0,0,0,0,0,0,0,0,0,0,0,0,0,0,0,0,2,2,0,1,0,1.0,,,,,,,,,,7446.0,6783.0,7434.0,7269.0,7098.0,7128.0,7094.0,7287.0,6960.0,6716.0,6976.0,7446.0,6783.0,7434.0,7128.0,7094.0,7287.0,6960.0,7098.0,249.70916416236443,7446.0,6872.0,7158.0,337.5301044774694,7769.0,6780.0,7013.285714285715,307.21524064022714,7769.0,6588.0,7067.642857142857,366.0762229651198,8102.0,6539.0,7065.350293542075,7107.67227011364,7077.212504613417,7053.1887459162535,7221.0,7122.0,1.1175905158603012,6395.0,,,294.0,23.727891156462587,25.3265306122449,1.0127846220704013,90.35714285714312,-0.2503381847653862,1.0216984850475508,16.0,0.0,0.0,0.0,0.0,7315.0,51,-0.12053668025532363,0.992708874098054,3
2025-12-29,20,0,29,5,12,4,2025,363,0,0,0,0,0,1,0.0,1.0,-2.4492935982947064e-16,1.0,-0.034421611622745804,0.9994074007397048,0,0,0,0,0,0,0,0,0,0,0,0,0,0,0,0,0,0,0,0,0,0,0,0,0,0,0,0,0,0,0,0,0,0,0,0,0,0,0,0,0,0,0,3,4,0,0,0,0,0,0,0,0,0,0,0,0,0,0,0,0,0,0,0,0,0,0,0,0,0,0,0,0,0,0,0,0,0,0,0,0,0,0,0,1,0.0,,,,,,,,,,,6872.0,6588.0,6539.0,6707.0,6228.0,6653.0,6761.0,7179.0,6099.0,6872.0,6872.0,6872.0,6588.0,6228.0,6653.0,6761.0,7179.0,7362.333333333333,370.9468365622701,7769.0,6872.0,7153.0,340.43585508663955,7769.0,6780.0,6984.785714285715,327.2090154563568,7769.0,6577.0,7052.142857142857,378.6020068513065,8102.0,6539.0,7154.3228962818,7151.61627125521,7092.819606365409,7058.880360018335,6730.0,6543.5,0.9478620689655173,,,,294.0,23.374149659863946,23.374149659863946,1.0143016307100172,100.85714285714312,-0.4758106240403708,0.9543198622505824,-307.0,0.0,0.0,0.0,0.0,6611.0,1,0.12053668025532305,0.992708874098054,3
2026-01-07,2,2,7,1,1,1,2026,7,0,0,0,0,0,0,0.9749279121818236,-0.22252093395631434,0.49999999999999994,0.8660254037844387,0.1202080448993527,0.9927487224577402,0,0,0,0,0,0,0,0,0,0,0,0,0,0,0,0,0,0,0,0,0,0,0,0,0,0,0,0,0,0,0,0,0,0,0,0,0,0,0,0,0,0,0,41,6,0,0,0,0,0,0,0,0,0,0,0,0,0,0,0,0,0,0,0,0,0,0,0,0,0,0,0,0,0,0,0,0,0,0,0,0,0,0,0,1,0.0,,7185.0,7427.0,8139.0,8575.0,7274.0,6646.0,6611.0,6980.0,7797.0,7241.0,7355.0,6929.0,6675.0,6917.0,6012.0,6707.0,7766.0,5838.0,7274.0,7797.0,7241.0,7355.0,6917.0,6012.0,6707.0,7766.0,7583.666666666667,404.91754990642505,8139.0,7185.0,7408.142857142857,674.0229815012517,8575.0,6611.0,7423.357142857143,516.1790396949572,8575.0,6611.0,7349.821428571428,440.70163648205255,8575.0,6611.0,7441.663405088063,7485.808385222672,7437.525000464866,7359.318992632491,7416.75,7201.25,0.8815950920245399,,,,294.0,24.741496598639454,26.520408163265305,1.0079350810272358,58.32142857142844,-0.1720470774210893,1.0091061493233557,-492.0,0.0,0.0,0.0,0.0,7838.0,2,0.23931566428755774,0.970941817426052,3
2026-01-15,12,3,15,3,1,1,2026,15,0,0,0,0,0,0,0.43388373911755823,-0.900968867902419,0.49999999999999994,0.8660254037844387,0.255353295116187,0.9668478136052775,0,0,0,0,0,0,0,0,0,0,0,0,0,0,0,0,0,0,0,0,0,0,0,0,0,0,0,0,0,0,0,0,0,0,0,0,0,0,0,0,0,0,0,33,14,0,0,0,0,0,0,0,0,0,0,0,0,0,0,0,0,0,0,0,0,0,0,0,0,0,0,0,0,0,0,0,0,0,0,0,0,0,0,0,1,0.0,,,,,,,,,,8575.0,7698.0,7367.0,7217.0,6780.0,6973.0,7640.0,7021.0,7065.0,5748.0,8139.0,8575.0,7698.0,7367.0,6973.0,7640.0,7021.0,7065.0,7996.0,540.6705712970391,8575.0,7274.0,7378.142857142857,687.3550607886995,8575.0,6611.0,7460.142857142857,522.1647054252487,8575.0,6611.0,7371.357142857143,446.29244210220617,8575.0,6611.0,7971.514677103718,7639.620876255242,7484.335283552446,7368.209686500263,7880.0,7382.428571428572,1.2173197726592881,,,,294.0,27.683673469387756,29.166666666666668,1.000920551555732,6.785714285713766,1.7200444926357452,1.0690026066144052,1074.0,0.0,0.0,0.0,0.0,7300.0,3,0.3546048870425356,0.9350162426854148,3
2026-01-23,22,4,23,4,1,1,2026,23,0,1,0,0,0,0,-0.433883739117558,-0.9009688679024191,0.49999999999999994,0.8660254037844387,0.38566340624360707,0.9226395488404876,0,0,0,0,0,0,0,0,0,0,0,0,0,0,0,0,0,0,0,0,0,0,0,0,0,0,0,0,0,0,0,0,0,0,0,0,0,0,0,0,0,0,0,25,22,0,0,0,0,0,0,0,0,0,0,0,0,0,0,0,0,0,0,0,0,0,0,0,0,0,0,0,0,0,0,0,0,0,0,0,0,0,0,0,1,0.0,,,,,,,,,,,,7525.0,7404.0,7575.0,6911.0,7163.0,7392.0,6206.0,6154.0,7274.0,7274.0,7274.0,7525.0,6911.0,7163.0,7392.0,6206.0,6843.666666666667,304.626912067131,7274.0,6611.0,7165.142857142857,396.7944514918195,7698.0,6611.0,7321.357142857143,364.0640852422349,7812.0,6611.0,7278.5,360.9804604921752,7851.0,6611.0,7029.724070450098,7104.204755367419,7199.353798451269,7216.756169168837,7525.0,7349.8,1.0375124803879618,,,,294.0,24.741496598639454,24.741496598639454,0.9844257549141797,-113.35714285714312,-0.012466048699324389,1.0338668681733874,1068.0,0.0,0.0,0.0,0.0,7809.0,4,0.4647231720437685,0.8854560256532099,3
2026-02-01,3,6,1,1,2,1,2026,32,1,0,0,1,1,0,-0.7818314824680299,0.6234898018587334,0.8660254037844386,0.5000000000000001,0.5234156073655503,0.8520775211013093,0,0,0,0,0,0,0,0,0,0,0,0,0,0,0,0,0,0,0,0,0,0,0,0,0,0,0,0,0,0,0,0,0,0,0,0,0,0,0,0,0,0,0,16,31,0,0,0,0,0,0,0,0,0,0,0,0,0,0,0,0,0,0,0,0,0,0,0,0,0,0,0,0,0,0,0,0,0,0,0,2,2,0,1,0,1.0,,,7444.0,7119.0,7011.0,7586.0,7915.0,7809.0,7494.0,7561.0,7581.0,7185.0,6980.0,7315.0,7446.0,6696.0,7391.0,7756.0,5111.0,7586.0,7561.0,7581.0,7185.0,7446.0,6696.0,7391.0,7756.0,7191.333333333333,184.0223416387864,7444.0,7011.0,7482.571428571428,307.15973375560856,7915.0,7011.0,7447.142857142857,298.93736972885836,7915.0,6881.0,7525.214285714285,373.90290538194705,8575.0,6881.0,7337.99217221135,7391.27300318188,7432.519169256521,7437.899595004119,7478.25,7376.125,2.2347643350345243,7727.0,,,294.0,25.802721088435373,25.717687074829932,0.9943333364972996,-42.64285714285688,0.1625708530497275,0.9937590766280979,-170.0,0.0,0.0,0.0,0.0,7599.0,5,0.5680647467311558,0.8229838658936564,3
2026-02-09,13,0,9,2,2,1,2026,40,0,0,0,0,0,0,0.0,1.0,0.8660254037844386,0.5000000000000001,0.6354323008901774,0.7721565844991642,0,0,0,0,0,0,0,0,0,0,0,0,0,0,0,0,0,0,0,0,0,0,0,0,0,0,0,0,0,0,0,0,0,0,0,0,0,0,0,0,0,0,0,8,39,0,0,0,0,0,0,0,0,0,0,0,0,0,0,0,0,0,0,0,0,0,0,0,0,0,0,0,0,0,0,0,0,0,0,0,0,0,0,0,1,0.0,,,,,,,,,,7011.0,6881.0,7155.0,6956.0,6611.0,6645.0,6327.0,7130.0,6525.0,6601.0,7011.0,7011.0,6881.0,7155.0,6645.0,6327.0,7130.0,6525.0,7504.0,373.5835471038127,7915.0,7011.0,7509.857142857143,289.0217137524587,7915.0,7011.0,7465.5,286.0663634293873,7915.0,6881.0,7502.25,403.7436089719741,8575.0,6646.0,7343.630136986301,7459.276972283767,7478.536938968127,7460.797532088487,7015.666666666667,6907.428571428572,1.5321241258741258,,,,289.0,24.259515570934255,24.259515570934255,1.0010139815198298,7.607142857143117,-1.2167375262009414,0.9351416797183068,486.0,0.0,0.0,0.0,0.0,6335.0,7,0.7485107481711011,0.6631226582407953,3
2026-02-17,23,1,17,3,2,1,2026,48,0,0,0,0,0,0,0.7818314824680298,0.6234898018587336,0.8660254037844386,0.5000000000000001,0.7354170229639855,0.6776147890466889,1,0,0,0,0,0,0,0,0,0,0,0,0,0,0,0,1,0,0,0,0,0,0,0,0,0,0,0,0,0,0,0,0,0,0,0,0,0,0,0,0,0,0,0,0,0,1,0,0,0,0,0,0,0,0,0,0,0,0,0,0,0,0,0,0,0,0,0,0,0,0,0,0,0,1,0,0,0,0,0,9,3,0,0,0,0.3333333333333333,,,,,,,,,,,,7234.0,7364.0,7450.0,7555.0,7043.0,6685.0,6926.0,5712.0,7915.0,7915.0,7915.0,7234.0,7555.0,7043.0,6685.0,6926.0,7739.333333333333,178.79286587805703,7915.0,7494.0,7487.714285714285,321.763761737314,7915.0,6881.0,7475.428571428572,271.62939938866134,7915.0,6881.0,7466.321428571428,436.98790875487526,8575.0,6611.0,7769.724070450098,7615.893223526613,7544.751677139335,7486.991829296298,7234.0,7249.8,1.331146989572822,,5335.0,0.7504486538116856,289.0,27.387543252595155,27.387543252595155,1.0028652472770583,21.392857142856883,1.0267528287155745,0.9688840842449667,989.0,7466.321428571428,0.0,0.0,0.0,5271.0,8,0.8229838658936564,0.5680647467311559,3
2026-02-26,5,3,26,4,2,1,2026,57,0,0,0,0,0,0,0.43388373911755823,-0.900968867902419,0.8660254037844386,0.5000000000000001,0.8311706263658079,0.5560174366570446,1,0,0,0,0,0,0,0,0,0,0,0,0,0,0,0,0,0,0,0,0,0,0,0,0,1,0,0,0,0,0,0,0,0,0,0,0,0,0,0,0,0,0,37,9,0,0,0,1,0,0,0,0,0,0,0,0,0,0,0,0,0,0,0,0,0,0,0,0,0,0,0,0,0,0,0,1,0,0,0,0,0,0,0,1,0.0,,,,,7881.0,7980.0,6585.0,5271.0,3518.0,5468.0,7140.0,7280.0,7494.0,7300.0,8575.0,7067.0,6880.0,7477.0,6164.0,7980.0,5468.0,7140.0,7280.0,8575.0,7067.0,6880.0,7477.0,7482.0,635.5611693613763,7980.0,6585.0,5662.142857142857,1703.480087398519,7980.0,3518.0,5972.785714285715,1411.6782402805648,7980.0,3518.0,6665.607142857143,1245.2183784176088,8150.0,3518.0,7339.444227005871,6459.357101430504,6251.5083429157075,6495.966651080216,6967.0,7351.25,1.10486471330436,,7305.0,1.0275590283213427,289.0,27.612456747404845,18.920415224913494,0.8494564314685726,-1003.4642857142862,1.055552086223746,1.045216114703944,503.0,6665.607142857143,0.0,0.0,0.0,7120.0,9,0.8854560256532099,0.4647231720437686,3
2026-03-06,14,4,6,1,3,1,2026,65,0,1,0,0,0,0,-0.433883739117558,-0.9009688679024191,1.0,6.123233995736766e-17,0.8996308696522433,0.43665123195606403,0,0,0,0,0,0,0,0,0,0,0,0,0,0,0,0,0,0,0,0,0,0,0,0,0,0,0,0,0,0,0,0,0,0,0,0,0,0,0,0,0,0,0,29,17,0,0,0,0,0,0,0,0,0,0,0,0,0,0,0,0,0,0,0,0,0,0,0,0,0,0,0,0,0,0,0,0,0,0,0,0,0,0,0,1,0.0,,,,,,,,,,,5134.0,7672.0,7433.0,7809.0,7618.0,7334.0,6805.0,6898.0,7107.0,7980.0,7980.0,5134.0,7672.0,7618.0,7334.0,6805.0,6898.0,6612.0,1106.1093978445351,7980.0,5271.0,5269.714285714285,1443.7311497134988,7980.0,3518.0,5957.857142857143,1392.3932047861674,7980.0,3518.0,6663.035714285715,1242.7778356265007,8150.0,3518.0,6793.450097847358,5985.1201127364,6000.717801774495,6393.193499062142,6403.0,7198.833333333333,1.0490337846720126,,,,289.0,27.612456747404845,27.612456747404845,0.7908878942995737,-1393.3214285714294,1.059694056299601,0.9609733872912926,1082.0,0.0,0.0,0.0,0.0,6804.0,10,0.9350162426854148,0.35460488704253557,3
2026-03-14,24,5,14,2,3,1,2026,73,1,0,1,0,0,0,-0.9749279121818236,-0.2225209339563146,1.0,6.123233995736766e-17,0.9510565162951535,0.30901699437494745,0,0,0,0,0,0,0,0,0,0,0,0,0,0,0,0,0,0,0,0,0,0,0,0,0,0,0,0,0,0,0,0,0,0,0,0,0,0,0,0,0,0,0,21,25,0,0,0,0,0,0,0,0,0,0,0,0,0,0,0,0,0,0,0,0,0,0,0,0,0,0,0,0,0,0,0,0,0,0,0,2,1,1,0,0,0.5,,,,,,,,,,,,4464.0,7962.0,8150.0,7859.0,7851.0,7658.0,6638.0,7520.0,5271.0,5271.0,5271.0,4464.0,7859.0,7851.0,7658.0,6638.0,4241.666666666667,747.5855952479436,5271.0,3518.0,4772.0,750.0493317109215,5613.0,3518.0,5928.714285714285,1340.778261659539,7962.0,3518.0,6679.071428571428,1238.1309914709414,8150.0,3518.0,4621.352250489237,4898.487794900586,5559.772789418425,6252.574113635749,4464.0,7270.0,0.7610453364135142,7262.0,,,289.0,18.238754325259517,18.238754325259517,0.7144705743954998,-1907.0714285714284,-1.1372556201816677,0.6683563797362765,-1367.0,0.0,0.0,0.0,0.0,8041.0,11,0.970941817426052,0.23931566428755804,3
2026-03-23,6,0,23,4,3,1,2026,82,0,0,0,0,0,0,0.0,1.0,1.0,6.123233995736766e-17,0.9873494423939864,0.15855938510313475,0,0,0,0,0,0,0,0,0,0,0,0,0,0,0,0,0,0,0,0,0,0,0,0,0,0,0,0,0,0,0,0,0,0,0,0,0,0,0,0,0,0,0,12,34,0,0,0,0,0,0,0,0,0,0,0,0,0,0,0,0,0,0,0,0,0,0,0,0,0,0,0,0,0,0,0,0,0,0,0,0,0,0,0,1,0.0,,,,,,6605.0,7248.0,8041.0,7478.0,6789.0,6255.0,7073.0,3518.0,6335.0,7011.0,7093.0,6292.0,6837.0,5569.0,6605.0,6789.0,6255.0,7073.0,7011.0,7093.0,6292.0,6837.0,7298.0,587.3096854868534,8041.0,6605.0,7161.0,443.8072297099915,8041.0,6605.0,6870.071428571428,620.7540879890378,8041.0,5808.0,6981.0,684.5785982214585,8041.0,5271.0,7021.154598825831,7109.347187356107,7019.948830296972,6910.1620310134285,6680.5,6306.75,0.9293654143801885,,,,287.0,23.013937282229964,23.65505226480836,1.0257842715943275,180.0,-0.54924299558422,0.9569545910328033,-232.0,0.0,0.0,0.0,0.0,6779.0,13,1.0,-1.6081226496766366e-16,3
2026-03-31,16,1,31,5,3,1,2026,90,0,0,0,0,0,1,0.7818314824680298,0.6234898018587336,1.0,6.123233995736766e-17,0.9997685019798909,0.021516097436222254,0,0,0,0,0,0,0,0,0,0,0,0,0,0,0,0,0,0,0,0,0,0,0,0,0,0,0,0,0,0,0,0,0,0,0,0,0,0,0,0,0,0,0,4,42,0,0,0,0,0,0,0,0,0,0,0,0,0,0,0,0,0,0,0,0,0,0,0,0,0,0,0,0,0,0,0,0,0,0,0,0,0,0,0,1,0.0,,,,,,,,,,,6851.0,5836.0,6813.0,5271.0,6784.0,6646.0,7176.0,5971.0,4590.0,8041.0,8041.0,6851.0,5836.0,6784.0,6646.0,7176.0,5971.0,7504.666666666667,427.4438234694967,8041.0,6995.0,7165.0,414.9151376228294,8041.0,6789.0,6833.857142857143,631.911370044753,8041.0,5808.0,6752.464285714285,1080.8638900085846,8041.0,3518.0,7629.745596868885,7288.138183704716,7058.771233339937,6909.524538653908,6343.5,6292.833333333333,1.2113588430250075,,,,287.0,28.017421602787458,28.017421602787458,1.0610940979219228,412.5357142857147,1.1921350377201338,0.9394348095139871,2070.0,0.0,0.0,0.0,0.0,6022.0,14,0.992708874098054,-0.12053668025532288,3
2026-04-08,25,2,8,2,4,2,2026,98,0,0,0,0,0,0,0.9749279121818236,-0.22252093395631434,0.8660254037844387,-0.4999999999999998,0.9932568492674143,-0.11593459959550041,0,0,0,0,0,0,0,0,0,0,0,0,0,0,0,0,0,0,0,0,0,0,0,0,0,0,0,0,0,0,0,0,0,0,0,0,0,0,0,0,0,0,0,23,3,0,0,0,0,0,0,0,0,0,0,0,0,0,0,0,0,0,0,0,0,0,0,0,0,0,0,0,0,0,0,0,0,0,0,0,0,0,0,0,1,0.0,,,,,,,,,,,,6909.0,5808.0,6644.0,5613.0,7838.0,6012.0,6425.0,7203.0,7478.0,7478.0,7478.0,6909.0,5613.0,7838.0,6012.0,6425.0,7127.333333333333,250.43207107361914,7478.0,6909.0,7105.714285714285,298.9561431217029,7626.0,6789.0,6790.642857142857,565.0287738745014,7626.0,5808.0,6624.714285714285,1131.2327617358374,7988.0,3518.0,7214.690802348337,7037.142126205856,6907.700360069836,6825.669497793509,6909.0,6311.8,1.0516101814090846,,,,287.0,26.05574912891986,26.05574912891986,1.0726069048799949,481.0,0.7542972084510507,1.0429129019041252,1053.0,0.0,0.0,0.0,0.0,6629.0,15,0.9709418174260521,-0.2393156642875575,3
2026-04-17,7,4,17,3,4,2,2026,107,0,1,0,0,0,0,-0.433883739117558,-0.9009688679024191,0.8660254037844387,-0.4999999999999998,0.9634705485641488,-0.2678143051621742,0,0,0,0,0,0,0,0,0,0,0,0,0,0,0,0,0,0,0,0,0,0,0,0,0,0,0,0,0,0,0,0,0,0,0,0,0,0,0,0,0,0,0,14,12,0,0,0,0,0,0,0,0,0,0,0,0,0,0,0,0,0,0,0,0,0,0,0,0,0,0,0,0,0,0,0,0,0,0,0,0,0,0,0,1,0.0,,,,,,,6709.0,6629.0,6310.0,6704.0,6814.0,7336.0,7478.0,6804.0,7881.0,7527.0,7867.0,6806.0,6812.0,6709.0,6704.0,6814.0,7336.0,7881.0,7527.0,7867.0,6806.0,6549.333333333333,172.35686493113317,6709.0,6310.0,6647.142857142857,240.36367004510274,7075.0,6310.0,6644.0,366.4598984102587,7429.0,6022.0,6905.535714285715,445.5987530553578,8041.0,6022.0,6626.434442270059,6607.706168046273,6666.064634568359,6756.310677027221,6951.333333333333,7209.714285714285,1.0497574714442184,,,,287.0,23.37630662020906,23.358885017421603,0.9625817796281451,-258.3928571428578,-0.44105983901013873,1.006632015377587,-97.0,0.0,0.0,0.0,0.0,7299.0,16,0.9350162426854148,-0.35460488704253545,3
2026-04-25,17,5,25,4,4,2,2026,115,1,0,1,0,0,0,-0.9749279121818236,-0.2225209339563146,0.8660254037844387,-0.4999999999999998,0.9175836260593937,-0.39754281428255595,0,0,0,0,0,0,0,0,0,0,0,0,0,0,0,0,0,0,0,0,0,0,0,0,0,0,0,0,0,0,0,0,0,0,0,0,0,0,0,0,0,0,0,6,20,0,0,0,0,0,0,0,0,0,0,0,0,0,0,0,0,0,0,0,0,0,0,0,0,0,0,0,0,0,0,0,0,0,0,0,2,1,1,0,0,0.5,,,,,,,,,,,6754.0,7429.0,7576.0,8041.0,7436.0,7915.0,7740.0,7243.0,7180.0,6310.0,6310.0,6754.0,7429.0,7436.0,7915.0,7740.0,7243.0,6578.0,351.7925525078665,7075.0,6310.0,6550.428571428572,277.56021593410634,7075.0,6286.0,6685.642857142857,383.06855170598703,7429.0,6022.0,6925.75,440.8233874564409,8041.0,6022.0,6455.716242661448,6556.638002969732,6664.330344320788,6769.773562417234,7091.5,7477.0,1.1217777777777778,7590.0,,,287.0,21.986062717770036,21.986062717770036,0.945807828961278,-375.32142857142844,-1.396817903770689,1.023932426091037,-933.0,0.0,0.0,0.0,0.0,7699.0,17,0.8854560256532099,-0.4647231720437685,3
2026-05-03,27,6,3,1,5,2,2026,123,1,0,0,1,1,0,-0.7818314824680299,0.6234898018587334,0.49999999999999994,-0.8660254037844387,0.854322169749827,-0.5197438121555155,0,0,0,0,0,0,1,0,0,0,0,0,0,0,0,0,0,0,0,0,0,0,0,0,0,0,0,0,0,0,0,0,0,0,0,0,1,0,0,0,0,0,0,47,2,0,0,0,0,0,0,0,0,0,0,0,0,0,0,0,0,0,0,0,0,1,0,0,0,0,0,0,0,0,0,0,0,0,0,1,5,3,0,0,0,0.6,,,,,,,,,,,,7075.0,7101.0,6941.0,7092.0,7599.0,6696.0,8042.0,6202.0,7075.0,7075.0,7075.0,7075.0,7092.0,7599.0,6696.0,8042.0,6844.333333333333,164.37828999664833,7075.0,6704.0,6525.0,321.5960198758685,7075.0,6022.0,6759.642857142857,357.07754402787583,7429.0,6022.0,6960.785714285715,410.5413114016017,8041.0,6022.0,6859.074363992172,6736.421192542952,6776.2351507759095,6837.87786307497,7075.0,7091.4,0.9860627177700348,7302.0,,,289.0,24.480968858131487,24.480968858131487,0.9373941775866845,-435.7857142857147,0.2782041235371757,1.016408246195524,-967.0,0.0,0.0,6960.785714285715,0.0,7780.0,18,0.8229838658936565,-0.5680647467311557,3
2026-05-12,8,1,12,2,5,2,2026,132,0,0,0,0,0,0,0.7818314824680298,0.6234898018587336,0.49999999999999994,-0.8660254037844387,0.7638886127905428,-0.6453481132295501,0,0,0,0,0,0,0,0,0,0,0,0,0,0,0,0,0,0,0,0,0,0,0,0,0,0,0,0,0,0,0,0,0,0,0,0,0,0,0,0,0,0,0,38,11,0,0,0,0,0,0,0,0,0,0,0,0,0,0,0,0,0,0,0,0,0,0,0,0,0,0,0,0,0,0,0,0,0,0,0,0,0,0,0,1,0.0,,,,,,,,7780.0,8249.0,6576.0,7027.0,7135.0,6310.0,6022.0,7018.0,6202.0,6542.0,6179.0,6275.0,7780.0,6576.0,7027.0,7135.0,7018.0,6202.0,6542.0,6179.0,8227.333333333334,356.72990093658,8653.0,7780.0,7279.0,892.1777529490089,8653.0,6179.0,7205.857142857143,664.4696980237975,8653.0,6179.0,7126.142857142857,577.5481250378135,8653.0,6179.0,7886.71819960861,7591.435593784689,7363.871803218145,7196.350322125581,6912.666666666667,6714.857142857143,0.9674210395424024,,,,289.0,26.920415224913494,22.75432525951557,1.0214501934526794,152.85714285714312,1.1321258168993855,0.9700432345020682,1601.0,0.0,0.0,0.0,0.0,6903.0,20,0.6631226582407952,-0.7485107481711012,3
2026-05-20,18,2,20,3,5,2,2026,140,0,0,0,0,0,0,0.9749279121818236,-0.22252093395631434,0.49999999999999994,-0.8660254037844387,0.6680638642135335,-0.7441039398713607,0,0,0,0,0,0,0,0,0,0,0,0,0,0,0,0,0,0,0,0,0,0,0,0,0,0,0,0,0,0,0,0,0,0,0,0,0,0,0,0,0,0,0,30,19,0,0,0,0,0,0,0,0,0,0,0,0,0,0,0,0,0,0,0,0,0,0,0,0,0,0,0,0,0,0,0,0,0,0,0,0,0,0,0,1,0.0,,,,,,,,,,,6408.0,7141.0,7167.0,6629.0,6997.0,6585.0,7422.0,6681.0,6612.0,8653.0,8653.0,6408.0,7141.0,6997.0,6585.0,7422.0,6681.0,7389.666666666667,937.9084295506796,8653.0,6408.0,7072.0,794.1597536300327,8653.0,6179.0,7156.071428571428,616.602611584029,8653.0,6179.0,7047.571428571428,521.6609071425769,8653.0,6179.0,7733.209393346379,7287.39259053396,7153.208354190818,7071.787232337661,6774.5,6771.333333333333,1.0364115462929693,,,,289.0,29.941176470588236,29.941176470588236,1.0034662396367544,24.42857142857156,3.0775328368429697,0.961253116575112,1972.0,0.0,0.0,0.0,0.0,6769.0,21,0.5680647467311558,-0.8229838658936564,3
2026-05-28,28,3,28,4,5,2,2026,148,0,0,0,0,0,1,0.43388373911755823,-0.900968867902419,0.49999999999999994,-0.8660254037844387,0.5595892624101765,-0.8287700871745038,0,0,0,0,0,0,0,0,0,0,0,0,0,0,0,0,0,0,0,0,0,0,0,0,0,0,0,0,0,0,0,0,0,0,0,0,0,0,0,0,0,0,0,22,27,0,0,0,0,0,0,0,0,0,0,0,0,0,0,0,0,0,0,0,0,0,0,0,0,0,0,0,0,0,0,0,0,0,0,0,0,0,0,0,1,0.0,,,,,,,,,,,,,7310.0,7122.0,6375.0,7120.0,7067.0,6669.0,6211.0,6408.0,6408.0,6408.0,6408.0,6375.0,7120.0,7067.0,6669.0,6387.666666666667,162.71105951621385,6576.0,6179.0,6873.0,491.8774527983861,7699.0,6179.0,7060.357142857143,460.82296060462113,7958.0,6179.0,6951.785714285715,437.20241774449585,7958.0,6179.0,6512.761252446184,6738.23364934578,6893.404733853816,6943.1142938734,,6879.0,1.0735466577316133,,,,289.0,22.173010380622838,22.173010380622838,0.988666837914205,-78.78571428571468,-1.2437847830098387,,-261.0,0.0,0.0,0.0,0.0,6993.0,22,0.46472317204376906,-0.8854560256532096,3
